well_id,timestamp,depth,rop,wob,rpm,torque,spp,ecd,flow_rate,pit_volume
WELL-001,2026-01-01T00:00:00,1798.95,12.09,11.3,102.52,18.9,1773.38,1.222,444.82,100.64
WELL-001,2026-01-01T00:20:00,1813.45,18.42,13.43,111.18,15.47,1706.97,1.231,438.74,99.14
WELL-001,2026-01-01T00:40:00,1826.13,18.86,11.02,126.08,21.04,1838.64,1.21,434.77,101.3
WELL-001,2026-01-01T01:00:00,1843.45,17.28,13.69,109.24,22.5,1815.47,1.207,475.17,101.64
WELL-001,2026-01-01T01:20:00,1854.16,22.39,11.26,109.05,19.0,1818.7,1.179,457.46,99.03
WELL-001,2026-01-01T01:40:00,1871.71,21.15,12.05,96.63,15.78,1746.86,1.211,438.94,102.35
WELL-001,2026-01-01T02:00:00,1883.28,25.56,11.72,111.74,18.29,1553.88,1.176,446.76,97.84
WELL-001,2026-01-01T02:20:00,1899.05,23.6,12.85,95.12,17.45,1855.85,1.248,448.96,102.01
WELL-001,2026-01-01T02:40:00,1912.59,17.51,9.42,120.44,20.52,1776.9,1.154,420.5,102.98
WELL-001,2026-01-01T03:00:00,1924.88,20.83,11.36,96.61,17.02,1804.93,1.176,442.79,100.98
WELL-001,2026-01-01T03:20:00,1938.85,17.25,9.61,95.82,16.85,1820.37,1.2,484.01,99.97
WELL-001,2026-01-01T03:40:00,1955.8,21.13,11.1,98.27,13.94,1660.38,1.215,454.49,98.86
WELL-001,2026-01-01T04:00:00,1967.6,21.96,15.09,102.36,12.23,1755.96,1.181,462.7,98.45
WELL-001,2026-01-01T04:20:00,1983.89,19.5,13.74,104.91,15.5,1908.69,1.163,460.31,99.03
WELL-001,2026-01-01T04:40:00,1995.51,20.86,10.5,104.56,16.3,1953.6,1.179,433.85,100.22
WELL-001,2026-01-01T05:00:00,2011.33,24.87,12.35,125.45,17.17,2012.12,1.206,465.96,103.07
WELL-001,2026-01-01T05:20:00,2024.97,21.27,11.8,119.4,17.27,1870.37,1.252,450.7,97.25
WELL-001,2026-01-01T05:40:00,2038.5,16.49,12.21,107.51,15.75,1747.27,1.23,447.75,100.22
WELL-001,2026-01-01T06:00:00,2050.1,20.19,11.24,109.53,17.59,1634.8,1.185,430.08,97.44
WELL-001,2026-01-01T06:20:00,2065.3,18.1,11.19,109.39,17.09,1778.19,1.186,456.4,99.39
WELL-001,2026-01-01T06:40:00,2078.62,18.12,9.66,94.67,17.22,1855.38,1.202,446.93,100.89
WELL-001,2026-01-01T07:00:00,2093.16,16.54,12.9,112.08,14.7,1896.13,1.19,415.92,99.99
WELL-001,2026-01-01T07:20:00,2107.87,21.04,14.1,115.08,18.56,1665.68,1.214,440.85,100.06
WELL-001,2026-01-01T07:40:00,2121.5,18.47,11.26,94.73,17.59,1685.7,1.135,456.82,99.06
WELL-001,2026-01-01T08:00:00,2134.72,23.05,10.79,119.07,17.24,1734.59,1.169,460.21,103.55
WELL-001,2026-01-01T08:20:00,2148.15,26.27,14.17,109.78,17.17,2070.89,1.219,480.4,104.02
WELL-001,2026-01-01T08:40:00,2162.79,26.49,11.46,110.88,18.29,1815.54,1.203,451.85,98.54
WELL-001,2026-01-01T09:00:00,2176.4,16.13,11.41,112.74,17.56,1857.27,1.208,437.62,99.56
WELL-001,2026-01-01T09:20:00,2193.76,18.27,10.78,116.32,16.82,1759.18,1.184,494.47,100.83
WELL-001,2026-01-01T09:40:00,2204.95,24.96,12.75,110.8,16.93,1760.83,1.158,451.61,99.31
WELL-001,2026-01-01T10:00:00,2219.58,21.43,11.15,118.18,14.6,1698.15,1.168,465.61,98.64
WELL-001,2026-01-01T10:20:00,2233.62,19.42,11.59,103.94,17.92,1785.85,1.19,443.13,102.95
WELL-001,2026-01-01T10:40:00,2248.78,25.68,9.81,115.86,19.73,1805.91,1.23,429.55,99.85
WELL-001,2026-01-01T11:00:00,2263.6,16.93,10.87,96.48,13.79,1593.75,1.214,457.0,97.34
WELL-001,2026-01-01T11:20:00,2276.51,25.53,13.11,113.31,15.73,1799.38,1.229,433.17,101.31
WELL-001,2026-01-01T11:40:00,2291.42,22.56,11.03,113.56,17.89,1899.22,1.211,453.51,100.24
WELL-001,2026-01-01T12:00:00,2304.29,20.72,12.18,110.97,18.72,1675.19,1.21,470.97,101.77
WELL-001,2026-01-01T12:20:00,2316.7,24.06,11.93,112.53,15.1,1821.36,1.209,489.11,99.14
WELL-001,2026-01-01T12:40:00,2333.09,22.25,12.38,125.07,18.65,1781.92,1.194,450.86,97.64
WELL-001,2026-01-01T13:00:00,2345.71,21.93,11.86,105.87,16.08,1737.83,1.207,400.82,101.31
WELL-001,2026-01-01T13:20:00,2360.44,16.72,13.07,124.32,16.58,1846.14,1.228,480.28,101.51
WELL-001,2026-01-01T13:40:00,2373.18,27.57,10.23,111.89,16.47,1810.25,1.255,459.51,97.93
WELL-001,2026-01-01T14:00:00,2389.44,21.52,11.18,118.62,19.92,1903.61,1.179,431.1,97.73
WELL-001,2026-01-01T14:20:00,2400.42,23.16,10.46,108.02,15.75,1721.03,1.195,490.45,97.49
WELL-001,2026-01-01T14:40:00,2415.27,14.38,12.2,109.72,17.68,1704.45,1.195,485.45,100.93
WELL-001,2026-01-01T15:00:00,2428.04,19.32,12.08,102.85,18.59,1993.25,1.208,467.31,99.26
WELL-001,2026-01-01T15:20:00,2444.18,17.54,11.65,112.07,17.39,1688.58,1.172,453.02,101.62
WELL-001,2026-01-01T15:40:00,2458.76,18.96,11.57,102.14,15.33,1636.5,1.205,440.44,97.73
WELL-001,2026-01-01T16:00:00,2473.53,22.65,10.42,118.3,14.42,1717.33,1.191,429.34,101.25
WELL-001,2026-01-01T16:20:00,2485.81,26.09,10.48,103.27,15.57,1880.01,1.205,435.42,97.62
WELL-001,2026-01-01T16:40:00,2498.14,17.14,10.47,120.3,17.2,1786.26,1.205,445.79,99.29
WELL-001,2026-01-01T17:00:00,2513.42,24.56,11.31,111.85,12.56,1985.94,1.209,440.86,99.44
WELL-001,2026-01-01T17:20:00,2526.72,22.69,12.6,106.21,18.22,1883.81,1.164,463.1,100.7
WELL-001,2026-01-01T17:40:00,2541.81,18.41,8.9,109.23,15.65,1659.58,1.201,433.1,99.54
WELL-001,2026-01-01T18:00:00,2555.06,17.86,12.85,103.87,16.44,1827.49,1.184,469.06,97.24
WELL-001,2026-01-01T18:20:00,2569.16,23.02,11.06,109.65,18.53,1743.68,1.23,450.14,95.85
WELL-001,2026-01-01T18:40:00,2583.28,23.81,11.28,112.02,17.42,1675.48,1.191,453.17,98.52
WELL-001,2026-01-01T19:00:00,2597.63,23.73,10.66,103.73,18.22,1878.09,1.18,474.42,100.03
WELL-001,2026-01-01T19:20:00,2610.2,23.89,15.37,121.85,19.26,2033.67,1.138,438.85,98.26
WELL-001,2026-01-01T19:40:00,2627.87,18.7,12.51,125.62,18.21,1906.92,1.155,425.43,98.67
WELL-001,2026-01-01T20:00:00,2639.35,22.94,12.75,115.31,17.56,1659.17,1.209,447.77,97.92
WELL-001,2026-01-01T20:20:00,2655.9,22.44,12.43,101.5,17.47,1901.15,1.208,430.28,99.96
WELL-001,2026-01-01T20:40:00,2668.28,19.51,13.56,108.49,18.96,1643.54,1.205,475.38,100.18
WELL-001,2026-01-01T21:00:00,2680.82,20.12,10.2,123.06,18.92,1842.62,1.242,439.96,99.62
WELL-001,2026-01-01T21:20:00,2695.74,23.72,9.96,111.62,16.42,1893.93,1.183,432.85,98.59
WELL-001,2026-01-01T21:40:00,2710.7,24.6,10.42,107.64,18.75,1816.85,1.188,424.59,99.68
WELL-001,2026-01-01T22:00:00,2722.08,23.09,15.15,114.05,16.59,1813.25,1.187,467.95,98.1
WELL-001,2026-01-01T22:20:00,2739.02,22.77,12.13,111.72,19.81,1904.7,1.23,466.4,101.91
WELL-001,2026-01-01T22:40:00,2750.11,23.35,13.42,121.86,14.96,1861.11,1.205,431.44,99.03
WELL-001,2026-01-01T23:00:00,2766.33,20.02,12.86,109.11,16.35,1887.92,1.238,500.17,101.14
WELL-001,2026-01-01T23:20:00,2778.22,23.57,11.76,97.67,18.88,1650.68,1.204,431.37,98.09
WELL-001,2026-01-01T23:40:00,2792.85,19.05,12.68,126.99,19.59,1772.1,1.201,457.56,101.51
WELL-001,2026-01-02T00:00:00,2806.95,22.95,10.41,119.78,16.86,1918.93,1.229,463.32,101.24
WELL-001,2026-01-02T00:20:00,2823.44,21.82,14.35,120.75,17.38,1805.85,1.193,438.1,101.32
WELL-001,2026-01-02T00:40:00,2837.41,23.44,14.79,112.84,18.67,1903.25,1.181,439.17,101.39
WELL-001,2026-01-02T01:00:00,2848.04,25.62,12.3,95.54,15.16,1806.05,1.208,462.6,100.93
WELL-001,2026-01-02T01:20:00,2863.53,23.66,12.14,96.44,15.13,1831.92,1.187,425.99,98.61
WELL-001,2026-01-02T01:40:00,2879.41,21.73,9.16,116.16,17.15,1896.78,1.161,475.78,100.36
WELL-001,2026-01-02T02:00:00,2890.72,24.34,12.29,111.35,18.13,1908.95,1.189,449.49,100.79
WELL-001,2026-01-02T02:20:00,2904.03,19.61,10.87,98.91,19.31,1769.1,1.218,461.16,101.14
WELL-001,2026-01-02T02:40:00,2919.74,17.31,12.96,100.74,18.3,1763.75,1.158,460.51,102.71
WELL-001,2026-01-02T03:00:00,2932.86,18.15,11.96,104.89,17.76,1725.95,1.156,479.61,99.42
WELL-001,2026-01-02T03:20:00,2948.93,17.61,10.12,116.13,16.27,1973.76,1.218,452.16,97.95
WELL-001,2026-01-02T03:40:00,2963.61,20.0,12.5,105.84,17.35,1687.02,1.201,419.45,104.56
WELL-001,2026-01-02T04:00:00,2974.83,23.87,13.08,105.52,15.92,1761.75,1.162,429.67,101.04
WELL-001,2026-01-02T04:20:00,2990.34,20.15,12.11,118.01,14.96,1807.81,1.208,462.69,100.21
WELL-001,2026-01-02T04:40:00,3003.34,23.32,13.25,106.26,11.52,1866.2,1.211,438.18,100.17
WELL-001,2026-01-02T05:00:00,3017.56,17.16,12.27,114.02,15.89,1924.76,1.175,411.52,100.1
WELL-001,2026-01-02T05:20:00,3033.68,25.59,11.32,107.51,17.94,1801.55,1.185,451.61,100.62
WELL-001,2026-01-02T05:40:00,3045.22,21.56,9.58,117.05,21.27,1908.19,1.222,447.09,104.64
WELL-001,2026-01-02T06:00:00,3059.39,19.74,11.58,112.65,14.4,1707.73,1.162,459.24,98.87
WELL-001,2026-01-02T06:20:00,3072.99,20.25,9.86,109.9,13.8,1828.63,1.227,432.5,100.63
WELL-001,2026-01-02T06:40:00,3087.33,19.2,11.86,104.88,20.19,1813.08,1.194,430.24,98.04
WELL-001,2026-01-02T07:00:00,3103.28,17.43,13.28,119.58,16.89,1864.14,1.224,415.02,100.61
WELL-001,2026-01-02T07:20:00,3114.6,19.15,13.57,102.86,15.43,1990.0,1.171,441.3,100.08
WELL-001,2026-01-02T07:40:00,3128.28,19.5,13.12,117.8,15.68,1801.95,1.214,447.46,99.78
WELL-001,2026-01-02T08:00:00,3144.75,23.26,11.26,119.67,16.28,1725.33,1.199,436.08,98.04
WELL-001,2026-01-02T08:20:00,3158.14,19.1,11.49,132.41,19.51,1692.87,1.208,470.01,98.92
WELL-001,2026-01-02T08:40:00,3172.54,23.89,11.94,114.25,17.1,1872.86,1.213,445.89,100.09
WELL-001,2026-01-02T09:00:00,3187.35,20.46,11.43,116.62,16.79,1759.62,1.18,440.5,102.68
WELL-001,2026-01-02T09:20:00,3200.05,22.74,11.05,105.45,15.39,1823.87,1.205,443.47,100.44
WELL-001,2026-01-02T09:40:00,3214.24,16.44,12.75,108.57,14.75,1815.32,1.194,440.55,102.38
WELL-001,2026-01-02T10:00:00,3228.76,19.61,11.34,106.89,14.96,1960.78,1.228,469.75,100.8
WELL-001,2026-01-02T10:20:00,3242.62,19.47,13.66,112.51,18.68,1874.0,1.203,469.22,99.58
WELL-001,2026-01-02T10:40:00,3254.36,16.76,12.1,90.3,15.41,1848.85,1.251,456.16,101.27
WELL-001,2026-01-02T11:00:00,3270.62,23.26,13.58,112.16,20.58,1797.99,1.191,413.98,101.91
WELL-001,2026-01-02T11:20:00,3285.86,14.29,12.61,102.36,18.85,1632.86,1.219,461.09,101.57
WELL-001,2026-01-02T11:40:00,3299.69,24.29,9.81,104.82,16.86,1548.86,1.181,460.79,100.48
WELL-001,2026-01-02T12:00:00,3310.08,19.71,14.46,95.53,16.87,2018.89,1.179,445.43,99.15
WELL-001,2026-01-02T12:20:00,3325.59,23.92,8.45,96.24,19.77,1600.5,1.195,445.74,102.17
WELL-001,2026-01-02T12:40:00,3340.45,23.68,10.66,117.72,16.46,1793.2,1.206,483.43,100.36
WELL-001,2026-01-02T13:00:00,3355.65,20.08,11.73,109.11,17.74,1641.92,1.209,438.06,98.89
WELL-001,2026-01-02T13:20:00,3369.56,16.85,12.1,106.3,15.47,1896.66,1.213,446.94,103.82
WELL-001,2026-01-02T13:40:00,3380.4,18.75,13.47,112.57,18.39,1629.08,1.155,397.85,100.32
WELL-001,2026-01-02T14:00:00,3394.32,14.9,14.29,115.47,26.89,1626.59,1.287,447.88,96.56
WELL-001,2026-01-02T14:20:00,3410.54,11.53,12.64,105.88,26.95,1856.2,1.278,461.44,91.44
WELL-001,2026-01-02T14:40:00,3423.99,14.3,12.82,96.57,25.64,1634.98,1.276,433.61,94.42
WELL-001,2026-01-02T15:00:00,3438.1,10.52,13.47,110.99,26.88,1700.43,1.307,441.39,92.8
WELL-001,2026-01-02T15:20:00,3450.55,14.77,17.16,116.11,21.02,1746.64,1.282,485.78,95.0
WELL-001,2026-01-02T15:40:00,3466.21,13.25,10.93,95.08,27.33,1764.7,1.275,457.25,95.92
WELL-002,2026-01-01T00:00:00,1798.86,16.86,11.26,103.79,15.95,1976.05,1.202,443.0,99.11
WELL-002,2026-01-01T00:20:00,1812.55,20.29,12.9,117.24,16.92,1495.08,1.176,435.55,98.09
WELL-002,2026-01-01T00:40:00,1829.69,22.23,15.07,107.98,18.56,1969.99,1.256,425.49,100.63
WELL-002,2026-01-01T01:00:00,1840.78,21.59,12.06,102.96,15.73,1807.12,1.141,467.89,101.42
WELL-002,2026-01-01T01:20:00,1855.71,16.5,13.53,115.3,18.96,1757.46,1.194,445.07,100.28
WELL-002,2026-01-01T01:40:00,1868.47,18.31,11.19,97.52,18.6,1836.48,1.17,426.99,100.95
WELL-002,2026-01-01T02:00:00,1883.89,23.2,11.72,105.85,15.45,1795.86,1.194,444.9,97.42
WELL-002,2026-01-01T02:20:00,1898.0,23.82,11.96,103.74,14.91,1684.28,1.2,458.74,100.12
WELL-002,2026-01-01T02:40:00,1911.44,23.42,13.92,112.02,16.14,1933.57,1.194,442.19,100.04
WELL-002,2026-01-01T03:00:00,1924.66,17.48,11.31,102.1,19.97,1851.78,1.179,424.57,99.8
WELL-002,2026-01-01T03:20:00,1939.37,20.27,13.59,114.7,13.55,1784.19,1.189,426.41,99.91
WELL-002,2026-01-01T03:40:00,1953.36,25.1,13.79,100.34,14.87,1983.79,1.191,482.77,101.47
WELL-002,2026-01-01T04:00:00,1967.59,23.77,11.36,111.63,16.0,1617.24,1.204,452.15,99.54
WELL-002,2026-01-01T04:20:00,1980.68,19.22,13.25,117.37,14.47,1709.0,1.222,460.72,100.76
WELL-002,2026-01-01T04:40:00,1997.2,16.84,12.18,100.68,19.8,1779.46,1.177,466.86,100.82
WELL-002,2026-01-01T05:00:00,2010.2,23.93,11.99,116.73,17.41,1958.07,1.12,434.12,101.38
WELL-002,2026-01-01T05:20:00,2025.17,23.15,13.58,94.74,18.73,1823.72,1.19,454.44,99.58
WELL-002,2026-01-01T05:40:00,2036.55,17.86,12.6,99.93,16.25,1824.87,1.193,467.26,99.19
WELL-002,2026-01-01T06:00:00,2051.33,23.77,13.03,95.71,17.0,1838.72,1.191,423.25,100.7
WELL-002,2026-01-01T06:20:00,2066.4,19.62,10.57,118.43,14.76,1870.41,1.179,462.61,97.7
WELL-002,2026-01-01T06:40:00,2079.12,12.68,11.99,93.2,17.57,1830.64,1.194,415.34,101.63
WELL-002,2026-01-01T07:00:00,2092.67,20.1,14.57,120.5,15.41,1758.14,1.189,451.54,102.13
WELL-002,2026-01-01T07:20:00,2107.77,21.36,12.45,106.1,14.57,1771.74,1.207,429.06,100.62
WELL-002,2026-01-01T07:40:00,2121.96,23.13,11.95,114.74,21.59,1835.18,1.218,453.83,100.71
WELL-002,2026-01-01T08:00:00,2136.22,22.69,12.24,118.37,17.77,1652.83,1.211,459.31,102.06
WELL-002,2026-01-01T08:20:00,2151.36,24.0,14.52,110.2,17.7,1650.02,1.197,391.1,99.78
WELL-002,2026-01-01T08:40:00,2163.86,17.44,12.5,116.22,15.28,1761.65,1.195,424.29,103.02
WELL-002,2026-01-01T09:00:00,2179.2,20.77,13.11,104.41,18.94,1671.87,1.171,444.68,100.75
WELL-002,2026-01-01T09:20:00,2190.92,28.56,13.03,106.84,16.11,1837.78,1.192,445.73,101.17
WELL-002,2026-01-01T09:40:00,2207.24,22.9,13.71,116.1,16.93,1897.73,1.158,437.32,99.76
WELL-002,2026-01-01T10:00:00,2219.67,19.43,12.2,115.56,16.71,1866.15,1.204,444.85,101.25
WELL-002,2026-01-01T10:20:00,2233.95,21.39,11.67,103.59,16.47,1759.49,1.199,441.66,99.91
WELL-002,2026-01-01T10:40:00,2247.99,22.86,10.3,113.7,21.59,1915.12,1.244,486.21,97.64
WELL-002,2026-01-01T11:00:00,2262.48,18.71,8.7,123.12,13.67,1716.05,1.214,429.39,99.76
WELL-002,2026-01-01T11:20:00,2276.36,21.38,14.1,106.08,16.91,1745.48,1.215,426.53,100.12
WELL-002,2026-01-01T11:40:00,2290.71,22.58,13.03,103.09,15.75,1816.51,1.211,429.45,101.85
WELL-002,2026-01-01T12:00:00,2304.11,23.99,14.02,117.02,19.12,1832.03,1.195,475.18,96.96
WELL-002,2026-01-01T12:20:00,2319.24,21.67,8.93,101.15,15.97,1845.56,1.194,463.62,100.94
WELL-002,2026-01-01T12:40:00,2333.4,21.93,11.37,111.26,17.04,1726.29,1.197,523.79,102.34
WELL-002,2026-01-01T13:00:00,2345.72,22.17,12.78,113.8,15.56,1706.23,1.174,431.74,98.99
WELL-002,2026-01-01T13:20:00,2361.54,18.59,15.26,107.62,11.47,1807.12,1.181,450.49,98.62
WELL-002,2026-01-01T13:40:00,2372.1,17.94,12.85,102.88,13.94,1813.66,1.204,447.63,98.67
WELL-002,2026-01-01T14:00:00,2387.16,24.31,10.83,119.51,16.18,1930.09,1.174,482.05,99.44
WELL-002,2026-01-01T14:20:00,2402.26,17.59,12.08,111.19,14.56,1777.37,1.205,448.68,100.24
WELL-002,2026-01-01T14:40:00,2417.51,27.84,13.0,100.15,16.94,1887.15,1.233,452.23,100.31
WELL-002,2026-01-01T15:00:00,2428.48,17.21,12.2,104.66,17.56,1763.49,1.182,422.11,102.04
WELL-002,2026-01-01T15:20:00,2442.42,18.73,13.28,108.95,15.78,1885.98,1.206,453.93,100.87
WELL-002,2026-01-01T15:40:00,2459.77,19.71,11.11,116.97,13.5,1618.37,1.187,446.74,98.81
WELL-002,2026-01-01T16:00:00,2470.45,23.77,10.49,109.81,18.36,1896.37,1.221,454.54,101.84
WELL-002,2026-01-01T16:20:00,2487.33,20.78,12.8,106.9,18.43,1813.03,1.207,430.57,98.88
WELL-002,2026-01-01T16:40:00,2498.46,18.24,11.82,108.36,12.53,1869.02,1.235,431.88,99.76
WELL-002,2026-01-01T17:00:00,2512.54,19.1,11.77,106.66,16.14,1832.35,1.235,452.68,97.64
WELL-002,2026-01-01T17:20:00,2529.18,19.47,11.65,115.47,17.54,1707.5,1.181,423.12,102.04
WELL-002,2026-01-01T17:40:00,2540.4,24.38,12.18,109.28,15.5,1824.25,1.219,441.33,98.57
WELL-002,2026-01-01T18:00:00,2555.52,20.33,10.12,99.07,14.5,1724.21,1.223,481.55,101.08
WELL-002,2026-01-01T18:20:00,2570.59,19.63,13.33,102.17,18.05,1815.77,1.151,440.12,95.93
WELL-002,2026-01-01T18:40:00,2585.51,25.39,11.95,108.77,15.22,1747.91,1.167,457.15,100.18
WELL-002,2026-01-01T19:00:00,2599.18,24.02,13.85,99.49,14.63,1939.21,1.207,461.88,99.99
WELL-002,2026-01-01T19:20:00,2611.13,23.54,13.91,113.82,16.51,1963.39,1.215,434.77,99.1
WELL-002,2026-01-01T19:40:00,2626.62,16.82,13.03,111.3,19.28,1734.02,1.2,465.75,100.49
WELL-002,2026-01-01T20:00:00,2639.01,18.71,9.64,105.13,19.55,1711.98,1.21,463.79,97.33
WELL-002,2026-01-01T20:20:00,2654.01,23.69,10.14,104.57,20.22,1784.68,1.201,443.06,97.88
WELL-002,2026-01-01T20:40:00,2666.69,25.27,14.15,104.49,16.65,1602.8,1.193,425.61,98.39
WELL-002,2026-01-01T21:00:00,2680.5,17.85,13.38,115.62,15.56,1862.54,1.256,435.55,99.49
WELL-002,2026-01-01T21:20:00,2696.47,25.5,12.14,112.12,18.5,1832.51,1.187,460.46,102.73
WELL-002,2026-01-01T21:40:00,2710.6,20.44,13.33,102.1,17.92,1806.83,1.188,445.76,98.69
WELL-002,2026-01-01T22:00:00,2725.61,17.28,12.87,113.71,15.68,1816.99,1.151,425.15,98.97
WELL-002,2026-01-01T22:20:00,2737.06,20.36,11.99,87.56,13.34,1959.37,1.19,468.19,100.05
WELL-002,2026-01-01T22:40:00,2752.55,22.44,12.09,109.84,19.2,1861.61,1.185,426.43,99.96
WELL-002,2026-01-01T23:00:00,2766.89,21.73,12.72,98.73,19.14,1814.1,1.191,449.08,101.09
WELL-002,2026-01-01T23:20:00,2781.84,19.96,13.36,108.59,15.96,1626.17,1.243,463.02,102.1
WELL-002,2026-01-01T23:40:00,2792.46,27.31,11.09,120.48,20.13,1893.66,1.163,442.06,97.92
WELL-002,2026-01-02T00:00:00,2807.88,19.58,10.37,115.46,16.26,1901.51,1.177,472.13,100.29
WELL-002,2026-01-02T00:20:00,2820.74,22.07,10.25,97.5,19.71,1702.09,1.17,449.77,99.95
WELL-002,2026-01-02T00:40:00,2837.02,27.58,12.77,107.26,16.31,1655.85,1.194,418.56,100.14
WELL-002,2026-01-02T01:00:00,2851.96,24.04,11.45,110.77,17.61,1841.22,1.258,477.67,96.67
WELL-002,2026-01-02T01:20:00,2864.22,24.01,11.02,109.71,14.16,1804.12,1.152,452.39,101.9
WELL-002,2026-01-02T01:40:00,2877.67,15.4,11.34,103.63,15.42,1683.31,1.165,471.42,100.24
WELL-002,2026-01-02T02:00:00,2893.32,26.66,10.53,113.81,15.98,1761.54,1.15,412.64,103.5
WELL-002,2026-01-02T02:20:00,2907.8,19.6,9.7,113.25,16.64,1919.12,1.198,453.66,101.28
WELL-002,2026-01-02T02:40:00,2918.45,23.9,12.9,116.76,13.34,1761.89,1.212,422.33,100.81
WELL-002,2026-01-02T03:00:00,2934.43,20.24,11.71,101.53,16.78,1881.88,1.207,437.06,99.86
WELL-002,2026-01-02T03:20:00,2948.73,18.79,10.92,112.54,20.25,1784.17,1.154,451.6,98.9
WELL-002,2026-01-02T03:40:00,2961.75,20.67,10.77,103.84,21.22,1691.9,1.17,442.71,99.88
WELL-002,2026-01-02T04:00:00,2976.15,20.51,11.44,94.46,15.59,1757.55,1.218,427.13,102.99
WELL-002,2026-01-02T04:20:00,2988.92,19.16,11.84,110.99,13.93,1608.91,1.147,463.82,101.17
WELL-002,2026-01-02T04:40:00,3002.83,18.77,10.1,125.82,17.76,1623.92,1.201,423.5,98.64
WELL-002,2026-01-02T05:00:00,3017.03,23.61,15.39,116.21,15.04,1788.5,1.219,460.12,99.83
WELL-002,2026-01-02T05:20:00,3030.65,22.46,9.87,103.78,16.66,1673.54,1.177,451.15,99.66
WELL-002,2026-01-02T05:40:00,3046.92,17.45,10.08,123.61,15.47,1878.57,1.185,429.92,100.15
WELL-002,2026-01-02T06:00:00,3058.24,24.26,12.84,110.13,16.09,1781.59,1.233,436.02,100.79
WELL-002,2026-01-02T06:20:00,3072.83,20.0,11.18,119.0,17.3,1864.8,1.193,457.09,98.08
WELL-002,2026-01-02T06:40:00,3086.19,20.7,10.68,114.71,20.2,1679.08,1.199,430.05,99.38
WELL-002,2026-01-02T07:00:00,3103.35,19.54,9.72,115.5,18.57,2001.78,1.179,465.36,101.46
WELL-002,2026-01-02T07:20:00,3115.75,17.26,13.8,103.22,16.08,1682.01,1.193,416.6,100.05
WELL-002,2026-01-02T07:40:00,3130.09,22.04,12.6,104.1,14.3,1883.85,1.22,445.11,100.94
WELL-002,2026-01-02T08:00:00,3143.63,16.87,10.45,114.68,15.82,1577.94,1.201,453.92,101.12
WELL-002,2026-01-02T08:20:00,3156.06,18.32,13.08,109.16,18.4,1855.45,1.202,456.21,97.95
WELL-002,2026-01-02T08:40:00,3170.4,21.29,12.57,117.69,17.87,1842.94,1.203,472.24,101.18
WELL-002,2026-01-02T09:00:00,3185.5,22.97,10.83,91.27,13.89,1724.36,1.194,455.91,101.67
WELL-002,2026-01-02T09:20:00,3200.12,26.35,14.01,115.85,19.46,1889.0,1.192,470.73,101.3
WELL-002,2026-01-02T09:40:00,3214.03,23.51,10.67,116.88,17.37,1631.1,1.175,426.13,99.38
WELL-002,2026-01-02T10:00:00,3227.86,18.52,10.83,107.98,15.3,1685.15,1.16,435.73,99.92
WELL-002,2026-01-02T10:20:00,3240.33,21.52,10.19,126.08,17.25,1858.24,1.258,432.07,99.82
WELL-002,2026-01-02T10:40:00,3257.04,23.57,9.84,116.96,18.49,1969.34,1.195,455.74,100.69
WELL-002,2026-01-02T11:00:00,3269.45,18.02,12.57,100.22,16.66,1967.89,1.226,447.38,100.97
WELL-002,2026-01-02T11:20:00,3285.19,28.09,14.16,107.31,15.26,1738.61,1.169,441.96,100.86
WELL-002,2026-01-02T11:40:00,3297.37,24.11,10.05,97.55,16.85,1783.63,1.209,459.22,102.37
WELL-002,2026-01-02T12:00:00,3313.13,21.89,13.99,104.97,16.19,1810.4,1.219,408.48,98.62
WELL-002,2026-01-02T12:20:00,3327.36,21.0,12.32,115.03,17.48,1803.1,1.17,451.37,101.92
WELL-002,2026-01-02T12:40:00,3341.15,21.66,13.84,106.48,14.97,1828.55,1.18,431.9,101.73
WELL-002,2026-01-02T13:00:00,3354.35,24.58,12.01,103.96,18.52,1993.27,1.173,449.92,99.41
WELL-002,2026-01-02T13:20:00,3369.12,24.1,16.89,108.72,17.27,1633.73,1.163,456.98,99.99
WELL-002,2026-01-02T13:40:00,3381.93,19.72,11.98,113.29,15.93,1790.77,1.198,464.19,99.51
WELL-002,2026-01-02T14:00:00,3397.13,20.03,12.72,104.07,16.38,1694.14,1.223,466.78,101.38
WELL-002,2026-01-02T14:20:00,3411.19,19.04,11.54,108.24,16.45,1756.45,1.197,432.62,101.32
WELL-002,2026-01-02T14:40:00,3422.54,23.25,10.55,122.1,17.22,1918.53,1.19,445.37,99.47
WELL-002,2026-01-02T15:00:00,3436.11,15.26,11.29,115.11,14.79,1732.91,1.205,441.09,99.47
WELL-002,2026-01-02T15:20:00,3451.78,21.37,8.65,126.98,20.42,1662.06,1.177,493.48,100.27
WELL-002,2026-01-02T15:40:00,3467.58,24.2,12.67,98.49,19.46,1875.63,1.177,442.95,100.24
WELL-003,2026-01-01T00:00:00,1798.57,19.09,15.09,106.46,17.82,1700.0,1.236,473.03,99.41
WELL-003,2026-01-01T00:20:00,1814.04,24.0,9.8,100.65,17.84,1724.43,1.218,449.69,101.77
WELL-003,2026-01-01T00:40:00,1829.05,26.44,13.8,114.11,18.53,2021.23,1.221,486.23,100.58
WELL-003,2026-01-01T01:00:00,1842.01,24.52,9.56,97.31,17.69,1770.56,1.187,469.03,100.31
WELL-003,2026-01-01T01:20:00,1856.09,18.0,12.56,110.76,15.26,1854.54,1.186,486.69,100.75
WELL-003,2026-01-01T01:40:00,1869.99,23.84,13.13,113.74,20.07,1841.45,1.208,424.92,97.47
WELL-003,2026-01-01T02:00:00,1882.08,24.86,11.66,112.9,20.01,1849.38,1.192,421.53,98.9
WELL-003,2026-01-01T02:20:00,1898.61,18.48,12.79,105.02,15.06,1870.2,1.224,449.65,100.24
WELL-003,2026-01-01T02:40:00,1910.99,22.81,11.07,121.52,18.43,1751.93,1.22,427.63,100.68
WELL-003,2026-01-01T03:00:00,1924.68,16.29,13.68,110.43,15.98,1815.23,1.229,421.43,101.18
WELL-003,2026-01-01T03:20:00,1941.82,19.56,11.93,117.66,16.37,1817.83,1.17,417.76,101.47
WELL-003,2026-01-01T03:40:00,1952.13,26.15,13.57,104.92,18.97,1743.17,1.22,464.08,98.42
WELL-003,2026-01-01T04:00:00,1966.29,26.03,14.91,108.89,18.84,1896.56,1.224,427.22,98.6
WELL-003,2026-01-01T04:20:00,1981.38,25.17,10.9,106.39,20.6,1788.57,1.174,415.1,100.38
WELL-003,2026-01-01T04:40:00,1996.54,20.95,10.02,99.16,18.94,1832.57,1.241,470.61,99.97
WELL-003,2026-01-01T05:00:00,2008.09,21.46,12.13,96.0,13.31,1771.08,1.211,449.14,99.52
WELL-003,2026-01-01T05:20:00,2025.27,23.89,13.2,109.76,16.94,1891.62,1.167,452.2,98.5
WELL-003,2026-01-01T05:40:00,2039.78,21.64,11.6,108.35,17.05,1867.22,1.206,454.4,100.43
WELL-003,2026-01-01T06:00:00,2051.27,19.45,12.31,123.02,17.99,1887.6,1.209,450.84,98.39
WELL-003,2026-01-01T06:20:00,2066.69,17.36,11.49,97.59,17.19,1772.41,1.232,437.84,98.85
WELL-003,2026-01-01T06:40:00,2078.98,22.68,9.31,111.43,17.0,1785.91,1.187,432.87,104.06
WELL-003,2026-01-01T07:00:00,2093.83,20.93,11.68,133.13,18.36,1809.43,1.183,438.55,99.26
WELL-003,2026-01-01T07:20:00,2108.9,25.62,13.54,108.49,13.34,1766.74,1.215,428.05,99.4
WELL-003,2026-01-01T07:40:00,2123.02,26.55,10.63,106.37,14.6,1800.67,1.242,453.57,100.69
WELL-003,2026-01-01T08:00:00,2137.11,19.17,10.29,122.04,15.89,1644.72,1.197,418.0,101.46
WELL-003,2026-01-01T08:20:00,2148.32,21.47,11.62,99.34,17.86,1984.78,1.194,428.62,99.87
WELL-003,2026-01-01T08:40:00,2162.85,22.77,11.37,113.48,17.2,1717.38,1.231,444.3,101.77
WELL-003,2026-01-01T09:00:00,2178.56,21.45,13.15,113.72,18.43,1941.39,1.251,446.81,99.44
WELL-003,2026-01-01T09:20:00,2192.95,18.42,13.36,98.25,14.75,1798.76,1.162,435.52,100.15
WELL-003,2026-01-01T09:40:00,2205.89,18.79,12.85,117.11,16.39,1913.08,1.232,439.63,102.44
WELL-003,2026-01-01T10:00:00,2218.17,21.42,11.63,131.53,15.6,1775.49,1.217,438.66,102.3
WELL-003,2026-01-01T10:20:00,2234.77,22.18,10.87,94.24,16.56,1794.18,1.252,424.98,101.24
WELL-003,2026-01-01T10:40:00,2248.39,20.6,11.73,112.87,18.56,1746.93,1.211,428.3,101.42
WELL-003,2026-01-01T11:00:00,2263.48,26.5,13.74,111.72,16.74,1835.82,1.207,424.64,101.76
WELL-003,2026-01-01T11:20:00,2277.15,17.38,13.5,104.84,12.36,1790.57,1.177,503.03,98.57
WELL-003,2026-01-01T11:40:00,2288.07,22.08,11.84,111.64,17.43,1711.27,1.181,467.59,97.17
WELL-003,2026-01-01T12:00:00,2305.8,21.95,11.38,114.26,16.08,2163.87,1.195,442.43,100.44
WELL-003,2026-01-01T12:20:00,2318.46,22.96,12.4,115.71,17.45,1829.95,1.178,460.51,98.44
WELL-003,2026-01-01T12:40:00,2333.11,20.97,13.18,114.4,18.72,1873.07,1.229,454.81,101.66
WELL-003,2026-01-01T13:00:00,2347.99,19.63,12.0,111.8,14.23,1809.57,1.151,415.15,97.15
WELL-003,2026-01-01T13:20:00,2358.31,17.39,13.22,100.55,19.0,1921.61,1.218,459.65,100.77
WELL-003,2026-01-01T13:40:00,2375.19,25.09,10.64,105.57,16.59,1915.78,1.22,442.23,97.94
WELL-003,2026-01-01T14:00:00,2388.95,10.79,10.33,102.71,17.46,1877.34,1.223,475.74,98.4
WELL-003,2026-01-01T14:20:00,2402.67,16.32,10.86,104.34,16.48,1724.85,1.184,430.49,100.28
WELL-003,2026-01-01T14:40:00,2417.13,21.81,12.82,92.16,16.81,1625.68,1.195,454.16,100.26
WELL-003,2026-01-01T15:00:00,2428.88,19.79,10.29,121.1,15.35,1732.91,1.176,457.5,100.55
WELL-003,2026-01-01T15:20:00,2445.14,20.88,11.51,122.14,20.27,1728.76,1.207,435.32,99.49
WELL-003,2026-01-01T15:40:00,2456.29,18.88,14.96,114.72,13.74,1997.05,1.192,432.6,99.94
WELL-003,2026-01-01T16:00:00,2470.87,23.5,11.61,101.36,14.72,1774.06,1.206,413.54,101.34
WELL-003,2026-01-01T16:20:00,2485.95,18.48,13.1,112.99,15.48,1905.02,1.211,455.49,99.33
WELL-003,2026-01-01T16:40:00,2498.96,19.31,13.91,102.77,16.14,1835.26,1.261,455.7,98.63
WELL-003,2026-01-01T17:00:00,2513.91,21.06,13.55,111.36,17.34,1860.35,1.212,412.34,101.43
WELL-003,2026-01-01T17:20:00,2527.73,20.59,14.54,106.85,13.76,1784.14,1.202,451.04,100.2
WELL-003,2026-01-01T17:40:00,2540.5,22.18,13.54,110.19,16.08,1937.88,1.213,458.48,99.86
WELL-003,2026-01-01T18:00:00,2555.36,20.02,12.27,121.45,18.3,1730.7,1.224,455.48,100.42
WELL-003,2026-01-01T18:20:00,2569.08,21.19,14.56,105.0,11.66,1832.68,1.211,445.59,100.14
WELL-003,2026-01-01T18:40:00,2585.44,16.49,11.01,117.99,16.36,1946.38,1.209,452.64,102.25
WELL-003,2026-01-01T19:00:00,2596.02,16.19,11.28,113.61,16.8,1909.16,1.199,454.66,100.34
WELL-003,2026-01-01T19:20:00,2613.26,20.36,11.35,107.06,20.42,1670.87,1.169,445.49,99.25
WELL-003,2026-01-01T19:40:00,2624.42,20.68,13.21,108.9,15.72,1898.03,1.232,459.64,100.96
WELL-003,2026-01-01T20:00:00,2639.42,17.42,9.91,107.18,17.68,1749.49,1.207,438.81,100.28
WELL-003,2026-01-01T20:20:00,2652.07,22.01,11.15,116.41,16.88,1785.92,1.216,448.71,101.78
WELL-003,2026-01-01T20:40:00,2668.54,24.26,11.29,99.15,16.99,1893.79,1.23,452.49,99.07
WELL-003,2026-01-01T21:00:00,2680.44,24.26,8.97,120.69,20.62,1804.08,1.194,464.29,99.25
WELL-003,2026-01-01T21:20:00,2696.58,19.52,12.39,120.24,18.67,1804.05,1.158,448.91,99.58
WELL-003,2026-01-01T21:40:00,2711.6,20.66,14.1,107.16,13.72,1743.42,1.169,423.79,102.2
WELL-003,2026-01-01T22:00:00,2722.54,21.32,11.89,114.48,18.44,1737.31,1.23,477.14,100.95
WELL-003,2026-01-01T22:20:00,2738.6,24.37,10.93,104.26,15.74,1843.81,1.155,390.55,102.01
WELL-003,2026-01-01T22:40:00,2751.22,18.66,11.36,108.04,19.23,1899.97,1.142,441.26,96.64
WELL-003,2026-01-01T23:00:00,2765.0,19.68,12.45,105.35,16.36,1699.03,1.177,435.93,98.95
WELL-003,2026-01-01T23:20:00,2779.65,21.43,9.62,90.81,13.58,1914.65,1.23,435.25,101.02
WELL-003,2026-01-01T23:40:00,2794.78,20.27,11.71,101.54,13.61,1750.72,1.212,464.63,100.04
WELL-003,2026-01-02T00:00:00,2808.92,26.38,11.06,106.8,16.72,1885.73,1.205,463.11,103.92
WELL-003,2026-01-02T00:20:00,2822.16,16.11,14.02,115.66,16.8,1951.65,1.209,486.37,102.04
WELL-003,2026-01-02T00:40:00,2837.74,16.52,8.76,104.02,15.55,1861.78,1.209,458.95,100.54
WELL-003,2026-01-02T01:00:00,2849.96,20.8,14.08,107.3,13.58,1835.17,1.185,428.67,97.93
WELL-003,2026-01-02T01:20:00,2865.68,25.53,12.1,102.1,18.9,1816.69,1.221,461.19,99.8
WELL-003,2026-01-02T01:40:00,2877.13,17.96,11.92,101.3,18.04,1777.93,1.201,439.99,103.93
WELL-003,2026-01-02T02:00:00,2892.61,23.82,11.2,101.89,16.67,1756.21,1.176,443.76,103.05
WELL-003,2026-01-02T02:20:00,2904.49,24.01,13.13,115.8,19.81,1876.65,1.186,430.92,99.95
WELL-003,2026-01-02T02:40:00,2919.42,19.16,10.69,112.26,19.05,2015.84,1.207,432.38,97.72
WELL-003,2026-01-02T03:00:00,2934.83,23.92,13.26,122.84,14.01,1722.59,1.204,448.94,96.88
WELL-003,2026-01-02T03:20:00,2949.54,19.3,11.07,110.86,16.93,1684.87,1.201,452.47,99.82
WELL-003,2026-01-02T03:40:00,2960.68,17.98,10.93,103.45,17.73,1608.4,1.205,444.85,99.42
WELL-003,2026-01-02T04:00:00,2974.41,25.24,12.17,107.43,16.77,1817.94,1.182,407.15,100.18
WELL-003,2026-01-02T04:20:00,2991.86,24.52,12.1,100.6,15.72,1875.64,1.155,447.44,99.49
WELL-003,2026-01-02T04:40:00,3005.19,21.26,12.0,107.93,15.53,1834.36,1.211,443.99,100.05
WELL-003,2026-01-02T05:00:00,3019.04,16.02,12.16,114.84,18.03,1836.21,1.227,442.77,101.07
WELL-003,2026-01-02T05:20:00,3033.86,19.05,11.86,109.69,18.26,1857.07,1.223,445.04,101.15
WELL-003,2026-01-02T05:40:00,3046.36,21.7,11.86,110.72,17.16,1901.87,1.197,464.83,97.83
WELL-003,2026-01-02T06:00:00,3060.7,19.25,14.85,122.2,18.13,1743.0,1.201,443.58,100.26
WELL-003,2026-01-02T06:20:00,3073.37,16.77,11.56,111.66,18.75,1612.49,1.204,450.47,97.8
WELL-003,2026-01-02T06:40:00,3086.22,23.82,10.87,125.09,16.99,1757.28,1.213,461.98,98.42
WELL-003,2026-01-02T07:00:00,3103.25,22.95,9.97,120.87,16.45,1969.26,1.159,450.9,100.75
WELL-003,2026-01-02T07:20:00,3117.27,27.2,12.55,117.97,17.02,1817.83,1.161,475.49,95.05
WELL-003,2026-01-02T07:40:00,3128.25,18.77,12.97,120.76,14.53,1837.32,1.17,471.57,98.54
WELL-003,2026-01-02T08:00:00,3142.42,21.37,11.73,121.15,19.03,1702.22,1.185,446.07,98.43
WELL-003,2026-01-02T08:20:00,3159.74,19.14,11.35,101.49,15.29,1932.84,1.208,439.41,97.8
WELL-003,2026-01-02T08:40:00,3170.2,21.27,10.55,107.85,20.31,1784.69,1.212,415.73,100.22
WELL-003,2026-01-02T09:00:00,3184.61,19.61,12.84,109.38,18.33,1565.58,1.197,434.23,98.2
WELL-003,2026-01-02T09:20:00,3199.78,26.09,14.26,107.46,17.3,1901.95,1.183,446.28,101.66
WELL-003,2026-01-02T09:40:00,3215.72,19.8,9.65,107.38,17.33,1755.11,1.236,464.6,99.5
WELL-003,2026-01-02T10:00:00,3229.36,19.46,14.28,100.66,16.04,1892.4,1.204,438.81,100.87
WELL-003,2026-01-02T10:20:00,3241.49,23.62,10.51,115.74,15.86,1807.73,1.203,436.43,100.81
WELL-003,2026-01-02T10:40:00,3254.32,16.64,10.86,103.22,20.17,1612.87,1.178,461.38,99.41
WELL-003,2026-01-02T11:00:00,3268.63,16.74,11.55,99.23,14.43,1754.1,1.212,447.1,101.16
WELL-003,2026-01-02T11:20:00,3285.61,19.34,11.77,105.6,16.63,1932.55,1.192,422.13,100.0
WELL-003,2026-01-02T11:40:00,3296.64,23.01,11.13,118.09,19.15,2013.09,1.226,450.32,102.57
WELL-003,2026-01-02T12:00:00,3313.69,22.99,13.8,116.7,16.88,1817.92,1.197,472.13,99.53
WELL-003,2026-01-02T12:20:00,3324.61,18.62,11.73,115.4,20.87,1679.84,1.191,486.2,102.38
WELL-003,2026-01-02T12:40:00,3340.72,25.69,11.68,108.04,18.04,1990.95,1.226,447.76,103.97
WELL-003,2026-01-02T13:00:00,3353.71,22.28,11.86,110.51,16.99,1836.15,1.167,437.76,99.31
WELL-003,2026-01-02T13:20:00,3369.84,23.29,12.3,111.14,16.0,1696.25,1.172,438.0,100.9
WELL-003,2026-01-02T13:40:00,3382.34,23.11,9.54,97.28,16.46,1865.43,1.195,447.58,100.33
WELL-003,2026-01-02T14:00:00,3397.04,24.12,10.42,122.93,18.55,1688.36,1.198,463.86,100.01
WELL-003,2026-01-02T14:20:00,3408.43,22.14,12.55,91.5,19.4,1885.81,1.19,483.88,99.95
WELL-003,2026-01-02T14:40:00,3422.5,15.86,10.27,111.59,14.13,1767.43,1.26,426.96,100.58
WELL-003,2026-01-02T15:00:00,3439.51,20.51,13.75,91.49,18.75,1753.33,1.221,442.2,100.07
WELL-003,2026-01-02T15:20:00,3450.6,19.11,13.14,115.57,15.93,1582.4,1.19,423.08,97.22
WELL-003,2026-01-02T15:40:00,3465.99,27.66,13.13,114.05,20.78,1769.31,1.202,462.53,100.57
WELL-004,2026-01-01T00:00:00,1801.61,19.13,12.12,101.93,19.44,1755.0,1.199,479.83,99.92
WELL-004,2026-01-01T00:20:00,1815.92,20.66,11.13,108.7,20.8,1960.21,1.197,478.2,98.86
WELL-004,2026-01-01T00:40:00,1828.72,22.63,9.52,112.51,18.52,1783.31,1.185,437.75,101.76
WELL-004,2026-01-01T01:00:00,1840.98,19.74,10.0,124.74,18.68,1852.11,1.207,421.43,101.68
WELL-004,2026-01-01T01:20:00,1854.47,23.46,11.55,111.69,13.44,1751.29,1.181,470.26,98.78
WELL-004,2026-01-01T01:40:00,1869.76,21.99,11.5,106.23,21.03,1775.94,1.224,457.52,98.56
WELL-004,2026-01-01T02:00:00,1883.45,19.32,10.26,125.48,19.51,1733.06,1.185,473.27,96.34
WELL-004,2026-01-01T02:20:00,1898.58,16.37,12.83,117.78,15.81,1823.14,1.192,409.98,101.55
WELL-004,2026-01-01T02:40:00,1912.43,20.09,9.88,114.17,15.54,1872.59,1.234,465.11,98.74
WELL-004,2026-01-01T03:00:00,1927.02,21.6,14.39,106.27,18.48,1786.54,1.17,439.36,98.62
WELL-004,2026-01-01T03:20:00,1940.49,28.85,11.25,125.88,15.64,1689.71,1.215,463.26,101.25
WELL-004,2026-01-01T03:40:00,1953.48,19.8,11.58,124.61,18.21,1724.42,1.232,442.6,100.29
WELL-004,2026-01-01T04:00:00,1966.82,22.28,10.7,104.87,14.7,1829.6,1.221,431.39,102.85
WELL-004,2026-01-01T04:20:00,1980.76,25.46,12.02,100.78,18.61,1880.07,1.196,458.85,99.73
WELL-004,2026-01-01T04:40:00,1994.02,22.19,11.44,113.7,16.75,1786.6,1.156,447.86,100.42
WELL-004,2026-01-01T05:00:00,2008.06,17.95,13.06,101.75,16.96,1889.81,1.192,481.14,101.4
WELL-004,2026-01-01T05:20:00,2025.11,19.03,11.94,96.97,15.63,1570.37,1.227,472.6,97.86
WELL-004,2026-01-01T05:40:00,2036.96,25.97,13.2,101.63,15.57,1897.66,1.188,437.64,101.76
WELL-004,2026-01-01T06:00:00,2050.91,24.82,12.94,97.3,17.84,1906.81,1.202,422.54,98.76
WELL-004,2026-01-01T06:20:00,2064.13,21.96,11.85,111.36,16.9,1701.53,1.163,467.44,102.41
WELL-004,2026-01-01T06:40:00,2079.89,18.15,10.77,119.19,17.31,1701.59,1.219,464.05,101.24
WELL-004,2026-01-01T07:00:00,2093.53,21.82,12.94,94.01,16.3,1893.47,1.215,440.41,99.25
WELL-004,2026-01-01T07:20:00,2108.17,22.75,10.89,107.53,18.43,1809.76,1.175,451.07,99.5
WELL-004,2026-01-01T07:40:00,2122.24,18.34,14.35,99.12,21.99,2011.7,1.231,432.04,103.55
WELL-004,2026-01-01T08:00:00,2137.32,21.5,13.24,119.68,16.41,1894.11,1.218,452.9,100.5
WELL-004,2026-01-01T08:20:00,2148.12,20.34,14.13,113.25,18.2,1787.09,1.188,436.2,99.1
WELL-004,2026-01-01T08:40:00,2165.73,24.01,10.22,107.99,17.79,1770.36,1.215,424.42,101.42
WELL-004,2026-01-01T09:00:00,2178.79,21.29,12.86,109.2,17.6,2046.21,1.249,409.5,100.5
WELL-004,2026-01-01T09:20:00,2190.22,21.98,10.71,105.38,14.56,1767.49,1.237,480.85,97.82
WELL-004,2026-01-01T09:40:00,2207.48,17.82,15.76,115.18,17.25,1696.61,1.225,439.88,99.7
WELL-004,2026-01-01T10:00:00,2219.02,26.3,12.76,118.44,15.5,1652.07,1.224,440.38,101.87
WELL-004,2026-01-01T10:20:00,2232.57,16.32,13.43,91.89,17.15,1904.54,1.182,431.86,100.55
WELL-004,2026-01-01T10:40:00,2246.57,23.63,13.8,103.36,19.24,1892.5,1.243,472.95,101.11
WELL-004,2026-01-01T11:00:00,2263.95,19.0,11.3,126.39,13.87,1906.7,1.213,469.59,101.64
WELL-004,2026-01-01T11:20:00,2277.3,24.94,8.96,108.27,18.08,1993.79,1.217,445.87,100.0
WELL-004,2026-01-01T11:40:00,2288.81,20.72,14.19,115.31,15.71,1798.62,1.168,401.0,100.43
WELL-004,2026-01-01T12:00:00,2304.02,21.7,11.32,114.67,16.27,1766.4,1.198,416.48,101.07
WELL-004,2026-01-01T12:20:00,2317.06,24.52,10.74,108.75,18.13,1733.13,1.237,430.39,99.47
WELL-004,2026-01-01T12:40:00,2331.59,22.33,10.82,103.37,16.27,1714.7,1.225,444.75,100.3
WELL-004,2026-01-01T13:00:00,2345.26,22.64,12.08,96.55,18.96,1808.69,1.196,486.69,99.56
WELL-004,2026-01-01T13:20:00,2360.65,22.57,9.38,108.88,16.04,1807.0,1.239,445.34,100.71
WELL-004,2026-01-01T13:40:00,2374.78,21.01,12.98,103.71,19.68,1859.49,1.15,458.61,99.97
WELL-004,2026-01-01T14:00:00,2388.12,17.93,11.51,94.39,16.05,1871.74,1.2,455.35,99.99
WELL-004,2026-01-01T14:20:00,2400.49,22.82,11.36,108.84,18.15,1867.54,1.204,457.36,100.49
WELL-004,2026-01-01T14:40:00,2416.91,21.8,12.44,119.72,17.61,1726.72,1.217,459.1,99.56
WELL-004,2026-01-01T15:00:00,2428.51,18.75,12.91,120.32,16.46,1768.52,1.182,469.87,99.76
WELL-004,2026-01-01T15:20:00,2443.81,18.62,12.29,99.58,16.03,1753.7,1.216,429.67,100.58
WELL-004,2026-01-01T15:40:00,2457.87,18.82,9.77,101.69,16.95,1890.12,1.152,443.75,101.06
WELL-004,2026-01-01T16:00:00,2471.82,17.47,10.19,111.75,15.86,1780.88,1.222,457.67,100.01
WELL-004,2026-01-01T16:20:00,2487.56,19.6,12.24,106.11,17.86,1937.63,1.185,477.4,98.05
WELL-004,2026-01-01T16:40:00,2500.92,21.17,12.0,104.15,15.36,1850.76,1.176,443.58,100.39
WELL-004,2026-01-01T17:00:00,2515.28,18.84,11.52,107.82,16.09,1735.05,1.208,444.07,99.08
WELL-004,2026-01-01T17:20:00,2526.49,23.27,14.46,116.79,18.59,1645.57,1.176,459.55,99.21
WELL-004,2026-01-01T17:40:00,2541.93,25.29,10.86,94.95,16.15,1953.24,1.202,474.24,101.35
WELL-004,2026-01-01T18:00:00,2555.07,20.45,11.57,111.66,17.07,1701.03,1.2,459.12,99.25
WELL-004,2026-01-01T18:20:00,2570.4,20.31,13.33,112.32,14.98,1837.19,1.208,448.37,99.66
WELL-004,2026-01-01T18:40:00,2583.84,21.21,12.79,114.99,16.64,1836.43,1.194,465.03,100.62
WELL-004,2026-01-01T19:00:00,2599.65,19.12,11.42,112.24,19.81,1862.55,1.167,438.16,99.38
WELL-004,2026-01-01T19:20:00,2612.46,20.12,13.51,101.94,16.0,1844.23,1.177,451.06,101.38
WELL-004,2026-01-01T19:40:00,2624.51,20.51,12.09,122.33,15.11,1813.4,1.181,465.01,98.31
WELL-004,2026-01-01T20:00:00,2639.21,19.52,11.39,105.45,20.01,1761.13,1.16,476.13,99.43
WELL-004,2026-01-01T20:20:00,2652.25,16.61,15.01,114.93,15.85,1784.3,1.248,434.82,99.38
WELL-004,2026-01-01T20:40:00,2667.35,13.41,14.1,104.41,17.92,1851.31,1.199,461.56,99.4
WELL-004,2026-01-01T21:00:00,2681.5,20.22,10.07,109.52,19.68,1965.86,1.156,430.99,98.16
WELL-004,2026-01-01T21:20:00,2697.21,25.04,10.56,106.22,20.68,1968.61,1.212,424.18,97.6
WELL-004,2026-01-01T21:40:00,2709.45,21.02,13.95,119.43,16.51,1711.29,1.174,456.9,100.02
WELL-004,2026-01-01T22:00:00,2725.22,20.61,10.02,92.72,19.31,1847.36,1.166,484.6,101.21
WELL-004,2026-01-01T22:20:00,2737.62,23.72,14.43,112.23,19.12,1777.42,1.179,461.52,99.51
WELL-004,2026-01-01T22:40:00,2753.86,21.87,11.32,110.34,15.04,1943.77,1.239,455.32,100.85
WELL-004,2026-01-01T23:00:00,2765.37,26.32,13.57,125.03,17.65,1660.95,1.264,484.82,99.32
WELL-004,2026-01-01T23:20:00,2779.65,18.98,12.58,107.6,15.22,1755.13,1.181,452.91,98.35
WELL-004,2026-01-01T23:40:00,2792.41,25.85,10.68,126.82,20.3,1867.57,1.165,441.17,98.83
WELL-004,2026-01-02T00:00:00,2808.96,17.88,12.34,120.21,19.72,1743.98,1.207,465.4,100.66
WELL-004,2026-01-02T00:20:00,2823.13,18.44,11.41,101.41,17.59,1674.09,1.213,469.71,102.07
WELL-004,2026-01-02T00:40:00,2834.89,21.77,13.58,101.64,14.17,1781.16,1.168,477.31,97.69
WELL-004,2026-01-02T01:00:00,2850.63,23.38,11.95,120.45,18.83,1920.21,1.193,432.17,101.87
WELL-004,2026-01-02T01:20:00,2864.81,21.37,11.0,98.68,17.7,1912.99,1.176,463.84,100.76
WELL-004,2026-01-02T01:40:00,2876.54,22.36,13.26,97.02,16.95,1909.03,1.214,441.62,97.04
WELL-004,2026-01-02T02:00:00,2893.57,21.29,12.56,97.33,16.52,1773.34,1.207,448.2,99.05
WELL-004,2026-01-02T02:20:00,2906.83,24.17,13.23,114.73,19.82,1725.76,1.243,422.6,99.76
WELL-004,2026-01-02T02:40:00,2918.9,22.62,12.63,126.81,14.01,1868.63,1.192,441.36,102.01
WELL-004,2026-01-02T03:00:00,2932.4,17.02,12.67,106.06,16.5,2010.94,1.189,443.72,100.71
WELL-004,2026-01-02T03:20:00,2948.7,16.39,14.1,109.55,18.19,1927.48,1.194,488.34,98.86
WELL-004,2026-01-02T03:40:00,2961.45,19.25,9.07,118.75,19.45,1624.89,1.188,408.03,99.62
WELL-004,2026-01-02T04:00:00,2974.26,13.71,10.52,109.98,16.93,1902.38,1.206,466.51,100.39
WELL-004,2026-01-02T04:20:00,2988.58,23.41,11.57,102.59,16.84,1668.22,1.223,452.31,101.21
WELL-004,2026-01-02T04:40:00,3005.16,15.52,13.63,112.89,17.93,1723.67,1.229,457.1,100.43
WELL-004,2026-01-02T05:00:00,3019.06,20.1,12.18,108.49,16.22,1945.87,1.232,436.9,98.32
WELL-004,2026-01-02T05:20:00,3031.39,14.72,10.99,123.57,20.27,1826.69,1.208,466.89,99.23
WELL-004,2026-01-02T05:40:00,3046.73,19.05,10.84,115.09,16.94,1765.36,1.188,441.16,99.02
WELL-004,2026-01-02T06:00:00,3061.71,24.95,8.86,120.96,16.92,2093.73,1.2,450.17,99.06
WELL-004,2026-01-02T06:20:00,3075.61,21.11,11.04,110.75,16.97,1800.25,1.201,469.98,100.01
WELL-004,2026-01-02T06:40:00,3086.53,16.42,13.2,114.88,19.22,1670.71,1.229,442.95,99.31
WELL-004,2026-01-02T07:00:00,3103.89,19.62,11.07,118.61,17.72,1831.94,1.234,460.32,99.56
WELL-004,2026-01-02T07:20:00,3114.38,19.19,12.5,104.27,17.48,1804.83,1.212,459.04,98.7
WELL-004,2026-01-02T07:40:00,3129.05,23.94,11.52,109.63,16.91,1990.19,1.227,464.18,99.82
WELL-004,2026-01-02T08:00:00,3145.27,19.31,12.02,113.48,15.72,1638.3,1.192,436.45,100.19
WELL-004,2026-01-02T08:20:00,3158.97,22.31,13.37,123.33,19.77,1926.8,1.185,467.3,100.52
WELL-004,2026-01-02T08:40:00,3171.53,19.63,11.29,107.4,19.26,1750.12,1.206,464.67,101.97
WELL-004,2026-01-02T09:00:00,3187.9,20.74,12.71,99.88,15.82,1747.57,1.208,458.56,98.97
WELL-004,2026-01-02T09:20:00,3200.34,27.21,11.55,110.01,17.15,1736.05,1.22,425.59,98.94
WELL-004,2026-01-02T09:40:00,3212.7,20.95,12.15,112.39,15.63,1938.78,1.204,493.23,101.82
WELL-004,2026-01-02T10:00:00,3228.98,20.34,9.04,110.69,19.5,1776.8,1.21,475.76,103.01
WELL-004,2026-01-02T10:20:00,3241.93,17.69,10.72,106.05,19.72,1901.29,1.221,452.43,102.34
WELL-004,2026-01-02T10:40:00,3254.59,21.07,15.44,89.95,15.48,1845.24,1.248,416.77,102.2
WELL-004,2026-01-02T11:00:00,3270.31,21.25,11.86,113.84,17.29,1679.3,1.233,462.96,99.77
WELL-004,2026-01-02T11:20:00,3285.65,18.84,12.93,99.64,17.3,1843.28,1.234,449.82,98.68
WELL-004,2026-01-02T11:40:00,3296.38,17.04,10.26,100.99,17.0,1817.03,1.173,443.89,100.84
WELL-004,2026-01-02T12:00:00,3312.82,24.59,10.98,127.88,19.36,1831.59,1.211,468.38,101.05
WELL-004,2026-01-02T12:20:00,3324.56,22.55,13.67,107.39,19.41,1665.4,1.185,436.38,100.39
WELL-004,2026-01-02T12:40:00,3340.89,20.26,13.67,113.15,15.69,1758.11,1.22,468.83,98.36
WELL-004,2026-01-02T13:00:00,3353.17,16.47,11.24,101.62,13.23,1773.37,1.21,430.82,100.46
WELL-004,2026-01-02T13:20:00,3367.87,20.81,11.54,115.11,12.56,1833.04,1.239,435.83,98.84
WELL-004,2026-01-02T13:40:00,3382.96,18.57,13.24,111.82,18.54,1794.83,1.19,437.27,101.21
WELL-004,2026-01-02T14:00:00,3396.79,25.37,13.14,113.81,17.61,1715.37,1.26,481.2,100.84
WELL-004,2026-01-02T14:20:00,3410.5,22.22,13.26,101.08,15.0,1712.02,1.179,449.15,99.8
WELL-004,2026-01-02T14:40:00,3424.39,22.46,12.18,103.76,17.53,1742.09,1.212,457.3,101.51
WELL-004,2026-01-02T15:00:00,3437.68,23.73,7.67,106.85,18.87,1770.11,1.248,461.73,97.86
WELL-004,2026-01-02T15:20:00,3452.52,23.49,10.19,104.09,12.65,1856.52,1.167,423.54,100.61
WELL-004,2026-01-02T15:40:00,3467.68,18.53,11.76,117.98,14.02,1716.33,1.24,482.63,97.41
WELL-005,2026-01-01T00:00:00,1798.18,24.44,13.34,100.53,16.03,1807.93,1.206,444.09,102.1
WELL-005,2026-01-01T00:20:00,1816.0,13.73,9.56,119.2,16.58,1824.0,1.198,412.93,100.9
WELL-005,2026-01-01T00:40:00,1827.56,21.33,8.54,123.86,16.58,1778.08,1.213,465.76,101.82
WELL-005,2026-01-01T01:00:00,1843.09,22.63,9.36,112.76,16.7,1824.39,1.157,441.31,99.88
WELL-005,2026-01-01T01:20:00,1857.12,16.27,9.8,108.98,16.96,1711.37,1.242,446.85,99.35
WELL-005,2026-01-01T01:40:00,1870.45,18.57,11.16,121.92,19.29,1831.59,1.216,453.5,99.73
WELL-005,2026-01-01T02:00:00,1884.42,21.06,10.9,117.74,15.59,1748.87,1.175,476.13,96.79
WELL-005,2026-01-01T02:20:00,1898.41,18.57,11.54,108.04,15.05,1851.97,1.202,471.42,101.69
WELL-005,2026-01-01T02:40:00,1911.09,23.25,12.73,118.52,15.15,1964.88,1.162,479.16,100.77
WELL-005,2026-01-01T03:00:00,1927.01,25.18,11.84,118.4,14.91,1716.67,1.195,443.74,99.52
WELL-005,2026-01-01T03:20:00,1940.17,18.45,13.11,120.87,16.17,1732.41,1.167,441.07,101.44
WELL-005,2026-01-01T03:40:00,1953.1,23.17,10.26,98.67,14.13,1980.22,1.189,463.37,101.65
WELL-005,2026-01-01T04:00:00,1966.47,19.08,15.37,106.35,19.04,1771.79,1.203,463.18,98.24
WELL-005,2026-01-01T04:20:00,1982.81,21.23,10.77,110.23,12.9,1778.93,1.199,456.16,99.46
WELL-005,2026-01-01T04:40:00,1995.61,19.09,10.29,115.92,17.74,1842.25,1.242,466.02,100.72
WELL-005,2026-01-01T05:00:00,2008.33,22.47,12.1,99.58,19.69,1775.69,1.254,470.24,100.01
WELL-005,2026-01-01T05:20:00,2025.57,21.51,10.21,112.6,20.0,1827.53,1.248,453.42,98.76
WELL-005,2026-01-01T05:40:00,2037.68,18.92,12.04,107.46,16.29,1838.91,1.187,460.41,99.17
WELL-005,2026-01-01T06:00:00,2050.3,20.29,11.81,112.82,19.89,1632.6,1.19,442.33,100.61
WELL-005,2026-01-01T06:20:00,2066.5,20.93,14.55,108.29,18.88,1825.56,1.181,433.76,101.9
WELL-005,2026-01-01T06:40:00,2078.45,23.26,11.16,114.61,18.4,1699.35,1.171,434.05,99.17
WELL-005,2026-01-01T07:00:00,2094.11,17.68,12.48,120.91,18.73,1766.63,1.231,426.24,97.95
WELL-005,2026-01-01T07:20:00,2107.53,22.17,11.47,106.14,17.94,1717.45,1.22,458.88,100.22
WELL-005,2026-01-01T07:40:00,2122.94,23.01,10.52,113.84,18.25,1810.88,1.193,410.94,99.78
WELL-005,2026-01-01T08:00:00,2134.12,22.37,11.7,117.26,19.11,1935.23,1.179,439.67,101.41
WELL-005,2026-01-01T08:20:00,2148.48,21.45,9.83,100.83,15.04,1852.39,1.189,446.47,99.57
WELL-005,2026-01-01T08:40:00,2162.49,21.55,12.19,105.13,21.11,1752.65,1.176,439.17,96.98
WELL-005,2026-01-01T09:00:00,2177.12,16.11,13.15,113.77,13.93,1966.07,1.187,444.11,101.76
WELL-005,2026-01-01T09:20:00,2191.16,20.84,12.03,116.49,17.94,1886.48,1.138,430.59,102.02
WELL-005,2026-01-01T09:40:00,2207.36,25.82,10.83,120.45,16.97,1830.74,1.22,458.0,97.59
WELL-005,2026-01-01T10:00:00,2221.65,20.03,10.98,108.89,19.17,1681.52,1.231,459.76,101.67
WELL-005,2026-01-01T10:20:00,2232.98,15.74,10.35,124.03,18.27,1814.08,1.221,442.28,101.28
WELL-005,2026-01-01T10:40:00,2248.4,22.29,17.21,121.78,15.13,1973.24,1.22,459.38,101.27
WELL-005,2026-01-01T11:00:00,2260.65,24.21,10.99,106.6,19.9,1844.36,1.181,436.54,99.02
WELL-005,2026-01-01T11:20:00,2276.1,21.89,14.51,129.94,11.26,1879.7,1.221,431.32,99.5
WELL-005,2026-01-01T11:40:00,2289.95,19.79,11.92,114.71,17.65,1716.87,1.215,465.6,98.45
WELL-005,2026-01-01T12:00:00,2305.4,15.82,14.76,111.62,16.69,1853.23,1.206,443.66,100.23
WELL-005,2026-01-01T12:20:00,2316.54,20.57,10.22,110.67,18.09,1546.25,1.224,463.93,102.85
WELL-005,2026-01-01T12:40:00,2333.11,17.58,13.28,110.97,16.72,1828.34,1.18,497.54,100.58
WELL-005,2026-01-01T13:00:00,2347.41,21.78,11.5,113.81,19.19,1766.04,1.224,442.14,101.4
WELL-005,2026-01-01T13:20:00,2360.74,20.16,12.52,116.28,19.66,1704.35,1.231,430.03,100.28
WELL-005,2026-01-01T13:40:00,2375.04,17.47,11.66,112.71,19.84,1783.76,1.208,456.48,99.95
WELL-005,2026-01-01T14:00:00,2386.86,21.33,10.64,112.14,17.73,1614.37,1.207,445.51,97.5
WELL-005,2026-01-01T14:20:00,2401.44,21.81,12.95,107.37,19.75,1827.22,1.209,423.35,97.38
WELL-005,2026-01-01T14:40:00,2414.24,20.64,13.35,102.21,19.55,1826.37,1.208,433.93,99.6
WELL-005,2026-01-01T15:00:00,2428.45,18.54,13.57,99.33,16.0,1901.37,1.225,436.31,99.59
WELL-005,2026-01-01T15:20:00,2442.33,12.8,12.05,109.27,18.56,1770.81,1.186,446.75,98.52
WELL-005,2026-01-01T15:40:00,2458.32,23.01,11.15,97.31,19.36,1684.73,1.22,447.11,100.94
WELL-005,2026-01-01T16:00:00,2473.6,13.48,10.49,104.85,20.13,1760.74,1.171,444.34,102.17
WELL-005,2026-01-01T16:20:00,2484.83,21.77,13.11,114.54,15.46,1901.26,1.176,436.2,99.12
WELL-005,2026-01-01T16:40:00,2499.44,20.4,13.0,113.0,16.81,1910.71,1.169,462.18,98.37
WELL-005,2026-01-01T17:00:00,2513.54,12.3,10.26,104.79,25.84,1895.39,1.319,448.98,97.87
WELL-005,2026-01-01T17:20:00,2527.9,12.82,12.17,113.72,29.73,1596.48,1.318,464.81,94.23
WELL-005,2026-01-01T17:40:00,2543.96,13.78,11.5,105.07,23.29,1691.8,1.265,460.32,95.52
WELL-005,2026-01-01T18:00:00,2555.8,15.92,9.94,107.36,22.89,1867.36,1.281,446.68,96.63
WELL-005,2026-01-01T18:20:00,2569.33,11.47,12.96,114.21,24.19,1654.87,1.287,442.16,95.11
WELL-005,2026-01-01T18:40:00,2582.58,14.74,12.24,115.48,21.57,1771.08,1.283,459.94,95.01
WELL-005,2026-01-01T19:00:00,2597.98,12.15,12.87,117.25,25.05,1702.46,1.265,461.38,95.22
WELL-005,2026-01-01T19:20:00,2612.81,19.78,13.26,109.94,14.17,1901.37,1.244,470.47,98.51
WELL-005,2026-01-01T19:40:00,2624.93,17.69,13.13,113.46,16.28,1602.71,1.185,430.47,100.97
WELL-005,2026-01-01T20:00:00,2638.67,20.08,13.61,110.45,17.45,1649.74,1.193,448.51,98.5
WELL-005,2026-01-01T20:20:00,2653.29,19.63,11.72,115.66,16.39,1733.01,1.194,445.2,98.5
WELL-005,2026-01-01T20:40:00,2667.73,19.73,15.19,110.43,18.63,1874.25,1.199,449.69,99.96
WELL-005,2026-01-01T21:00:00,2682.57,20.69,12.38,100.59,17.15,1782.53,1.193,462.14,99.33
WELL-005,2026-01-01T21:20:00,2695.85,16.19,11.24,97.32,14.81,1809.0,1.155,483.35,98.1
WELL-005,2026-01-01T21:40:00,2708.51,21.75,12.2,109.62,12.06,1671.72,1.148,464.55,98.15
WELL-005,2026-01-01T22:00:00,2723.39,23.01,11.27,110.54,19.02,1996.7,1.214,460.2,101.06
WELL-005,2026-01-01T22:20:00,2736.3,23.86,12.85,108.56,17.26,1923.11,1.19,449.68,102.28
WELL-005,2026-01-01T22:40:00,2752.72,23.76,11.64,91.66,17.78,1745.51,1.208,465.07,101.04
WELL-005,2026-01-01T23:00:00,2764.63,15.99,12.01,109.8,18.87,1915.24,1.184,470.58,97.34
WELL-005,2026-01-01T23:20:00,2781.14,23.19,11.69,108.39,12.79,1807.97,1.151,437.34,99.04
WELL-005,2026-01-01T23:40:00,2794.56,18.74,8.87,104.85,21.97,1801.05,1.186,454.81,99.36
WELL-005,2026-01-02T00:00:00,2806.03,21.55,13.16,105.22,13.93,1786.49,1.193,443.89,97.6
WELL-005,2026-01-02T00:20:00,2821.02,26.31,9.34,98.99,17.76,1809.69,1.151,423.69,99.03
WELL-005,2026-01-02T00:40:00,2834.3,22.19,10.5,117.81,18.3,1722.56,1.204,455.21,100.57
WELL-005,2026-01-02T01:00:00,2849.24,19.55,12.04,106.84,16.43,1926.52,1.171,427.21,99.57
WELL-005,2026-01-02T01:20:00,2863.09,19.13,13.85,112.85,15.99,1738.54,1.174,452.76,100.93
WELL-005,2026-01-02T01:40:00,2878.04,22.79,11.03,105.64,18.98,1966.66,1.199,506.89,102.56
WELL-005,2026-01-02T02:00:00,2890.37,24.47,11.93,121.92,13.58,1783.85,1.163,464.74,102.15
WELL-005,2026-01-02T02:20:00,2907.81,21.99,12.28,129.46,14.61,1612.27,1.218,474.53,101.08
WELL-005,2026-01-02T02:40:00,2920.44,25.71,12.5,110.47,15.98,1962.0,1.235,452.26,98.66
WELL-005,2026-01-02T03:00:00,2933.62,19.18,13.04,117.73,18.52,1993.18,1.207,457.18,101.05
WELL-005,2026-01-02T03:20:00,2949.1,27.13,12.06,108.33,15.94,1867.6,1.218,448.58,101.83
WELL-005,2026-01-02T03:40:00,2961.97,16.88,11.72,103.17,16.96,1694.22,1.196,453.39,102.24
WELL-005,2026-01-02T04:00:00,2974.71,22.83,11.79,110.64,15.03,1796.87,1.215,438.75,96.81
WELL-005,2026-01-02T04:20:00,2988.44,20.47,12.69,108.68,12.41,1709.97,1.206,471.39,101.49
WELL-005,2026-01-02T04:40:00,3005.59,22.37,11.39,111.42,18.01,1790.44,1.189,418.56,99.19
WELL-005,2026-01-02T05:00:00,3018.74,20.87,13.83,109.46,18.61,1778.94,1.219,452.48,100.2
WELL-005,2026-01-02T05:20:00,3031.91,14.86,11.63,126.36,16.57,1724.3,1.235,477.79,99.5
WELL-005,2026-01-02T05:40:00,3047.34,22.89,12.9,117.27,16.76,1948.16,1.187,431.91,101.26
WELL-005,2026-01-02T06:00:00,3058.66,24.65,8.86,92.59,19.79,1902.41,1.148,445.9,99.69
WELL-005,2026-01-02T06:20:00,3073.44,20.8,9.92,93.7,17.97,1731.48,1.241,459.34,101.2
WELL-005,2026-01-02T06:40:00,3086.12,22.75,12.08,108.06,14.84,1720.82,1.158,469.38,101.13
WELL-005,2026-01-02T07:00:00,3101.45,21.53,11.71,99.62,17.94,1581.74,1.193,422.99,97.3
WELL-005,2026-01-02T07:20:00,3114.43,26.02,12.17,113.19,17.35,1611.74,1.217,433.14,98.53
WELL-005,2026-01-02T07:40:00,3130.93,18.09,11.06,109.08,16.97,1728.75,1.228,421.73,101.2
WELL-005,2026-01-02T08:00:00,3142.9,19.41,12.89,114.74,17.63,1676.88,1.185,468.81,97.98
WELL-005,2026-01-02T08:20:00,3157.23,17.04,9.87,97.46,18.47,1837.35,1.227,465.6,101.4
WELL-005,2026-01-02T08:40:00,3170.04,21.69,12.97,105.44,19.56,1792.32,1.175,485.87,97.23
WELL-005,2026-01-02T09:00:00,3186.96,22.17,13.59,104.8,14.96,1521.34,1.242,435.0,97.83
WELL-005,2026-01-02T09:20:00,3201.44,17.59,11.3,106.96,19.83,1693.42,1.248,463.25,102.44
WELL-005,2026-01-02T09:40:00,3213.13,20.43,10.7,102.91,17.78,1720.68,1.22,437.39,98.3
WELL-005,2026-01-02T10:00:00,3228.81,21.1,10.73,113.46,17.15,1674.93,1.165,483.83,100.59
WELL-005,2026-01-02T10:20:00,3243.23,21.84,13.47,115.05,15.53,1965.74,1.189,421.26,101.41
WELL-005,2026-01-02T10:40:00,3255.16,21.12,12.2,114.3,19.4,1774.15,1.221,431.59,100.12
WELL-005,2026-01-02T11:00:00,3270.05,16.03,12.2,104.99,16.13,1756.19,1.195,423.53,100.4
WELL-005,2026-01-02T11:20:00,3283.42,21.25,12.17,116.82,10.59,1932.95,1.158,471.67,100.45
WELL-005,2026-01-02T11:40:00,3296.31,22.3,13.08,105.07,18.79,1758.46,1.214,448.81,98.26
WELL-005,2026-01-02T12:00:00,3310.26,23.98,11.97,109.25,19.3,1784.34,1.217,494.47,98.85
WELL-005,2026-01-02T12:20:00,3325.49,21.29,12.74,108.48,17.16,1842.69,1.2,453.54,98.01
WELL-005,2026-01-02T12:40:00,3340.74,21.06,10.23,118.03,17.07,1710.11,1.24,451.41,100.93
WELL-005,2026-01-02T13:00:00,3353.18,18.77,9.96,109.58,15.85,1865.03,1.196,429.7,98.35
WELL-005,2026-01-02T13:20:00,3368.68,21.99,11.91,105.23,14.21,1742.42,1.21,449.53,100.05
WELL-005,2026-01-02T13:40:00,3383.27,24.15,12.92,111.63,18.58,1832.24,1.152,446.82,99.45
WELL-005,2026-01-02T14:00:00,3396.65,25.01,10.54,113.86,15.07,1726.03,1.189,450.5,97.64
WELL-005,2026-01-02T14:20:00,3411.74,19.28,10.11,94.97,19.07,1837.08,1.196,458.29,98.49
WELL-005,2026-01-02T14:40:00,3422.01,17.98,11.59,110.81,18.42,1722.38,1.191,442.2,100.43
WELL-005,2026-01-02T15:00:00,3438.18,17.86,13.11,106.46,15.93,1792.23,1.218,471.15,99.57
WELL-005,2026-01-02T15:20:00,3451.28,16.61,14.21,100.79,13.68,1845.25,1.195,409.12,100.14
WELL-005,2026-01-02T15:40:00,3467.02,22.09,12.72,105.61,18.22,1780.12,1.196,478.45,97.93
WELL-006,2026-01-01T00:00:00,1798.3,18.52,11.92,111.12,19.87,1953.08,1.228,469.16,101.02
WELL-006,2026-01-01T00:20:00,1812.84,21.63,12.49,94.95,19.54,1879.06,1.193,439.43,99.97
WELL-006,2026-01-01T00:40:00,1829.12,20.17,11.32,116.43,14.21,1836.38,1.236,465.85,98.19
WELL-006,2026-01-01T01:00:00,1841.22,20.89,11.66,118.62,17.41,1878.08,1.196,450.18,98.25
WELL-006,2026-01-01T01:20:00,1855.31,18.63,10.87,106.58,18.84,1691.25,1.193,478.55,100.83
WELL-006,2026-01-01T01:40:00,1869.09,19.41,13.52,101.52,17.47,1746.17,1.184,468.46,99.07
WELL-006,2026-01-01T02:00:00,1885.39,23.71,12.93,117.03,15.75,1807.98,1.211,417.66,98.22
WELL-006,2026-01-01T02:20:00,1896.36,19.02,11.63,112.02,14.13,1903.24,1.218,452.84,99.18
WELL-006,2026-01-01T02:40:00,1913.08,23.29,10.48,108.48,16.41,1897.85,1.195,451.24,100.55
WELL-006,2026-01-01T03:00:00,1926.55,20.69,14.7,119.82,13.54,2083.37,1.201,466.71,97.57
WELL-006,2026-01-01T03:20:00,1941.62,22.24,12.59,102.6,18.02,1988.17,1.215,452.2,102.59
WELL-006,2026-01-01T03:40:00,1953.28,16.74,11.97,115.68,18.75,1853.69,1.17,441.39,99.18
WELL-006,2026-01-01T04:00:00,1967.13,23.86,11.65,101.82,18.43,1739.85,1.213,409.13,101.95
WELL-006,2026-01-01T04:20:00,1981.74,21.14,12.56,116.89,12.42,1982.15,1.205,453.69,101.97
WELL-006,2026-01-01T04:40:00,1994.95,26.61,10.49,98.48,17.35,1885.71,1.196,399.48,98.93
WELL-006,2026-01-01T05:00:00,2010.7,15.09,14.8,110.22,16.9,1815.35,1.194,421.55,101.83
WELL-006,2026-01-01T05:20:00,2022.31,12.05,12.53,113.67,18.03,1701.11,1.203,461.58,100.91
WELL-006,2026-01-01T05:40:00,2038.33,24.96,12.84,96.4,16.88,1888.54,1.187,474.98,99.55
WELL-006,2026-01-01T06:00:00,2051.57,19.78,13.31,95.63,19.34,1987.37,1.246,435.7,98.28
WELL-006,2026-01-01T06:20:00,2067.87,22.79,12.22,103.85,16.46,1685.4,1.211,444.36,99.64
WELL-006,2026-01-01T06:40:00,2079.08,21.31,11.36,116.57,16.71,1852.97,1.207,456.5,99.42
WELL-006,2026-01-01T07:00:00,2092.87,26.37,9.81,101.29,17.87,1672.3,1.198,469.76,102.04
WELL-006,2026-01-01T07:20:00,2107.71,22.03,10.43,109.58,18.24,1877.31,1.184,452.98,99.51
WELL-006,2026-01-01T07:40:00,2123.92,20.88,12.22,103.35,20.55,1743.98,1.195,415.05,101.36
WELL-006,2026-01-01T08:00:00,2136.88,21.74,10.54,108.68,15.51,1739.69,1.151,445.14,103.4
WELL-006,2026-01-01T08:20:00,2151.72,25.16,12.64,100.9,16.7,1802.72,1.215,411.22,100.3
WELL-006,2026-01-01T08:40:00,2165.46,25.97,15.26,112.04,17.1,1860.2,1.202,388.81,100.29
WELL-006,2026-01-01T09:00:00,2177.71,19.38,13.15,114.24,18.48,1928.39,1.183,485.75,101.59
WELL-006,2026-01-01T09:20:00,2190.5,21.5,13.01,121.28,17.91,1848.5,1.173,446.28,99.83
WELL-006,2026-01-01T09:40:00,2204.71,20.67,9.95,120.98,14.63,1745.66,1.232,461.57,99.5
WELL-006,2026-01-01T10:00:00,2218.16,17.29,10.82,115.71,16.95,1668.14,1.229,411.39,99.63
WELL-006,2026-01-01T10:20:00,2233.32,21.67,12.36,90.26,16.72,1780.57,1.255,440.53,101.29
WELL-006,2026-01-01T10:40:00,2247.4,19.8,12.36,107.48,16.19,1756.32,1.171,456.24,98.08
WELL-006,2026-01-01T11:00:00,2261.93,18.12,12.29,113.25,18.89,1786.66,1.192,488.95,99.61
WELL-006,2026-01-01T11:20:00,2276.34,23.67,13.97,107.9,13.74,1702.63,1.156,461.81,99.34
WELL-006,2026-01-01T11:40:00,2288.08,24.9,11.4,119.67,15.73,1764.64,1.19,463.12,99.77
WELL-006,2026-01-01T12:00:00,2303.72,26.9,11.64,106.07,16.52,1942.52,1.213,426.57,101.83
WELL-006,2026-01-01T12:20:00,2319.04,23.74,12.5,120.25,21.36,1843.55,1.19,464.72,99.72
WELL-006,2026-01-01T12:40:00,2332.2,21.99,11.82,100.62,14.95,1716.89,1.201,422.46,98.52
WELL-006,2026-01-01T13:00:00,2345.7,21.24,13.5,103.69,21.54,1829.71,1.197,435.22,101.3
WELL-006,2026-01-01T13:20:00,2360.51,18.29,11.21,106.54,15.1,1776.95,1.16,456.1,98.37
WELL-006,2026-01-01T13:40:00,2373.57,19.85,13.97,112.0,20.25,1812.42,1.187,477.43,101.1
WELL-006,2026-01-01T14:00:00,2386.81,20.22,14.67,107.94,16.84,1717.22,1.243,436.65,100.42
WELL-006,2026-01-01T14:20:00,2401.37,20.83,10.65,97.94,18.38,1917.9,1.211,438.8,99.13
WELL-006,2026-01-01T14:40:00,2416.41,18.41,11.06,104.81,19.11,1782.85,1.205,463.86,97.9
WELL-006,2026-01-01T15:00:00,2428.48,24.24,9.72,108.45,17.32,1879.08,1.198,437.68,101.19
WELL-006,2026-01-01T15:20:00,2445.49,25.26,11.39,103.22,14.78,1822.9,1.174,458.95,100.09
WELL-006,2026-01-01T15:40:00,2458.71,20.22,11.08,114.91,16.76,1711.24,1.215,477.45,99.45
WELL-006,2026-01-01T16:00:00,2470.64,19.47,11.43,111.75,17.83,1779.15,1.174,434.87,101.53
WELL-006,2026-01-01T16:20:00,2484.32,23.65,12.51,100.72,17.18,1803.59,1.186,452.87,98.17
WELL-006,2026-01-01T16:40:00,2501.91,22.12,13.06,117.4,17.42,1771.74,1.213,451.1,99.53
WELL-006,2026-01-01T17:00:00,2513.66,21.6,11.7,107.62,16.29,1866.42,1.228,481.94,99.54
WELL-006,2026-01-01T17:20:00,2528.71,14.3,11.95,115.14,20.83,1710.74,1.172,454.61,99.19
WELL-006,2026-01-01T17:40:00,2543.37,19.28,11.16,107.97,18.92,1946.17,1.191,480.66,99.96
WELL-006,2026-01-01T18:00:00,2556.5,19.61,11.74,107.85,18.73,1885.15,1.223,481.71,103.23
WELL-006,2026-01-01T18:20:00,2570.5,20.37,13.3,106.1,17.81,1712.47,1.195,449.82,101.05
WELL-006,2026-01-01T18:40:00,2583.58,21.58,12.07,99.12,17.51,2088.68,1.209,477.14,99.42
WELL-006,2026-01-01T19:00:00,2598.4,18.41,13.95,113.42,18.96,1685.54,1.178,446.63,100.82
WELL-006,2026-01-01T19:20:00,2612.62,25.24,12.59,103.95,17.38,1878.21,1.186,490.64,100.41
WELL-006,2026-01-01T19:40:00,2626.98,17.88,13.94,111.61,18.49,1690.95,1.209,467.55,98.45
WELL-006,2026-01-01T20:00:00,2641.13,24.01,15.01,111.23,17.97,1929.22,1.185,468.61,100.41
WELL-006,2026-01-01T20:20:00,2653.04,24.16,14.07,108.49,19.92,1636.58,1.225,433.13,100.4
WELL-006,2026-01-01T20:40:00,2668.3,22.7,10.48,109.99,15.07,1831.55,1.196,423.3,98.74
WELL-006,2026-01-01T21:00:00,2682.86,25.11,11.39,124.96,18.91,1766.61,1.237,476.9,98.24
WELL-006,2026-01-01T21:20:00,2695.6,22.32,11.34,110.65,21.75,1660.75,1.165,427.67,97.36
WELL-006,2026-01-01T21:40:00,2711.93,26.19,11.27,104.47,20.04,1890.38,1.215,459.0,101.15
WELL-006,2026-01-01T22:00:00,2723.72,22.36,12.05,111.87,17.48,1663.06,1.17,439.86,100.41
WELL-006,2026-01-01T22:20:00,2738.64,22.24,9.35,105.92,15.35,1831.12,1.199,471.08,100.57
WELL-006,2026-01-01T22:40:00,2751.83,17.38,10.83,105.51,19.93,1838.51,1.206,445.83,100.31
WELL-006,2026-01-01T23:00:00,2764.84,21.1,10.49,113.48,14.97,1653.58,1.167,463.28,99.24
WELL-006,2026-01-01T23:20:00,2780.83,24.96,9.94,104.23,13.97,1672.5,1.223,495.97,100.17
WELL-006,2026-01-01T23:40:00,2792.8,16.29,11.11,122.05,16.32,1783.53,1.202,470.57,98.36
WELL-006,2026-01-02T00:00:00,2806.03,23.04,12.66,99.2,15.68,1877.37,1.215,430.81,102.04
WELL-006,2026-01-02T00:20:00,2821.35,18.27,13.12,104.45,17.5,1755.28,1.221,441.83,101.45
WELL-006,2026-01-02T00:40:00,2837.6,14.16,11.58,100.1,16.99,1883.61,1.185,474.8,99.93
WELL-006,2026-01-02T01:00:00,2851.21,24.37,11.36,104.88,21.11,1760.88,1.213,475.91,97.99
WELL-006,2026-01-02T01:20:00,2865.85,20.34,13.65,115.1,19.47,1701.09,1.214,455.54,98.5
WELL-006,2026-01-02T01:40:00,2876.15,25.33,10.72,107.83,17.83,1899.7,1.18,428.25,99.92
WELL-006,2026-01-02T02:00:00,2890.73,21.03,13.72,116.75,17.92,1858.08,1.209,420.55,99.79
WELL-006,2026-01-02T02:20:00,2905.62,24.93,9.45,105.34,15.22,1935.24,1.215,465.75,99.14
WELL-006,2026-01-02T02:40:00,2920.23,17.24,9.94,109.67,19.35,2030.21,1.179,478.95,97.53
WELL-006,2026-01-02T03:00:00,2934.93,19.97,11.63,103.23,16.58,1799.0,1.238,459.14,100.47
WELL-006,2026-01-02T03:20:00,2947.82,21.4,12.25,106.8,21.55,1570.51,1.188,444.36,100.31
WELL-006,2026-01-02T03:40:00,2960.52,22.08,9.9,107.03,18.99,1686.27,1.18,466.45,99.34
WELL-006,2026-01-02T04:00:00,2974.49,19.3,10.04,107.28,13.8,1610.74,1.176,429.58,101.43
WELL-006,2026-01-02T04:20:00,2989.9,22.39,12.32,97.22,14.85,1797.74,1.167,416.58,98.82
WELL-006,2026-01-02T04:40:00,3003.83,24.3,11.73,108.76,15.56,1796.21,1.236,448.4,102.27
WELL-006,2026-01-02T05:00:00,3018.4,18.76,13.12,97.79,14.36,1596.08,1.172,444.54,97.71
WELL-006,2026-01-02T05:20:00,3032.43,22.04,12.2,105.61,15.59,1722.52,1.197,426.99,97.63
WELL-006,2026-01-02T05:40:00,3047.79,24.48,13.31,105.14,16.24,1900.16,1.247,484.5,101.37
WELL-006,2026-01-02T06:00:00,3058.12,14.61,12.78,111.37,17.48,1831.88,1.199,449.01,101.28
WELL-006,2026-01-02T06:20:00,3075.37,24.12,10.95,125.08,18.45,1853.64,1.2,438.33,100.63
WELL-006,2026-01-02T06:40:00,3088.46,23.58,13.07,92.79,15.79,1721.14,1.181,452.81,98.59
WELL-006,2026-01-02T07:00:00,3100.79,18.3,10.4,106.08,17.51,1802.92,1.188,444.79,96.49
WELL-006,2026-01-02T07:20:00,3114.57,20.2,13.47,118.44,16.62,1865.77,1.173,430.02,99.97
WELL-006,2026-01-02T07:40:00,3130.04,23.07,11.37,107.48,12.28,1650.16,1.206,476.48,98.31
WELL-006,2026-01-02T08:00:00,3142.48,23.8,12.17,115.95,15.59,1910.46,1.109,434.21,100.78
WELL-006,2026-01-02T08:20:00,3156.13,19.4,11.69,116.7,16.14,1757.69,1.173,450.58,100.07
WELL-006,2026-01-02T08:40:00,3173.83,20.99,10.46,120.46,17.67,1763.01,1.215,476.21,99.91
WELL-006,2026-01-02T09:00:00,3185.09,24.36,9.7,100.82,17.92,1873.78,1.18,457.49,101.88
WELL-006,2026-01-02T09:20:00,3201.51,24.79,11.73,114.93,16.5,1585.12,1.223,417.42,96.31
WELL-006,2026-01-02T09:40:00,3214.67,19.77,10.7,113.06,15.31,1836.45,1.177,434.53,103.05
WELL-006,2026-01-02T10:00:00,3227.64,22.23,10.45,120.88,13.76,1701.27,1.237,466.67,102.93
WELL-006,2026-01-02T10:20:00,3241.2,20.16,9.97,99.42,20.1,1903.54,1.221,472.42,100.49
WELL-006,2026-01-02T10:40:00,3256.6,25.72,12.25,114.17,19.17,1657.18,1.238,442.09,101.01
WELL-006,2026-01-02T11:00:00,3270.0,23.8,13.06,116.47,16.29,1777.33,1.218,441.09,97.77
WELL-006,2026-01-02T11:20:00,3282.82,20.28,12.78,107.52,16.33,1599.42,1.208,428.07,99.74
WELL-006,2026-01-02T11:40:00,3299.63,16.53,13.85,93.81,21.49,1814.65,1.19,456.05,97.7
WELL-006,2026-01-02T12:00:00,3310.55,20.06,9.98,96.01,19.55,1912.95,1.173,425.28,101.13
WELL-006,2026-01-02T12:20:00,3324.13,15.8,10.48,110.65,17.05,1615.46,1.179,462.82,100.68
WELL-006,2026-01-02T12:40:00,3339.08,22.5,12.96,109.79,19.77,1806.22,1.225,446.71,99.75
WELL-006,2026-01-02T13:00:00,3353.04,19.9,10.15,110.5,17.76,1726.09,1.21,458.3,100.08
WELL-006,2026-01-02T13:20:00,3367.1,21.63,11.77,106.74,18.29,1707.52,1.174,476.35,104.39
WELL-006,2026-01-02T13:40:00,3382.72,18.99,12.39,108.22,14.11,1780.43,1.185,460.7,100.22
WELL-006,2026-01-02T14:00:00,3395.23,20.97,11.08,93.84,16.3,1684.56,1.24,453.04,97.46
WELL-006,2026-01-02T14:20:00,3409.71,20.69,12.22,113.5,18.21,1682.27,1.175,434.56,101.51
WELL-006,2026-01-02T14:40:00,3425.25,23.49,12.01,103.73,16.46,1936.11,1.211,438.83,98.43
WELL-006,2026-01-02T15:00:00,3438.46,21.18,10.92,105.91,15.61,1701.7,1.223,433.53,102.35
WELL-006,2026-01-02T15:20:00,3452.53,21.65,10.15,121.17,17.18,1645.45,1.21,473.17,100.31
WELL-006,2026-01-02T15:40:00,3465.65,21.98,11.76,117.26,15.85,1953.21,1.192,454.93,99.21
WELL-007,2026-01-01T00:00:00,1801.02,19.37,13.64,116.94,14.2,1871.57,1.19,447.1,100.48
WELL-007,2026-01-01T00:20:00,1815.04,19.89,13.16,108.54,18.6,1788.5,1.208,487.15,101.87
WELL-007,2026-01-01T00:40:00,1826.17,21.2,13.38,106.3,15.63,1795.57,1.2,471.08,101.77
WELL-007,2026-01-01T01:00:00,1843.78,19.99,12.66,107.09,18.16,2039.35,1.179,436.75,99.26
WELL-007,2026-01-01T01:20:00,1854.0,21.91,11.7,117.91,13.72,1857.37,1.191,414.48,102.32
WELL-007,2026-01-01T01:40:00,1870.1,23.73,12.02,103.99,16.49,1941.22,1.196,414.05,98.7
WELL-007,2026-01-01T02:00:00,1883.22,19.94,9.2,114.17,20.08,1715.27,1.173,474.98,99.04
WELL-007,2026-01-01T02:20:00,1897.03,21.37,9.85,114.12,16.12,1626.61,1.219,483.14,100.53
WELL-007,2026-01-01T02:40:00,1911.16,23.46,11.51,106.96,14.97,1792.97,1.193,418.57,101.14
WELL-007,2026-01-01T03:00:00,1927.01,19.74,10.75,114.76,17.46,1753.34,1.166,446.49,101.64
WELL-007,2026-01-01T03:20:00,1940.3,24.29,9.63,104.95,15.87,1885.6,1.25,468.31,102.3
WELL-007,2026-01-01T03:40:00,1955.14,27.0,13.01,96.99,15.07,1669.33,1.206,462.39,100.31
WELL-007,2026-01-01T04:00:00,1966.71,25.56,10.35,106.09,17.12,1736.62,1.182,454.84,100.26
WELL-007,2026-01-01T04:20:00,1980.97,22.31,10.81,105.69,17.58,1939.4,1.187,452.75,101.61
WELL-007,2026-01-01T04:40:00,1995.36,17.25,12.8,107.32,16.89,1611.86,1.212,478.36,100.84
WELL-007,2026-01-01T05:00:00,2008.72,17.82,11.4,113.34,16.94,1626.07,1.209,440.52,101.02
WELL-007,2026-01-01T05:20:00,2022.24,22.85,11.95,105.43,14.73,1694.15,1.225,448.53,99.22
WELL-007,2026-01-01T05:40:00,2039.28,20.07,11.69,116.6,15.92,1787.13,1.165,468.91,100.08
WELL-007,2026-01-01T06:00:00,2052.11,17.85,10.86,95.33,21.33,1828.4,1.168,448.32,100.47
WELL-007,2026-01-01T06:20:00,2067.62,16.47,13.39,115.2,16.74,1792.64,1.216,444.66,102.3
WELL-007,2026-01-01T06:40:00,2080.66,25.74,10.39,127.63,16.01,2052.48,1.196,440.76,100.99
WELL-007,2026-01-01T07:00:00,2094.27,24.81,11.99,127.77,17.25,1858.2,1.25,443.76,99.29
WELL-007,2026-01-01T07:20:00,2109.58,20.31,12.07,106.23,16.01,1858.75,1.187,438.35,97.03
WELL-007,2026-01-01T07:40:00,2122.68,19.3,11.78,111.63,20.64,1909.98,1.203,481.82,101.28
WELL-007,2026-01-01T08:00:00,2136.79,20.72,12.97,107.62,19.14,1680.8,1.193,434.53,98.93
WELL-007,2026-01-01T08:20:00,2151.9,18.2,11.32,103.85,17.68,2094.0,1.193,470.62,98.17
WELL-007,2026-01-01T08:40:00,2165.77,16.12,11.93,98.87,18.94,1590.13,1.157,449.24,98.56
WELL-007,2026-01-01T09:00:00,2178.3,23.41,15.6,121.63,16.92,1811.56,1.21,457.11,99.34
WELL-007,2026-01-01T09:20:00,2191.2,18.58,11.78,110.52,12.89,1843.88,1.235,459.48,98.63
WELL-007,2026-01-01T09:40:00,2207.0,19.46,14.09,114.93,17.96,1860.37,1.199,440.3,96.5
WELL-007,2026-01-01T10:00:00,2219.92,20.5,10.55,102.33,15.25,1676.1,1.23,465.65,99.48
WELL-007,2026-01-01T10:20:00,2234.74,17.63,10.72,107.38,15.46,1644.96,1.195,462.39,99.23
WELL-007,2026-01-01T10:40:00,2246.98,13.95,11.85,94.33,17.16,2053.63,1.206,443.62,97.12
WELL-007,2026-01-01T11:00:00,2261.55,24.66,9.2,111.86,16.97,1728.96,1.241,452.37,100.48
WELL-007,2026-01-01T11:20:00,2274.55,19.77,10.33,109.64,17.18,1728.48,1.196,474.51,99.43
WELL-007,2026-01-01T11:40:00,2289.23,16.11,12.73,98.41,15.85,1796.0,1.169,444.56,98.3
WELL-007,2026-01-01T12:00:00,2302.09,18.42,8.13,105.52,17.77,1723.77,1.209,474.21,101.5
WELL-007,2026-01-01T12:20:00,2319.11,24.3,13.17,103.96,18.8,1925.91,1.149,465.94,100.58
WELL-007,2026-01-01T12:40:00,2330.37,22.58,12.25,117.73,13.89,1713.06,1.163,440.47,98.64
WELL-007,2026-01-01T13:00:00,2344.38,16.45,10.36,102.54,16.66,1809.18,1.193,462.32,99.58
WELL-007,2026-01-01T13:20:00,2358.1,18.17,10.89,108.53,18.28,1773.89,1.19,419.76,100.05
WELL-007,2026-01-01T13:40:00,2375.15,20.13,14.69,117.79,17.48,1710.8,1.242,432.3,99.35
WELL-007,2026-01-01T14:00:00,2388.38,20.58,12.59,125.21,14.94,1718.06,1.212,483.57,99.75
WELL-007,2026-01-01T14:20:00,2403.71,25.04,10.26,96.86,17.51,1738.05,1.205,425.6,98.62
WELL-007,2026-01-01T14:40:00,2415.52,24.63,11.13,114.68,16.88,1792.61,1.241,465.31,101.93
WELL-007,2026-01-01T15:00:00,2429.65,18.54,11.89,99.45,20.16,1762.81,1.227,487.88,101.05
WELL-007,2026-01-01T15:20:00,2442.56,23.61,12.47,106.25,16.84,1660.93,1.226,458.37,99.12
WELL-007,2026-01-01T15:40:00,2458.14,24.03,11.98,120.94,16.41,1805.5,1.206,432.44,99.19
WELL-007,2026-01-01T16:00:00,2473.42,21.64,11.85,117.14,14.47,1758.65,1.202,463.66,99.68
WELL-007,2026-01-01T16:20:00,2484.24,24.14,11.77,113.9,17.62,1936.52,1.244,453.47,103.6
WELL-007,2026-01-01T16:40:00,2500.78,20.45,10.74,133.53,19.56,1609.26,1.236,459.99,100.34
WELL-007,2026-01-01T17:00:00,2515.26,27.31,11.19,115.62,14.63,1772.04,1.226,485.97,98.96
WELL-007,2026-01-01T17:20:00,2527.89,17.17,12.52,100.3,15.66,1829.63,1.159,416.59,98.51
WELL-007,2026-01-01T17:40:00,2542.19,28.0,13.44,109.58,20.2,1809.22,1.192,447.01,100.29
WELL-007,2026-01-01T18:00:00,2555.54,22.53,11.66,112.47,16.67,1607.82,1.163,433.51,99.18
WELL-007,2026-01-01T18:20:00,2571.93,18.74,11.86,118.06,15.62,1751.88,1.221,444.06,102.86
WELL-007,2026-01-01T18:40:00,2585.22,22.22,14.62,110.49,16.75,1698.79,1.187,424.9,100.22
WELL-007,2026-01-01T19:00:00,2596.16,18.46,8.74,121.86,19.35,1804.65,1.2,459.02,99.49
WELL-007,2026-01-01T19:20:00,2610.03,23.45,11.32,94.11,15.51,1830.69,1.197,444.31,99.42
WELL-007,2026-01-01T19:40:00,2627.08,19.03,8.04,110.81,17.14,1634.24,1.193,450.17,96.77
WELL-007,2026-01-01T20:00:00,2640.46,23.42,12.36,102.58,18.37,1842.17,1.199,384.7,99.32
WELL-007,2026-01-01T20:20:00,2653.98,18.88,13.96,115.16,14.54,1912.12,1.224,451.33,97.23
WELL-007,2026-01-01T20:40:00,2666.39,24.56,11.67,109.9,17.18,1883.81,1.178,444.46,100.08
WELL-007,2026-01-01T21:00:00,2682.01,22.19,13.69,110.64,18.16,1918.4,1.231,436.02,99.12
WELL-007,2026-01-01T21:20:00,2695.49,19.71,11.19,110.36,14.13,1743.84,1.18,408.1,101.48
WELL-007,2026-01-01T21:40:00,2711.14,22.71,13.49,107.17,15.85,1595.94,1.206,459.68,100.57
WELL-007,2026-01-01T22:00:00,2723.19,18.18,13.92,115.87,16.04,1802.09,1.241,448.69,100.82
WELL-007,2026-01-01T22:20:00,2738.4,17.56,14.59,110.48,12.94,1833.74,1.216,443.86,98.92
WELL-007,2026-01-01T22:40:00,2752.0,16.93,11.53,99.67,13.21,1736.98,1.229,439.56,101.09
WELL-007,2026-01-01T23:00:00,2764.02,18.98,9.74,108.48,14.67,1590.13,1.18,475.93,101.85
WELL-007,2026-01-01T23:20:00,2779.36,17.91,11.64,106.44,16.89,1671.97,1.256,444.34,98.16
WELL-007,2026-01-01T23:40:00,2795.04,17.47,10.86,103.31,18.02,1684.88,1.23,433.42,101.39
WELL-007,2026-01-02T00:00:00,2809.99,19.72,12.46,111.45,14.94,1788.36,1.216,474.94,99.37
WELL-007,2026-01-02T00:20:00,2823.61,21.6,14.11,110.58,15.44,1774.86,1.203,418.02,98.91
WELL-007,2026-01-02T00:40:00,2837.93,21.82,9.82,113.2,18.34,1788.28,1.211,441.23,100.9
WELL-007,2026-01-02T01:00:00,2848.53,19.31,12.72,106.47,17.8,1783.05,1.192,461.42,102.08
WELL-007,2026-01-02T01:20:00,2863.76,18.03,11.19,116.62,16.12,1650.65,1.187,438.11,102.97
WELL-007,2026-01-02T01:40:00,2876.04,19.62,10.85,106.89,15.6,1877.39,1.18,485.16,101.9
WELL-007,2026-01-02T02:00:00,2892.82,20.03,10.5,92.2,16.95,1722.14,1.198,448.17,101.68
WELL-007,2026-01-02T02:20:00,2905.74,22.59,13.3,116.22,14.19,1687.08,1.214,467.14,101.25
WELL-007,2026-01-02T02:40:00,2918.42,15.66,12.63,112.79,15.88,1847.14,1.231,456.89,99.6
WELL-007,2026-01-02T03:00:00,2935.79,20.1,12.78,108.9,18.45,1918.14,1.19,465.08,100.11
WELL-007,2026-01-02T03:20:00,2949.85,20.2,10.06,106.08,14.89,1788.71,1.218,446.88,100.49
WELL-007,2026-01-02T03:40:00,2962.44,19.23,10.12,122.01,16.02,1817.35,1.147,425.7,101.41
WELL-007,2026-01-02T04:00:00,2975.19,23.49,10.19,108.4,13.99,1775.42,1.211,472.26,97.97
WELL-007,2026-01-02T04:20:00,2990.16,23.78,11.09,114.08,20.13,1814.34,1.196,433.92,99.8
WELL-007,2026-01-02T04:40:00,3005.63,13.52,11.34,115.29,23.0,1777.38,1.297,424.22,97.2
WELL-007,2026-01-02T05:00:00,3019.8,13.99,12.85,110.33,23.85,1937.92,1.234,454.46,96.2
WELL-007,2026-01-02T05:20:00,3031.43,14.31,10.49,112.36,34.89,1802.72,1.283,468.87,95.39
WELL-007,2026-01-02T05:40:00,3045.32,12.61,10.28,111.72,25.51,1866.2,1.265,481.36,94.02
WELL-007,2026-01-02T06:00:00,3060.49,18.71,9.9,109.98,28.36,1846.73,1.277,438.0,93.15
WELL-007,2026-01-02T06:20:00,3074.35,10.06,12.5,110.75,32.14,1863.37,1.257,451.93,96.29
WELL-007,2026-01-02T06:40:00,3087.21,18.9,7.76,111.45,17.14,2003.79,1.179,464.66,98.37
WELL-007,2026-01-02T07:00:00,3102.82,16.9,13.36,110.45,14.31,1675.39,1.209,428.03,98.94
WELL-007,2026-01-02T07:20:00,3116.74,22.13,12.54,116.33,17.07,1804.28,1.206,434.72,97.36
WELL-007,2026-01-02T07:40:00,3129.44,20.42,11.44,133.24,15.88,1794.28,1.131,448.58,98.92
WELL-007,2026-01-02T08:00:00,3142.66,17.1,11.4,113.36,17.05,1809.92,1.215,454.42,99.06
WELL-007,2026-01-02T08:20:00,3158.97,21.55,10.43,120.55,22.4,1818.31,1.225,401.67,99.45
WELL-007,2026-01-02T08:40:00,3173.28,23.15,12.35,114.7,16.5,1744.47,1.228,443.49,101.46
WELL-007,2026-01-02T09:00:00,3185.3,28.2,12.37,107.07,18.16,1770.78,1.188,404.91,99.94
WELL-007,2026-01-02T09:20:00,3198.7,22.24,11.65,117.93,18.15,2101.96,1.237,506.75,101.12
WELL-007,2026-01-02T09:40:00,3214.84,16.48,11.78,114.89,16.91,1907.54,1.193,413.32,100.29
WELL-007,2026-01-02T10:00:00,3226.93,23.54,13.95,110.34,17.1,1769.09,1.203,473.15,101.53
WELL-007,2026-01-02T10:20:00,3240.13,20.03,12.24,119.96,18.94,1709.31,1.268,437.8,101.84
WELL-007,2026-01-02T10:40:00,3254.28,19.75,8.53,103.73,12.92,1788.36,1.21,457.91,99.92
WELL-007,2026-01-02T11:00:00,3270.3,17.93,9.47,105.49,17.27,1837.48,1.216,466.47,101.03
WELL-007,2026-01-02T11:20:00,3284.11,25.54,13.41,105.73,16.32,1820.67,1.226,424.04,99.39
WELL-007,2026-01-02T11:40:00,3299.5,23.16,11.91,104.34,20.71,1638.24,1.215,454.82,101.38
WELL-007,2026-01-02T12:00:00,3311.56,20.88,11.77,99.13,17.68,1846.99,1.198,422.42,99.23
WELL-007,2026-01-02T12:20:00,3326.92,21.25,12.44,106.17,16.39,1921.7,1.157,437.47,99.04
WELL-007,2026-01-02T12:40:00,3338.67,19.4,10.81,112.88,16.38,1837.44,1.216,423.67,102.36
WELL-007,2026-01-02T13:00:00,3354.48,17.26,9.03,99.3,19.46,1814.23,1.206,430.51,98.97
WELL-007,2026-01-02T13:20:00,3366.53,17.48,11.88,112.32,14.65,1897.07,1.199,448.86,101.45
WELL-007,2026-01-02T13:40:00,3383.61,20.36,14.09,112.75,17.5,1991.06,1.191,470.64,99.93
WELL-007,2026-01-02T14:00:00,3395.72,24.49,13.72,116.15,18.5,1878.13,1.173,449.92,98.39
WELL-007,2026-01-02T14:20:00,3409.55,22.05,13.12,114.65,16.02,1778.99,1.177,414.76,101.25
WELL-007,2026-01-02T14:40:00,3423.14,24.7,10.46,113.42,18.77,1621.83,1.212,414.51,98.32
WELL-007,2026-01-02T15:00:00,3436.49,18.42,14.12,95.23,17.31,1696.25,1.179,477.93,100.26
WELL-007,2026-01-02T15:20:00,3452.4,20.35,13.43,123.89,15.39,1826.93,1.192,465.84,101.77
WELL-007,2026-01-02T15:40:00,3467.35,20.03,11.14,122.19,17.37,1739.69,1.179,446.11,96.36
WELL-008,2026-01-01T00:00:00,1800.63,22.44,12.8,124.57,19.11,1774.2,1.17,438.88,98.48
WELL-008,2026-01-01T00:20:00,1812.34,22.37,11.93,121.54,17.24,1832.28,1.18,447.9,98.88
WELL-008,2026-01-01T00:40:00,1828.49,23.16,10.35,101.7,19.63,1745.79,1.196,407.73,98.93
WELL-008,2026-01-01T01:00:00,1840.55,21.97,13.32,102.75,13.51,1724.25,1.216,439.76,96.01
WELL-008,2026-01-01T01:20:00,1855.44,16.22,13.58,99.87,18.36,1734.1,1.201,429.37,101.04
WELL-008,2026-01-01T01:40:00,1870.94,19.2,13.04,114.37,14.12,1855.53,1.189,449.5,99.46
WELL-008,2026-01-01T02:00:00,1883.8,21.18,9.94,110.28,16.0,1684.39,1.166,454.4,102.51
WELL-008,2026-01-01T02:20:00,1896.45,25.26,9.83,108.72,17.08,1841.2,1.198,454.75,100.9
WELL-008,2026-01-01T02:40:00,1912.0,22.13,12.02,111.22,11.03,1754.49,1.195,420.42,101.87
WELL-008,2026-01-01T03:00:00,1927.53,23.36,12.42,106.92,16.87,1755.78,1.172,462.98,99.21
WELL-008,2026-01-01T03:20:00,1941.92,15.32,13.76,107.55,18.06,1812.44,1.193,439.27,101.01
WELL-008,2026-01-01T03:40:00,1952.74,22.23,13.37,105.96,18.99,1686.32,1.173,468.36,98.89
WELL-008,2026-01-01T04:00:00,1966.1,20.42,11.79,110.09,19.9,1784.66,1.222,457.04,98.15
WELL-008,2026-01-01T04:20:00,1982.7,22.55,11.1,123.64,17.21,1920.21,1.213,442.59,101.57
WELL-008,2026-01-01T04:40:00,1995.98,19.27,13.34,117.13,17.21,1719.63,1.15,421.32,100.47
WELL-008,2026-01-01T05:00:00,2009.54,26.2,15.2,124.54,18.67,1696.13,1.208,446.17,99.18
WELL-008,2026-01-01T05:20:00,2023.16,21.14,13.14,116.56,14.99,1736.3,1.245,440.77,98.0
WELL-008,2026-01-01T05:40:00,2038.06,21.65,14.06,108.0,19.02,1625.43,1.213,471.8,101.08
WELL-008,2026-01-01T06:00:00,2053.63,27.16,9.8,110.72,18.46,1797.15,1.227,419.53,101.08
WELL-008,2026-01-01T06:20:00,2067.26,17.03,9.4,116.67,15.97,1725.74,1.224,465.92,99.76
WELL-008,2026-01-01T06:40:00,2080.19,23.89,12.14,99.37,15.2,1801.26,1.205,438.53,98.92
WELL-008,2026-01-01T07:00:00,2095.86,21.61,14.63,111.09,13.44,1885.73,1.192,507.56,100.95
WELL-008,2026-01-01T07:20:00,2107.13,20.17,10.61,95.0,18.55,2015.55,1.206,482.18,100.59
WELL-008,2026-01-01T07:40:00,2123.87,18.9,13.71,107.69,14.13,1754.61,1.233,420.03,99.22
WELL-008,2026-01-01T08:00:00,2135.97,21.18,10.45,98.51,20.01,1775.64,1.195,436.83,101.64
WELL-008,2026-01-01T08:20:00,2148.93,20.97,11.7,102.36,17.14,1770.3,1.184,418.29,99.36
WELL-008,2026-01-01T08:40:00,2162.36,22.13,12.5,112.66,20.66,1898.56,1.213,410.05,96.42
WELL-008,2026-01-01T09:00:00,2176.13,17.62,12.28,102.61,14.31,1832.0,1.204,416.8,100.07
WELL-008,2026-01-01T09:20:00,2191.9,19.89,11.41,109.49,18.11,1739.2,1.235,443.36,100.64
WELL-008,2026-01-01T09:40:00,2206.0,25.45,12.97,109.82,17.67,1854.97,1.2,454.26,100.98
WELL-008,2026-01-01T10:00:00,2221.5,15.29,11.19,100.58,15.28,1737.41,1.207,435.83,102.79
WELL-008,2026-01-01T10:20:00,2235.6,20.1,11.85,115.29,18.56,1813.71,1.154,435.89,100.04
WELL-008,2026-01-01T10:40:00,2247.02,19.8,11.38,99.62,17.0,1726.45,1.202,437.57,100.66
WELL-008,2026-01-01T11:00:00,2260.13,24.34,12.4,106.31,12.78,1912.62,1.168,478.52,100.91
WELL-008,2026-01-01T11:20:00,2277.01,19.38,13.11,111.35,16.42,1841.66,1.199,440.45,97.96
WELL-008,2026-01-01T11:40:00,2291.93,22.3,12.0,120.23,18.68,1702.92,1.167,430.6,101.78
WELL-008,2026-01-01T12:00:00,2305.18,16.0,12.51,100.8,19.0,1684.36,1.215,413.18,98.74
WELL-008,2026-01-01T12:20:00,2316.69,25.98,13.55,114.47,17.02,1715.11,1.24,453.97,100.99
WELL-008,2026-01-01T12:40:00,2331.48,23.76,11.5,120.6,17.36,1941.91,1.221,436.29,100.28
WELL-008,2026-01-01T13:00:00,2347.59,25.17,12.72,105.05,17.86,1961.82,1.213,436.3,100.79
WELL-008,2026-01-01T13:20:00,2361.47,18.04,16.12,113.8,16.65,1811.16,1.138,459.29,100.19
WELL-008,2026-01-01T13:40:00,2372.16,23.03,10.97,103.01,13.6,1732.95,1.204,495.73,99.63
WELL-008,2026-01-01T14:00:00,2386.43,18.67,10.12,112.44,18.23,1890.24,1.25,410.07,100.37
WELL-008,2026-01-01T14:20:00,2403.26,19.67,12.17,98.71,18.77,1910.47,1.153,450.84,98.31
WELL-008,2026-01-01T14:40:00,2416.79,21.71,12.33,108.45,17.98,1608.23,1.179,417.97,99.52
WELL-008,2026-01-01T15:00:00,2428.55,20.59,12.69,102.45,20.39,1774.01,1.198,449.24,99.03
WELL-008,2026-01-01T15:20:00,2443.48,20.27,13.27,96.22,14.06,1867.42,1.202,430.25,100.71
WELL-008,2026-01-01T15:40:00,2459.03,16.95,11.97,115.65,16.93,1790.21,1.222,429.62,98.77
WELL-008,2026-01-01T16:00:00,2471.12,23.05,15.47,107.16,18.92,1736.9,1.197,439.62,101.89
WELL-008,2026-01-01T16:20:00,2484.92,23.59,13.25,116.53,17.31,1962.79,1.228,418.27,99.71
WELL-008,2026-01-01T16:40:00,2501.56,21.37,13.62,109.98,15.53,1802.74,1.199,442.36,101.33
WELL-008,2026-01-01T17:00:00,2512.95,16.04,10.98,110.05,16.09,1766.69,1.184,455.11,102.76
WELL-008,2026-01-01T17:20:00,2527.5,23.29,12.2,115.44,17.65,1732.33,1.176,447.56,101.04
WELL-008,2026-01-01T17:40:00,2542.73,18.71,11.57,121.4,14.52,1998.18,1.213,446.73,99.47
WELL-008,2026-01-01T18:00:00,2554.27,20.55,14.6,100.89,16.75,1712.57,1.202,408.49,99.04
WELL-008,2026-01-01T18:20:00,2569.18,20.94,11.25,125.99,17.03,1732.64,1.211,485.05,101.46
WELL-008,2026-01-01T18:40:00,2582.11,18.42,11.34,120.53,19.95,1781.76,1.212,469.08,99.71
WELL-008,2026-01-01T19:00:00,2598.26,19.5,12.87,111.1,14.68,1836.63,1.172,416.96,103.36
WELL-008,2026-01-01T19:20:00,2611.31,18.93,10.59,112.69,20.73,1831.72,1.179,411.79,101.4
WELL-008,2026-01-01T19:40:00,2626.21,22.53,12.38,115.02,14.24,1906.04,1.19,464.2,101.18
WELL-008,2026-01-01T20:00:00,2640.4,20.78,13.98,88.9,17.99,1659.8,1.189,464.1,97.85
WELL-008,2026-01-01T20:20:00,2655.16,16.85,10.09,105.99,17.79,1705.22,1.176,450.85,103.1
WELL-008,2026-01-01T20:40:00,2668.54,19.71,15.4,114.38,19.68,1593.02,1.238,431.31,100.27
WELL-008,2026-01-01T21:00:00,2680.07,17.01,9.23,105.07,14.95,1796.79,1.207,490.6,99.45
WELL-008,2026-01-01T21:20:00,2697.51,21.14,12.14,115.48,18.77,1905.94,1.24,455.7,96.52
WELL-008,2026-01-01T21:40:00,2710.56,25.74,10.67,120.03,19.81,1830.71,1.167,443.33,97.54
WELL-008,2026-01-01T22:00:00,2724.1,21.16,13.54,97.3,16.15,1800.69,1.219,479.91,97.86
WELL-008,2026-01-01T22:20:00,2737.43,14.73,14.89,107.38,19.99,1635.03,1.201,437.82,99.19
WELL-008,2026-01-01T22:40:00,2753.38,22.1,12.68,119.46,16.49,1859.39,1.201,444.75,100.28
WELL-008,2026-01-01T23:00:00,2766.97,22.86,12.35,114.86,18.38,1768.48,1.209,409.53,97.93
WELL-008,2026-01-01T23:20:00,2779.18,20.59,11.23,111.69,18.79,1753.66,1.235,469.55,100.87
WELL-008,2026-01-01T23:40:00,2792.16,16.57,14.15,110.12,18.18,1720.05,1.177,415.61,100.96
WELL-008,2026-01-02T00:00:00,2808.37,19.37,15.24,116.17,17.25,1867.53,1.21,480.97,100.55
WELL-008,2026-01-02T00:20:00,2822.34,21.78,10.82,116.18,19.21,1749.61,1.207,467.83,100.76
WELL-008,2026-01-02T00:40:00,2836.33,23.24,13.28,96.23,17.15,1703.54,1.2,430.0,97.57
WELL-008,2026-01-02T01:00:00,2848.47,24.18,9.95,112.98,16.0,1776.09,1.199,479.14,99.23
WELL-008,2026-01-02T01:20:00,2862.1,20.49,9.01,108.24,20.2,1928.72,1.182,432.95,100.25
WELL-008,2026-01-02T01:40:00,2878.8,20.22,10.57,125.41,17.15,1904.19,1.235,446.13,99.16
WELL-008,2026-01-02T02:00:00,2890.52,20.56,10.19,107.6,16.86,1874.08,1.219,452.83,98.59
WELL-008,2026-01-02T02:20:00,2906.93,20.72,9.9,102.69,12.26,1879.82,1.148,442.75,101.28
WELL-008,2026-01-02T02:40:00,2918.13,19.83,11.89,103.92,16.96,1802.49,1.158,466.25,98.79
WELL-008,2026-01-02T03:00:00,2934.99,19.23,12.72,125.2,16.81,1804.02,1.193,458.58,98.25
WELL-008,2026-01-02T03:20:00,2949.0,19.77,10.58,98.5,15.88,1785.08,1.199,426.74,101.19
WELL-008,2026-01-02T03:40:00,2963.19,23.26,12.1,110.46,17.15,1682.79,1.241,466.66,99.97
WELL-008,2026-01-02T04:00:00,2977.38,17.61,9.41,100.21,17.53,1908.38,1.154,440.94,99.42
WELL-008,2026-01-02T04:20:00,2991.77,17.82,10.22,99.55,13.23,1818.54,1.226,468.57,99.27
WELL-008,2026-01-02T04:40:00,3002.91,22.94,10.67,109.01,18.18,2001.38,1.25,445.05,99.06
WELL-008,2026-01-02T05:00:00,3019.09,21.1,10.49,102.17,14.06,1967.88,1.217,444.25,101.07
WELL-008,2026-01-02T05:20:00,3031.02,21.13,11.97,101.23,18.48,1955.33,1.197,427.32,101.14
WELL-008,2026-01-02T05:40:00,3046.48,19.95,9.12,113.45,14.82,1808.18,1.22,416.83,99.31
WELL-008,2026-01-02T06:00:00,3059.0,22.16,13.0,103.81,18.81,1635.38,1.193,444.53,100.14
WELL-008,2026-01-02T06:20:00,3072.65,20.36,11.77,111.35,16.07,1845.26,1.185,449.59,99.27
WELL-008,2026-01-02T06:40:00,3089.16,19.78,13.24,105.39,16.93,1892.13,1.252,449.88,96.16
WELL-008,2026-01-02T07:00:00,3103.03,20.88,12.4,99.08,19.3,1737.92,1.195,440.64,100.38
WELL-008,2026-01-02T07:20:00,3117.95,18.43,10.56,119.66,18.88,1671.95,1.146,450.63,99.88
WELL-008,2026-01-02T07:40:00,3129.64,23.2,12.19,104.74,16.46,1757.9,1.215,445.84,98.7
WELL-008,2026-01-02T08:00:00,3144.35,22.95,13.08,106.86,17.55,1800.9,1.235,451.72,98.95
WELL-008,2026-01-02T08:20:00,3156.6,19.98,14.8,115.29,14.82,1762.48,1.229,490.27,99.27
WELL-008,2026-01-02T08:40:00,3172.85,22.22,12.74,116.39,20.2,1939.02,1.215,455.96,100.91
WELL-008,2026-01-02T09:00:00,3184.01,22.29,15.33,94.66,20.82,1744.63,1.188,469.4,100.59
WELL-008,2026-01-02T09:20:00,3201.5,22.5,11.3,105.48,16.99,1871.16,1.182,430.16,103.08
WELL-008,2026-01-02T09:40:00,3215.28,22.21,12.93,122.59,18.77,1868.64,1.169,477.26,101.1
WELL-008,2026-01-02T10:00:00,3227.45,23.82,12.66,110.25,20.42,1765.09,1.188,445.04,100.31
WELL-008,2026-01-02T10:20:00,3243.7,20.87,11.64,121.5,18.89,1907.17,1.255,479.42,99.97
WELL-008,2026-01-02T10:40:00,3254.94,28.19,12.91,108.6,21.01,1830.62,1.236,461.04,100.67
WELL-008,2026-01-02T11:00:00,3268.61,20.33,11.06,128.33,19.18,1765.42,1.155,424.12,98.66
WELL-008,2026-01-02T11:20:00,3283.31,18.32,11.32,114.93,19.04,1549.83,1.213,432.09,100.63
WELL-008,2026-01-02T11:40:00,3298.24,23.94,13.94,100.18,17.15,1537.34,1.178,431.51,100.97
WELL-008,2026-01-02T12:00:00,3312.19,18.27,11.88,100.09,15.63,1731.9,1.153,459.62,101.61
WELL-008,2026-01-02T12:20:00,3327.61,21.87,13.41,109.85,18.04,1817.94,1.177,420.72,101.69
WELL-008,2026-01-02T12:40:00,3341.74,19.98,11.97,111.71,18.43,1929.78,1.252,448.73,100.65
WELL-008,2026-01-02T13:00:00,3352.33,16.84,9.4,119.63,19.36,1796.82,1.159,432.08,101.94
WELL-008,2026-01-02T13:20:00,3367.99,20.56,12.4,119.62,17.09,1877.71,1.174,465.17,95.55
WELL-008,2026-01-02T13:40:00,3383.78,24.27,13.91,128.35,12.37,1838.34,1.19,464.19,102.46
WELL-008,2026-01-02T14:00:00,3396.17,22.27,15.0,113.87,16.11,1825.95,1.181,427.36,100.63
WELL-008,2026-01-02T14:20:00,3411.25,21.12,12.06,115.84,11.37,1758.85,1.196,427.02,100.81
WELL-008,2026-01-02T14:40:00,3424.62,21.66,11.39,122.36,15.65,1770.73,1.195,503.55,101.23
WELL-008,2026-01-02T15:00:00,3436.2,24.43,12.78,114.61,21.12,1785.92,1.174,490.05,95.43
WELL-008,2026-01-02T15:20:00,3453.27,28.46,8.86,122.71,20.06,1903.74,1.178,461.02,101.7
WELL-008,2026-01-02T15:40:00,3464.99,24.72,12.2,110.76,17.57,1837.12,1.229,444.98,100.07
WELL-009,2026-01-01T00:00:00,1801.81,22.05,8.96,113.35,15.22,1828.15,1.169,457.94,98.96
WELL-009,2026-01-01T00:20:00,1815.23,19.59,12.48,99.5,17.66,1779.15,1.23,456.07,99.5
WELL-009,2026-01-01T00:40:00,1828.68,16.61,13.46,115.67,15.34,1693.01,1.202,485.44,102.02
WELL-009,2026-01-01T01:00:00,1841.06,21.52,12.7,117.78,13.53,1766.32,1.164,420.72,101.67
WELL-009,2026-01-01T01:20:00,1855.43,19.02,11.05,106.72,15.2,1825.22,1.235,484.38,101.09
WELL-009,2026-01-01T01:40:00,1871.81,19.56,11.37,112.47,15.21,1698.65,1.184,413.78,100.07
WELL-009,2026-01-01T02:00:00,1885.42,20.64,12.95,98.85,16.46,1912.43,1.187,446.75,101.48
WELL-009,2026-01-01T02:20:00,1897.4,26.08,10.82,117.66,14.77,1748.85,1.192,436.19,97.9
WELL-009,2026-01-01T02:40:00,1910.97,16.99,12.67,110.92,19.09,1775.77,1.197,429.64,99.29
WELL-009,2026-01-01T03:00:00,1925.65,20.66,12.08,115.25,16.81,1758.71,1.177,484.45,100.21
WELL-009,2026-01-01T03:20:00,1940.44,16.74,12.49,103.58,20.27,1708.21,1.186,470.58,100.98
WELL-009,2026-01-01T03:40:00,1952.85,23.46,12.56,103.76,16.17,1800.09,1.224,491.64,99.62
WELL-009,2026-01-01T04:00:00,1966.28,23.37,12.01,111.54,16.04,1728.31,1.179,453.1,101.84
WELL-009,2026-01-01T04:20:00,1981.83,19.73,11.64,119.94,14.35,1896.39,1.173,460.57,99.11
WELL-009,2026-01-01T04:40:00,1997.19,24.72,12.29,108.0,14.88,1716.0,1.167,428.94,99.67
WELL-009,2026-01-01T05:00:00,2009.67,19.97,9.4,117.59,18.57,1741.08,1.196,462.96,98.71
WELL-009,2026-01-01T05:20:00,2024.69,19.43,9.88,122.06,19.1,1679.58,1.21,467.95,101.54
WELL-009,2026-01-01T05:40:00,2038.49,24.89,13.32,112.62,16.91,1887.15,1.192,474.04,97.59
WELL-009,2026-01-01T06:00:00,2051.16,22.59,7.34,101.13,13.05,1928.76,1.255,448.58,99.72
WELL-009,2026-01-01T06:20:00,2065.51,24.42,11.57,113.45,19.46,1727.12,1.235,459.07,98.67
WELL-009,2026-01-01T06:40:00,2079.2,19.63,13.07,111.07,18.0,1722.76,1.241,444.06,99.75
WELL-009,2026-01-01T07:00:00,2092.05,23.76,13.44,108.56,16.11,1917.77,1.189,443.27,101.84
WELL-009,2026-01-01T07:20:00,2106.24,24.28,11.38,106.94,15.92,1729.61,1.179,422.51,98.53
WELL-009,2026-01-01T07:40:00,2123.92,20.0,13.97,115.79,16.48,1874.23,1.158,448.96,101.62
WELL-009,2026-01-01T08:00:00,2135.04,27.44,10.23,118.18,18.7,1906.22,1.224,436.53,98.72
WELL-009,2026-01-01T08:20:00,2150.47,20.47,12.64,126.79,18.59,1761.07,1.179,464.17,100.49
WELL-009,2026-01-01T08:40:00,2163.88,16.43,11.17,113.73,20.26,1725.94,1.188,431.22,99.83
WELL-009,2026-01-01T09:00:00,2177.97,16.64,11.43,114.3,16.53,1709.23,1.221,463.44,99.88
WELL-009,2026-01-01T09:20:00,2192.2,18.62,12.78,113.29,16.14,1711.91,1.228,446.98,100.47
WELL-009,2026-01-01T09:40:00,2207.83,24.71,12.02,99.75,17.11,1853.56,1.193,438.64,102.14
WELL-009,2026-01-01T10:00:00,2218.16,24.37,6.81,117.53,16.06,1921.28,1.23,410.72,96.04
WELL-009,2026-01-01T10:20:00,2232.35,17.42,11.69,109.84,16.97,1812.63,1.171,445.55,102.97
WELL-009,2026-01-01T10:40:00,2248.97,18.17,13.67,106.38,17.08,1820.98,1.23,471.42,99.27
WELL-009,2026-01-01T11:00:00,2261.66,17.98,11.05,92.07,14.49,1921.57,1.218,425.59,99.98
WELL-009,2026-01-01T11:20:00,2276.49,21.84,9.65,114.55,15.8,1750.31,1.181,457.49,99.83
WELL-009,2026-01-01T11:40:00,2288.87,18.78,10.85,104.97,16.58,1906.59,1.197,431.23,99.04
WELL-009,2026-01-01T12:00:00,2304.42,20.5,14.45,115.01,17.84,1583.68,1.219,474.46,98.34
WELL-009,2026-01-01T12:20:00,2316.47,27.7,13.06,102.92,16.46,1771.53,1.144,488.36,100.38
WELL-009,2026-01-01T12:40:00,2332.2,23.65,12.58,116.77,14.59,1809.75,1.194,505.88,102.84
WELL-009,2026-01-01T13:00:00,2344.43,18.9,13.52,115.8,14.47,1855.67,1.205,433.93,99.61
WELL-009,2026-01-01T13:20:00,2360.43,24.19,11.15,106.52,16.77,1903.92,1.168,442.81,101.11
WELL-009,2026-01-01T13:40:00,2372.61,20.11,13.15,119.07,15.69,1818.11,1.189,421.25,98.47
WELL-009,2026-01-01T14:00:00,2387.47,23.26,13.27,102.94,14.45,1658.75,1.209,482.69,99.57
WELL-009,2026-01-01T14:20:00,2402.42,21.46,10.9,109.19,17.99,1641.23,1.22,473.56,99.88
WELL-009,2026-01-01T14:40:00,2417.21,19.58,10.22,115.9,15.87,1754.91,1.204,460.96,97.43
WELL-009,2026-01-01T15:00:00,2429.48,22.32,10.23,110.04,20.02,1705.32,1.208,462.97,99.31
WELL-009,2026-01-01T15:20:00,2443.68,17.47,13.56,120.84,13.02,1784.6,1.198,410.05,100.77
WELL-009,2026-01-01T15:40:00,2457.83,20.16,11.84,113.05,18.77,1806.19,1.227,468.1,99.01
WELL-009,2026-01-01T16:00:00,2472.94,24.36,9.54,117.01,17.8,1690.0,1.26,455.66,100.64
WELL-009,2026-01-01T16:20:00,2487.78,17.67,10.18,112.82,16.08,1728.98,1.155,452.32,101.03
WELL-009,2026-01-01T16:40:00,2498.62,20.21,10.19,119.11,16.02,1732.78,1.18,448.45,102.37
WELL-009,2026-01-01T17:00:00,2512.17,17.97,11.75,102.77,16.37,1868.27,1.197,476.62,100.95
WELL-009,2026-01-01T17:20:00,2529.45,17.54,12.18,108.51,16.46,1922.41,1.237,424.93,100.83
WELL-009,2026-01-01T17:40:00,2540.95,20.84,12.85,117.23,20.51,1888.34,1.175,455.4,100.39
WELL-009,2026-01-01T18:00:00,2557.28,21.46,10.86,124.79,17.16,1863.02,1.184,467.02,99.94
WELL-009,2026-01-01T18:20:00,2568.51,20.24,12.11,110.21,16.38,1749.78,1.199,449.25,99.97
WELL-009,2026-01-01T18:40:00,2585.4,19.63,10.12,105.36,21.71,1881.86,1.173,465.44,99.47
WELL-009,2026-01-01T19:00:00,2598.93,24.23,13.2,111.92,14.62,1680.96,1.197,452.43,101.14
WELL-009,2026-01-01T19:20:00,2612.1,18.53,11.08,112.79,19.64,1877.23,1.206,459.48,102.82
WELL-009,2026-01-01T19:40:00,2625.15,22.57,15.31,114.44,15.18,1848.11,1.198,472.27,98.0
WELL-009,2026-01-01T20:00:00,2640.06,16.32,12.39,98.37,16.08,1758.63,1.176,416.04,98.28
WELL-009,2026-01-01T20:20:00,2652.97,19.27,10.61,101.57,16.34,1737.89,1.208,454.18,101.31
WELL-009,2026-01-01T20:40:00,2669.63,18.05,10.88,114.63,18.19,1830.49,1.23,460.84,100.8
WELL-009,2026-01-01T21:00:00,2682.09,22.34,13.1,120.87,15.86,1793.72,1.229,460.35,97.81
WELL-009,2026-01-01T21:20:00,2694.48,16.51,11.12,106.16,18.58,1778.34,1.213,448.59,100.74
WELL-009,2026-01-01T21:40:00,2709.19,16.42,14.38,121.34,17.59,1787.82,1.21,495.93,100.87
WELL-009,2026-01-01T22:00:00,2725.62,22.22,14.81,108.23,16.36,1643.26,1.196,457.67,101.0
WELL-009,2026-01-01T22:20:00,2738.04,19.1,9.01,118.63,16.19,1782.87,1.208,458.78,99.87
WELL-009,2026-01-01T22:40:00,2752.69,21.34,11.46,105.13,16.11,1819.53,1.195,446.57,99.34
WELL-009,2026-01-01T23:00:00,2765.73,22.86,10.12,109.5,20.45,1844.16,1.203,439.0,99.27
WELL-009,2026-01-01T23:20:00,2778.85,14.39,12.82,117.96,21.47,1645.65,1.215,428.42,99.1
WELL-009,2026-01-01T23:40:00,2793.41,16.61,13.06,126.7,14.15,1774.76,1.189,444.13,98.0
WELL-009,2026-01-02T00:00:00,2807.91,22.82,12.89,109.28,19.21,1720.13,1.207,484.71,100.19
WELL-009,2026-01-02T00:20:00,2821.6,20.98,11.72,115.21,14.1,1807.06,1.185,459.17,101.89
WELL-009,2026-01-02T00:40:00,2837.27,25.74,12.88,111.43,15.01,1944.27,1.189,437.6,99.84
WELL-009,2026-01-02T01:00:00,2849.42,22.45,11.45,108.59,17.29,1798.82,1.252,447.19,100.22
WELL-009,2026-01-02T01:20:00,2863.39,19.57,11.01,120.83,15.37,1920.43,1.163,463.7,98.87
WELL-009,2026-01-02T01:40:00,2876.4,22.73,11.59,121.02,12.86,1972.35,1.212,448.15,98.74
WELL-009,2026-01-02T02:00:00,2893.24,22.93,9.04,114.09,17.55,1747.04,1.215,432.54,100.96
WELL-009,2026-01-02T02:20:00,2906.47,22.22,14.15,106.46,15.78,1685.81,1.164,470.33,99.13
WELL-009,2026-01-02T02:40:00,2920.78,21.1,12.8,115.09,16.34,1681.35,1.196,433.96,98.81
WELL-009,2026-01-02T03:00:00,2935.27,15.99,11.8,106.17,14.93,1867.4,1.203,408.53,98.98
WELL-009,2026-01-02T03:20:00,2949.93,17.81,14.4,110.07,14.86,1921.76,1.203,434.39,97.67
WELL-009,2026-01-02T03:40:00,2962.62,24.18,10.22,105.94,14.2,1729.87,1.217,460.64,100.4
WELL-009,2026-01-02T04:00:00,2975.33,19.66,12.48,104.89,16.52,1690.43,1.208,454.64,100.52
WELL-009,2026-01-02T04:20:00,2989.03,16.57,11.24,92.37,21.03,1980.66,1.195,442.04,101.11
WELL-009,2026-01-02T04:40:00,3002.09,21.37,9.83,106.65,17.49,1785.23,1.203,466.7,99.18
WELL-009,2026-01-02T05:00:00,3018.63,17.58,12.84,103.69,12.03,1790.56,1.212,429.73,99.1
WELL-009,2026-01-02T05:20:00,3032.42,23.59,12.22,88.56,18.1,1675.86,1.183,478.87,99.35
WELL-009,2026-01-02T05:40:00,3046.65,23.39,10.03,118.14,16.17,1650.09,1.182,440.86,102.8
WELL-009,2026-01-02T06:00:00,3061.31,20.87,11.04,106.74,18.66,1765.86,1.182,442.89,98.92
WELL-009,2026-01-02T06:20:00,3073.4,19.03,9.87,118.41,15.62,1988.58,1.215,441.9,100.18
WELL-009,2026-01-02T06:40:00,3086.66,20.07,10.42,112.16,19.33,1637.85,1.213,418.65,102.04
WELL-009,2026-01-02T07:00:00,3100.29,19.05,9.89,119.89,19.68,1723.08,1.206,460.7,99.05
WELL-009,2026-01-02T07:20:00,3116.75,18.78,10.74,108.1,18.01,1916.7,1.217,428.69,96.7
WELL-009,2026-01-02T07:40:00,3129.78,17.38,11.54,121.67,17.24,1881.12,1.147,462.38,99.3
WELL-009,2026-01-02T08:00:00,3145.92,24.44,12.85,101.3,18.45,1808.98,1.189,459.69,100.07
WELL-009,2026-01-02T08:20:00,3159.34,20.91,12.91,120.2,15.18,1692.35,1.21,446.66,99.27
WELL-009,2026-01-02T08:40:00,3170.69,22.09,11.09,118.43,16.56,1898.11,1.186,437.8,102.27
WELL-009,2026-01-02T09:00:00,3186.36,18.73,12.19,106.86,13.56,1921.23,1.191,427.29,103.57
WELL-009,2026-01-02T09:20:00,3200.93,30.23,13.63,118.09,13.62,1765.83,1.138,425.53,101.23
WELL-009,2026-01-02T09:40:00,3212.3,24.0,13.41,114.41,16.4,1879.49,1.246,421.88,98.87
WELL-009,2026-01-02T10:00:00,3227.24,22.71,13.82,119.89,19.67,1687.35,1.25,465.56,101.84
WELL-009,2026-01-02T10:20:00,3240.98,23.99,11.4,119.18,20.25,1629.24,1.24,438.69,103.03
WELL-009,2026-01-02T10:40:00,3257.62,21.82,11.18,117.82,19.97,1724.07,1.174,460.28,97.16
WELL-009,2026-01-02T11:00:00,3268.7,18.86,11.67,116.9,19.69,1834.63,1.167,436.67,98.15
WELL-009,2026-01-02T11:20:00,3285.18,22.39,12.73,107.12,16.89,1669.24,1.184,457.69,99.65
WELL-009,2026-01-02T11:40:00,3298.82,20.96,13.86,116.14,17.83,1745.76,1.175,451.65,99.48
WELL-009,2026-01-02T12:00:00,3313.4,22.5,12.47,97.74,18.75,1812.55,1.172,463.64,98.24
WELL-009,2026-01-02T12:20:00,3327.51,21.49,14.23,99.64,15.56,1875.91,1.186,462.86,100.78
WELL-009,2026-01-02T12:40:00,3339.74,19.1,13.17,106.72,12.89,1843.14,1.18,473.3,99.74
WELL-009,2026-01-02T13:00:00,3354.27,20.72,13.85,114.45,14.43,1825.32,1.177,476.44,97.36
WELL-009,2026-01-02T13:20:00,3367.44,17.74,10.95,100.93,14.75,1743.6,1.167,485.49,101.65
WELL-009,2026-01-02T13:40:00,3383.92,23.19,10.06,114.37,18.75,1753.63,1.189,449.59,100.29
WELL-009,2026-01-02T14:00:00,3395.26,20.31,13.08,111.41,19.39,1713.72,1.169,413.83,96.68
WELL-009,2026-01-02T14:20:00,3409.24,22.28,12.06,104.28,14.98,1897.19,1.227,446.3,99.56
WELL-009,2026-01-02T14:40:00,3422.84,22.45,12.32,114.73,17.31,1823.49,1.174,454.3,103.93
WELL-009,2026-01-02T15:00:00,3439.08,19.27,8.97,121.28,13.88,1818.4,1.2,440.62,98.76
WELL-009,2026-01-02T15:20:00,3450.91,15.01,11.29,109.5,19.52,1861.95,1.175,455.98,98.38
WELL-009,2026-01-02T15:40:00,3466.68,23.19,11.82,124.52,18.68,1649.25,1.205,452.03,101.03
WELL-010,2026-01-01T00:00:00,1800.92,17.86,12.11,93.68,19.63,1727.56,1.132,455.12,96.91
WELL-010,2026-01-01T00:20:00,1812.15,19.73,12.45,106.43,16.68,1764.63,1.162,457.06,101.14
WELL-010,2026-01-01T00:40:00,1828.24,20.79,13.1,98.93,12.44,1879.4,1.216,446.97,100.26
WELL-010,2026-01-01T01:00:00,1840.65,22.89,12.78,110.03,21.54,2050.4,1.213,440.83,99.06
WELL-010,2026-01-01T01:20:00,1855.06,22.65,13.87,121.23,19.12,1689.91,1.203,452.31,99.11
WELL-010,2026-01-01T01:40:00,1868.44,23.58,14.46,93.24,13.95,1770.72,1.196,462.12,100.08
WELL-010,2026-01-01T02:00:00,1883.94,21.66,10.81,99.35,16.37,1905.59,1.167,427.31,100.93
WELL-010,2026-01-01T02:20:00,1899.92,17.73,10.38,101.04,18.53,1930.08,1.196,446.06,103.49
WELL-010,2026-01-01T02:40:00,1912.31,22.4,11.99,111.61,19.37,1768.61,1.229,465.97,100.78
WELL-010,2026-01-01T03:00:00,1927.87,26.32,13.49,94.56,20.04,1860.51,1.211,468.18,99.97
WELL-010,2026-01-01T03:20:00,1940.83,16.95,14.13,108.99,13.55,1778.59,1.178,426.58,103.41
WELL-010,2026-01-01T03:40:00,1954.21,18.15,13.99,94.68,17.53,1931.52,1.24,425.64,100.95
WELL-010,2026-01-01T04:00:00,1968.69,20.66,10.83,99.3,18.08,1938.15,1.181,457.91,97.88
WELL-010,2026-01-01T04:20:00,1981.46,23.09,9.18,96.73,19.78,1836.22,1.221,462.82,101.41
WELL-010,2026-01-01T04:40:00,1996.41,21.08,8.42,100.08,16.2,1801.45,1.216,499.09,99.14
WELL-010,2026-01-01T05:00:00,2011.03,24.19,10.51,115.17,15.61,1739.15,1.217,424.42,103.21
WELL-010,2026-01-01T05:20:00,2024.05,14.77,13.94,103.08,20.58,1875.86,1.202,463.96,100.41
WELL-010,2026-01-01T05:40:00,2037.55,18.53,13.86,113.59,20.72,1838.77,1.156,506.99,100.51
WELL-010,2026-01-01T06:00:00,2053.99,17.91,12.86,115.29,15.02,1959.36,1.238,455.85,100.85
WELL-010,2026-01-01T06:20:00,2064.05,20.59,10.79,120.14,20.77,1770.99,1.191,476.54,96.77
WELL-010,2026-01-01T06:40:00,2079.78,18.64,12.53,106.52,15.05,1815.66,1.151,464.17,97.31
WELL-010,2026-01-01T07:00:00,2095.4,20.59,10.11,107.91,17.74,1886.37,1.225,456.67,97.81
WELL-010,2026-01-01T07:20:00,2109.0,24.72,13.24,122.58,16.64,1858.01,1.223,463.52,100.64
WELL-010,2026-01-01T07:40:00,2123.69,21.31,13.04,103.92,17.08,1762.47,1.204,447.05,97.12
WELL-010,2026-01-01T08:00:00,2134.5,13.85,12.98,109.43,15.31,1822.07,1.254,463.74,103.01
WELL-010,2026-01-01T08:20:00,2148.95,22.7,10.45,99.73,20.35,1802.9,1.218,447.62,101.22
WELL-010,2026-01-01T08:40:00,2164.29,21.19,13.82,115.68,20.6,1684.91,1.198,466.47,100.18
WELL-010,2026-01-01T09:00:00,2177.82,23.59,11.98,103.99,16.61,1795.31,1.228,440.35,98.05
WELL-010,2026-01-01T09:20:00,2190.72,26.64,12.58,118.07,18.13,1842.2,1.206,455.86,97.64
WELL-010,2026-01-01T09:40:00,2206.98,23.79,13.89,121.99,16.11,1807.9,1.189,430.56,102.68
WELL-010,2026-01-01T10:00:00,2221.65,21.06,13.7,118.71,16.45,1996.8,1.192,488.74,99.37
WELL-010,2026-01-01T10:20:00,2235.47,23.59,11.02,109.7,17.53,1837.25,1.174,456.26,99.67
WELL-010,2026-01-01T10:40:00,2246.29,19.99,11.86,118.36,16.18,1717.31,1.17,426.53,99.35
WELL-010,2026-01-01T11:00:00,2262.96,21.37,14.23,104.9,19.55,1877.12,1.218,465.04,99.75
WELL-010,2026-01-01T11:20:00,2277.12,13.04,9.05,101.11,14.89,1754.76,1.191,463.04,97.69
WELL-010,2026-01-01T11:40:00,2291.72,22.63,11.12,117.24,16.54,1793.27,1.163,463.3,100.76
WELL-010,2026-01-01T12:00:00,2303.31,23.82,11.77,131.47,16.93,1826.96,1.202,462.97,100.12
WELL-010,2026-01-01T12:20:00,2318.97,19.53,12.59,117.31,15.22,1974.86,1.192,440.26,101.58
WELL-010,2026-01-01T12:40:00,2331.14,24.8,14.81,111.88,19.13,1798.45,1.201,460.42,99.9
WELL-010,2026-01-01T13:00:00,2344.26,29.25,12.82,113.71,16.02,1657.86,1.143,418.37,99.7
WELL-010,2026-01-01T13:20:00,2361.93,22.97,10.63,114.47,18.17,1930.66,1.206,482.03,101.03
WELL-010,2026-01-01T13:40:00,2374.53,24.21,12.95,98.4,14.12,1685.49,1.22,413.36,98.27
WELL-010,2026-01-01T14:00:00,2386.89,15.97,11.65,117.35,15.89,1916.13,1.24,434.42,100.56
WELL-010,2026-01-01T14:20:00,2400.84,17.71,9.23,121.55,14.85,1997.74,1.22,473.83,101.37
WELL-010,2026-01-01T14:40:00,2415.85,21.98,12.46,116.06,19.88,1583.7,1.177,454.87,100.85
WELL-010,2026-01-01T15:00:00,2428.92,19.49,11.84,98.56,20.62,1696.34,1.204,423.92,101.99
WELL-010,2026-01-01T15:20:00,2442.36,26.55,12.44,98.98,14.22,1790.01,1.227,447.59,99.05
WELL-010,2026-01-01T15:40:00,2459.79,20.62,14.19,121.77,16.52,1737.11,1.164,415.37,100.22
WELL-010,2026-01-01T16:00:00,2473.84,11.32,14.22,107.55,29.54,1888.44,1.288,446.05,95.2
WELL-010,2026-01-01T16:20:00,2485.98,11.45,10.97,110.11,26.53,1837.41,1.264,454.62,95.42
WELL-010,2026-01-01T16:40:00,2500.36,15.02,10.9,107.51,23.6,1695.81,1.237,446.44,93.46
WELL-010,2026-01-01T17:00:00,2514.63,16.12,13.7,99.28,25.86,1939.52,1.296,430.45,94.18
WELL-010,2026-01-01T17:20:00,2528.3,16.51,12.35,103.41,23.58,1698.15,1.294,476.14,97.53
WELL-010,2026-01-01T17:40:00,2541.63,13.36,10.67,111.56,26.83,1719.97,1.298,450.84,96.01
WELL-010,2026-01-01T18:00:00,2556.71,20.7,11.56,101.28,15.05,1772.32,1.209,473.3,98.87
WELL-010,2026-01-01T18:20:00,2569.99,21.53,11.09,108.1,19.59,1845.81,1.181,450.91,100.74
WELL-010,2026-01-01T18:40:00,2585.26,23.39,12.42,119.3,17.73,1847.7,1.166,450.77,97.71
WELL-010,2026-01-01T19:00:00,2598.56,18.03,13.55,95.88,18.66,1706.29,1.207,407.8,101.06
WELL-010,2026-01-01T19:20:00,2612.36,19.32,15.53,102.22,17.47,1883.76,1.201,506.97,102.65
WELL-010,2026-01-01T19:40:00,2625.07,22.77,13.52,122.84,18.77,1903.06,1.197,458.2,101.22
WELL-010,2026-01-01T20:00:00,2639.97,19.1,11.98,108.33,17.11,1705.24,1.169,439.71,99.19
WELL-010,2026-01-01T20:20:00,2655.88,20.79,13.37,102.13,17.55,1835.59,1.209,439.99,97.7
WELL-010,2026-01-01T20:40:00,2668.64,17.22,6.88,109.67,17.34,1739.73,1.211,452.73,96.87
WELL-010,2026-01-01T21:00:00,2683.96,22.64,11.46,105.67,13.56,1884.39,1.206,422.07,101.98
WELL-010,2026-01-01T21:20:00,2695.85,17.0,8.23,112.44,17.43,1852.05,1.186,461.32,99.09
WELL-010,2026-01-01T21:40:00,2711.09,20.3,10.87,112.14,14.72,1975.35,1.182,427.08,99.99
WELL-010,2026-01-01T22:00:00,2725.3,18.96,10.64,102.81,17.37,1761.72,1.197,426.84,99.01
WELL-010,2026-01-01T22:20:00,2737.23,21.86,13.07,121.43,17.06,1976.84,1.195,440.02,98.8
WELL-010,2026-01-01T22:40:00,2751.21,19.98,12.71,107.68,15.19,1851.74,1.205,447.34,99.44
WELL-010,2026-01-01T23:00:00,2767.1,18.08,13.97,102.17,13.73,1723.09,1.227,414.31,98.73
WELL-010,2026-01-01T23:20:00,2780.15,21.44,13.94,106.85,19.52,1912.05,1.193,433.02,97.36
WELL-010,2026-01-01T23:40:00,2794.73,19.01,12.63,106.58,18.89,1866.2,1.203,411.92,99.33
WELL-010,2026-01-02T00:00:00,2809.52,21.69,13.34,105.72,15.16,1688.49,1.19,482.2,99.05
WELL-010,2026-01-02T00:20:00,2821.81,16.42,13.02,112.88,17.31,2230.69,1.144,440.05,101.59
WELL-010,2026-01-02T00:40:00,2837.05,29.7,11.78,110.18,17.95,1815.99,1.197,485.9,99.58
WELL-010,2026-01-02T01:00:00,2848.84,20.85,11.42,98.78,20.57,1736.08,1.22,437.34,101.76
WELL-010,2026-01-02T01:20:00,2863.56,21.99,14.33,102.99,17.12,1855.73,1.161,444.8,99.56
WELL-010,2026-01-02T01:40:00,2878.7,18.74,11.84,114.08,16.83,1836.03,1.142,452.35,99.57
WELL-010,2026-01-02T02:00:00,2891.64,27.58,12.52,114.99,17.23,1778.08,1.163,483.87,98.96
WELL-010,2026-01-02T02:20:00,2905.89,19.74,13.02,108.9,16.54,1850.32,1.168,443.0,100.01
WELL-010,2026-01-02T02:40:00,2919.45,17.4,10.83,114.11,14.96,1816.72,1.235,431.65,103.69
WELL-010,2026-01-02T03:00:00,2934.55,18.82,11.07,109.23,16.84,1800.43,1.197,508.68,100.85
WELL-010,2026-01-02T03:20:00,2947.07,27.38,11.84,130.86,14.09,1882.63,1.184,405.62,99.56
WELL-010,2026-01-02T03:40:00,2960.51,19.11,11.8,106.93,16.0,1684.41,1.175,462.3,98.07
WELL-010,2026-01-02T04:00:00,2975.92,22.66,12.59,112.75,18.55,1949.02,1.183,480.16,100.36
WELL-010,2026-01-02T04:20:00,2990.0,17.52,10.66,111.01,17.21,1848.36,1.185,464.44,99.36
WELL-010,2026-01-02T04:40:00,3002.66,18.25,14.26,106.99,16.46,1742.69,1.242,432.42,96.61
WELL-010,2026-01-02T05:00:00,3018.38,18.07,10.54,104.16,16.39,1937.11,1.205,455.68,99.58
WELL-010,2026-01-02T05:20:00,3031.29,19.61,11.95,104.66,18.01,1929.74,1.17,497.82,101.48
WELL-010,2026-01-02T05:40:00,3047.26,17.76,12.56,101.33,19.66,1592.34,1.215,462.57,101.47
WELL-010,2026-01-02T06:00:00,3061.57,24.03,13.37,108.25,12.64,1926.42,1.176,443.26,99.15
WELL-010,2026-01-02T06:20:00,3074.54,21.91,10.31,110.37,18.12,1697.87,1.245,448.31,100.15
WELL-010,2026-01-02T06:40:00,3089.54,22.71,12.19,107.32,19.12,1739.82,1.199,465.53,98.13
WELL-010,2026-01-02T07:00:00,3103.85,19.48,14.7,120.66,13.93,1923.1,1.199,495.7,98.67
WELL-010,2026-01-02T07:20:00,3115.89,14.48,12.05,106.73,13.34,1910.81,1.219,441.68,102.95
WELL-010,2026-01-02T07:40:00,3130.99,24.78,11.07,111.02,16.09,1770.91,1.181,441.7,100.67
WELL-010,2026-01-02T08:00:00,3142.11,24.79,14.29,110.77,18.39,1707.63,1.213,460.25,101.43
WELL-010,2026-01-02T08:20:00,3158.18,18.8,11.36,115.18,15.83,1859.97,1.269,450.0,98.88
WELL-010,2026-01-02T08:40:00,3173.31,16.11,13.35,107.55,19.12,1807.55,1.195,436.03,98.68
WELL-010,2026-01-02T09:00:00,3186.25,17.58,9.23,115.47,15.83,1913.57,1.197,451.91,101.34
WELL-010,2026-01-02T09:20:00,3198.24,16.14,9.32,121.21,14.89,1653.94,1.215,428.06,99.09
WELL-010,2026-01-02T09:40:00,3214.93,19.58,12.9,102.46,16.3,1953.89,1.2,418.81,99.94
WELL-010,2026-01-02T10:00:00,3229.66,19.52,12.74,109.02,20.51,1659.72,1.18,446.74,100.0
WELL-010,2026-01-02T10:20:00,3243.57,19.0,10.02,107.68,14.97,1690.16,1.205,457.74,101.24
WELL-010,2026-01-02T10:40:00,3256.98,16.45,10.41,111.85,17.51,1590.91,1.218,458.1,99.76
WELL-010,2026-01-02T11:00:00,3270.58,19.69,11.66,107.12,14.9,1751.72,1.203,471.36,99.39
WELL-010,2026-01-02T11:20:00,3285.18,30.67,10.27,117.74,17.38,1753.35,1.25,486.17,101.79
WELL-010,2026-01-02T11:40:00,3298.97,24.14,11.55,115.25,21.86,1754.06,1.213,420.43,99.71
WELL-010,2026-01-02T12:00:00,3312.99,25.74,11.22,99.33,14.82,1879.6,1.193,480.04,99.43
WELL-010,2026-01-02T12:20:00,3325.68,17.48,10.22,107.08,16.14,1730.18,1.158,459.03,100.95
WELL-010,2026-01-02T12:40:00,3338.13,28.59,13.51,119.78,17.38,1751.08,1.175,445.84,100.48
WELL-010,2026-01-02T13:00:00,3353.19,19.81,11.97,116.55,18.72,1891.07,1.208,442.29,98.58
WELL-010,2026-01-02T13:20:00,3368.88,19.78,12.07,118.36,16.19,1792.64,1.189,475.79,98.44
WELL-010,2026-01-02T13:40:00,3383.0,20.38,14.07,100.7,12.02,1873.38,1.197,458.07,100.41
WELL-010,2026-01-02T14:00:00,3394.94,22.07,12.38,107.59,16.64,1852.78,1.169,440.19,101.27
WELL-010,2026-01-02T14:20:00,3410.41,13.07,9.24,109.04,18.31,2060.04,1.19,469.19,98.18
WELL-010,2026-01-02T14:40:00,3422.58,20.47,12.88,109.58,19.97,1786.08,1.184,427.22,99.46
WELL-010,2026-01-02T15:00:00,3439.91,21.09,14.13,122.43,14.48,1823.19,1.192,437.55,100.15
WELL-010,2026-01-02T15:20:00,3450.0,16.88,12.8,114.56,15.88,1928.13,1.191,439.54,98.05
WELL-010,2026-01-02T15:40:00,3466.01,22.79,12.15,105.02,18.67,1713.08,1.186,448.85,97.66
WELL-011,2026-01-01T00:00:00,1799.4,21.96,11.13,108.26,14.47,1739.81,1.2,478.95,100.45
WELL-011,2026-01-01T00:20:00,1812.1,25.27,11.76,84.93,14.98,1745.73,1.202,466.37,100.65
WELL-011,2026-01-01T00:40:00,1827.42,25.68,10.54,103.09,16.41,1771.57,1.167,464.64,99.41
WELL-011,2026-01-01T01:00:00,1842.94,23.88,13.82,106.89,19.7,1937.69,1.23,437.7,100.67
WELL-011,2026-01-01T01:20:00,1855.9,18.65,11.79,105.38,17.44,1733.66,1.19,476.5,98.43
WELL-011,2026-01-01T01:40:00,1869.68,26.15,13.24,101.81,15.19,1818.54,1.191,457.02,98.88
WELL-011,2026-01-01T02:00:00,1885.69,21.01,12.14,104.46,15.33,1953.55,1.207,441.46,100.94
WELL-011,2026-01-01T02:20:00,1899.32,26.97,7.84,101.73,18.64,1727.54,1.187,436.57,100.7
WELL-011,2026-01-01T02:40:00,1911.66,21.79,13.45,118.67,16.42,1805.18,1.223,451.3,100.89
WELL-011,2026-01-01T03:00:00,1924.5,19.87,11.14,112.59,21.26,1960.02,1.17,431.27,99.23
WELL-011,2026-01-01T03:20:00,1941.84,22.57,9.12,103.33,16.87,1743.57,1.23,433.01,100.58
WELL-011,2026-01-01T03:40:00,1955.75,17.57,11.64,109.28,19.07,1811.54,1.24,457.24,98.29
WELL-011,2026-01-01T04:00:00,1967.73,21.77,13.07,107.47,20.22,1704.52,1.2,446.92,104.02
WELL-011,2026-01-01T04:20:00,1981.74,22.41,10.01,106.74,16.79,1928.45,1.198,464.69,101.86
WELL-011,2026-01-01T04:40:00,1996.0,21.63,13.37,110.31,17.31,1761.62,1.185,455.91,98.17
WELL-011,2026-01-01T05:00:00,2010.48,17.21,10.46,111.68,16.07,1803.33,1.219,448.97,98.65
WELL-011,2026-01-01T05:20:00,2024.07,16.58,12.3,110.11,16.46,1774.72,1.218,459.34,101.2
WELL-011,2026-01-01T05:40:00,2038.64,21.04,13.99,96.91,14.63,1689.92,1.208,464.77,99.1
WELL-011,2026-01-01T06:00:00,2050.17,22.11,10.81,101.79,16.39,1685.7,1.217,473.78,102.41
WELL-011,2026-01-01T06:20:00,2067.32,22.78,12.05,108.73,14.91,1667.37,1.167,461.0,99.94
WELL-011,2026-01-01T06:40:00,2081.67,18.98,13.07,99.92,18.79,1849.98,1.191,476.66,100.63
WELL-011,2026-01-01T07:00:00,2093.39,27.46,12.26,111.5,16.99,1595.24,1.191,440.84,100.22
WELL-011,2026-01-01T07:20:00,2109.38,17.24,14.46,109.17,17.44,1786.39,1.213,488.26,100.37
WELL-011,2026-01-01T07:40:00,2120.78,25.39,12.33,101.03,17.15,1826.3,1.19,464.74,100.13
WELL-011,2026-01-01T08:00:00,2135.19,20.51,11.98,117.49,15.51,1789.55,1.164,461.6,99.51
WELL-011,2026-01-01T08:20:00,2151.91,17.15,12.86,104.07,16.28,1826.56,1.141,444.19,100.91
WELL-011,2026-01-01T08:40:00,2165.17,18.76,10.44,102.37,16.19,2031.24,1.205,427.55,97.58
WELL-011,2026-01-01T09:00:00,2177.82,22.26,10.11,112.32,17.53,1760.94,1.243,466.5,101.71
WELL-011,2026-01-01T09:20:00,2191.47,25.06,12.68,129.12,14.49,1914.39,1.19,476.75,100.43
WELL-011,2026-01-01T09:40:00,2206.31,26.01,14.01,113.33,17.79,1815.16,1.153,457.1,99.99
WELL-011,2026-01-01T10:00:00,2218.3,25.41,10.31,123.84,16.27,1954.79,1.203,427.48,98.3
WELL-011,2026-01-01T10:20:00,2234.55,18.2,10.74,109.91,19.1,1722.31,1.195,454.64,98.63
WELL-011,2026-01-01T10:40:00,2247.11,20.01,13.08,106.22,16.39,1786.92,1.15,453.72,99.78
WELL-011,2026-01-01T11:00:00,2262.44,19.69,11.64,104.32,15.97,1788.55,1.229,462.7,96.17
WELL-011,2026-01-01T11:20:00,2276.95,19.48,13.12,112.1,14.47,1899.55,1.214,433.97,101.32
WELL-011,2026-01-01T11:40:00,2290.04,18.81,12.0,119.78,16.53,1785.47,1.184,459.74,99.85
WELL-011,2026-01-01T12:00:00,2302.66,25.68,13.73,115.56,18.69,1775.11,1.247,425.92,98.65
WELL-011,2026-01-01T12:20:00,2317.53,20.55,11.54,102.02,15.73,1766.35,1.203,429.4,100.65
WELL-011,2026-01-01T12:40:00,2330.38,19.44,13.42,106.36,16.18,1958.95,1.178,413.46,100.68
WELL-011,2026-01-01T13:00:00,2346.42,18.43,12.2,108.91,14.21,1787.62,1.187,456.58,100.75
WELL-011,2026-01-01T13:20:00,2358.83,23.62,12.74,107.83,16.19,1807.98,1.24,441.82,100.58
WELL-011,2026-01-01T13:40:00,2374.39,20.23,11.4,108.06,17.09,1976.38,1.172,444.5,98.62
WELL-011,2026-01-01T14:00:00,2388.12,16.82,11.22,121.46,16.44,1854.58,1.194,455.03,100.65
WELL-011,2026-01-01T14:20:00,2403.84,16.99,13.98,99.88,17.1,1601.73,1.225,422.65,101.87
WELL-011,2026-01-01T14:40:00,2417.55,23.06,12.17,113.95,18.14,1703.88,1.168,415.05,99.41
WELL-011,2026-01-01T15:00:00,2430.05,21.7,14.12,103.95,19.96,1803.37,1.21,483.63,98.04
WELL-011,2026-01-01T15:20:00,2443.07,24.26,13.09,97.81,15.36,1756.34,1.211,452.97,100.94
WELL-011,2026-01-01T15:40:00,2458.62,20.8,13.67,110.23,18.51,1887.09,1.219,422.48,100.01
WELL-011,2026-01-01T16:00:00,2473.98,21.77,9.35,108.56,18.71,1993.87,1.191,430.15,101.34
WELL-011,2026-01-01T16:20:00,2485.07,20.26,10.45,110.67,18.14,1802.17,1.194,461.98,99.42
WELL-011,2026-01-01T16:40:00,2500.86,17.82,12.2,112.59,17.34,1942.31,1.222,451.95,100.24
WELL-011,2026-01-01T17:00:00,2515.24,23.06,12.14,109.86,18.77,1768.14,1.214,431.86,96.92
WELL-011,2026-01-01T17:20:00,2527.11,19.25,10.5,117.66,16.65,1839.83,1.2,453.29,101.89
WELL-011,2026-01-01T17:40:00,2541.0,23.96,11.97,108.68,15.51,1767.5,1.245,442.05,97.19
WELL-011,2026-01-01T18:00:00,2555.17,21.52,13.88,103.5,17.73,1886.32,1.178,464.92,99.18
WELL-011,2026-01-01T18:20:00,2570.95,14.99,13.09,111.45,14.03,1966.84,1.187,437.85,100.29
WELL-011,2026-01-01T18:40:00,2585.82,18.83,14.83,107.09,16.26,1773.12,1.217,464.64,99.78
WELL-011,2026-01-01T19:00:00,2597.53,17.49,10.7,102.7,18.47,1776.01,1.207,417.3,101.28
WELL-011,2026-01-01T19:20:00,2610.23,21.59,11.0,98.19,18.14,1909.49,1.192,433.02,99.48
WELL-011,2026-01-01T19:40:00,2626.66,25.33,12.91,114.95,18.62,1808.88,1.136,447.8,98.58
WELL-011,2026-01-01T20:00:00,2638.79,20.3,11.48,115.78,13.71,1706.94,1.237,421.82,101.3
WELL-011,2026-01-01T20:20:00,2653.52,17.06,12.01,98.53,17.42,1878.66,1.195,466.22,101.23
WELL-011,2026-01-01T20:40:00,2666.35,21.76,12.42,113.7,16.84,1784.65,1.2,420.15,103.34
WELL-011,2026-01-01T21:00:00,2682.82,17.73,12.4,110.77,17.52,1642.49,1.171,498.6,100.42
WELL-011,2026-01-01T21:20:00,2697.93,23.91,11.92,114.67,16.53,2001.89,1.18,441.22,99.66
WELL-011,2026-01-01T21:40:00,2709.29,18.88,11.85,114.73,17.41,1744.01,1.203,457.02,100.37
WELL-011,2026-01-01T22:00:00,2723.44,22.15,10.32,114.89,17.29,1716.67,1.166,444.46,101.48
WELL-011,2026-01-01T22:20:00,2738.09,20.29,13.32,111.96,20.4,1729.58,1.193,459.29,98.46
WELL-011,2026-01-01T22:40:00,2750.22,22.36,10.46,113.11,17.4,1682.01,1.183,431.44,100.96
WELL-011,2026-01-01T23:00:00,2767.95,22.27,14.22,115.33,15.05,1791.24,1.209,444.51,99.62
WELL-011,2026-01-01T23:20:00,2778.99,15.37,13.58,107.94,17.06,1843.78,1.268,440.42,94.72
WELL-011,2026-01-01T23:40:00,2792.92,25.35,10.52,118.08,17.33,1641.27,1.192,433.12,98.37
WELL-011,2026-01-02T00:00:00,2809.91,24.9,11.96,96.89,13.81,1850.7,1.17,477.52,100.55
WELL-011,2026-01-02T00:20:00,2822.06,24.7,10.73,115.98,16.71,1678.28,1.201,465.5,100.54
WELL-011,2026-01-02T00:40:00,2835.87,22.08,12.48,110.91,15.67,1845.08,1.187,473.85,101.42
WELL-011,2026-01-02T01:00:00,2851.99,19.16,11.48,114.61,16.73,1735.68,1.212,462.39,100.25
WELL-011,2026-01-02T01:20:00,2863.36,24.19,10.8,110.33,18.55,1661.63,1.235,445.81,99.79
WELL-011,2026-01-02T01:40:00,2879.02,18.2,11.52,120.02,14.77,1799.49,1.196,439.26,99.87
WELL-011,2026-01-02T02:00:00,2891.62,19.43,13.12,112.11,17.13,1785.84,1.207,456.19,98.23
WELL-011,2026-01-02T02:20:00,2905.88,18.8,10.66,126.92,21.11,1786.87,1.188,433.07,99.36
WELL-011,2026-01-02T02:40:00,2920.17,15.39,11.59,116.51,16.58,1651.42,1.221,436.09,100.35
WELL-011,2026-01-02T03:00:00,2934.16,24.25,10.85,117.5,14.79,2070.98,1.243,465.56,101.69
WELL-011,2026-01-02T03:20:00,2947.76,22.79,12.77,107.68,19.08,1727.83,1.179,449.87,98.32
WELL-011,2026-01-02T03:40:00,2962.34,22.23,14.07,112.37,17.93,1876.78,1.191,473.37,101.91
WELL-011,2026-01-02T04:00:00,2976.25,22.13,12.93,108.39,16.37,1783.47,1.181,422.49,100.36
WELL-011,2026-01-02T04:20:00,2991.03,17.75,11.87,103.6,16.51,1827.01,1.156,455.37,103.29
WELL-011,2026-01-02T04:40:00,3005.26,25.76,15.02,108.09,19.19,1552.65,1.207,486.35,98.83
WELL-011,2026-01-02T05:00:00,3016.99,24.03,12.01,105.08,16.29,1661.36,1.185,428.74,98.58
WELL-011,2026-01-02T05:20:00,3032.72,26.14,12.91,104.89,16.5,1688.62,1.188,434.94,98.42
WELL-011,2026-01-02T05:40:00,3045.19,18.66,13.24,109.73,17.72,1710.76,1.181,419.16,97.57
WELL-011,2026-01-02T06:00:00,3060.76,23.72,10.97,106.48,14.89,1911.41,1.172,498.6,102.65
WELL-011,2026-01-02T06:20:00,3072.31,18.26,9.98,104.15,20.44,1872.29,1.201,453.08,101.29
WELL-011,2026-01-02T06:40:00,3089.87,23.97,11.7,103.44,15.89,1922.33,1.163,438.96,103.08
WELL-011,2026-01-02T07:00:00,3101.45,20.46,13.59,100.78,18.08,1819.96,1.162,420.13,101.83
WELL-011,2026-01-02T07:20:00,3115.6,24.31,12.1,104.61,14.77,1574.84,1.21,455.24,98.76
WELL-011,2026-01-02T07:40:00,3131.87,20.03,10.64,114.56,14.38,1765.53,1.209,447.14,99.84
WELL-011,2026-01-02T08:00:00,3143.05,23.01,13.41,126.35,20.71,1882.26,1.169,454.2,102.0
WELL-011,2026-01-02T08:20:00,3159.17,20.34,13.82,104.65,18.84,1824.01,1.181,484.32,97.07
WELL-011,2026-01-02T08:40:00,3172.91,21.89,11.88,109.74,15.28,1707.66,1.193,462.36,101.14
WELL-011,2026-01-02T09:00:00,3186.89,21.51,12.01,112.84,14.65,1768.08,1.235,457.97,101.24
WELL-011,2026-01-02T09:20:00,3201.99,23.29,14.04,101.84,18.8,1719.19,1.188,435.39,101.71
WELL-011,2026-01-02T09:40:00,3213.36,22.7,11.32,125.28,13.79,1879.84,1.17,446.04,101.17
WELL-011,2026-01-02T10:00:00,3228.34,18.79,14.22,115.92,21.04,1754.96,1.193,429.64,102.01
WELL-011,2026-01-02T10:20:00,3242.9,25.14,12.6,117.87,19.15,1883.98,1.212,462.4,102.41
WELL-011,2026-01-02T10:40:00,3255.63,19.91,11.72,111.34,21.23,1850.2,1.194,441.9,97.39
WELL-011,2026-01-02T11:00:00,3271.34,23.28,13.02,107.57,16.81,1712.66,1.141,431.86,100.89
WELL-011,2026-01-02T11:20:00,3285.53,21.59,12.21,116.14,18.28,1831.98,1.174,455.01,99.72
WELL-011,2026-01-02T11:40:00,3299.99,19.63,11.58,106.13,18.36,1581.29,1.251,486.92,99.13
WELL-011,2026-01-02T12:00:00,3313.1,18.88,10.5,111.9,18.2,1716.12,1.224,446.72,100.01
WELL-011,2026-01-02T12:20:00,3325.6,20.28,11.02,100.07,16.12,1646.88,1.191,442.66,101.63
WELL-011,2026-01-02T12:40:00,3339.13,21.52,9.91,122.09,12.65,1979.21,1.202,454.9,98.98
WELL-011,2026-01-02T13:00:00,3352.34,17.59,10.86,109.42,15.8,1871.06,1.2,473.01,97.18
WELL-011,2026-01-02T13:20:00,3368.21,13.21,8.34,101.95,26.14,1860.28,1.281,449.82,96.0
WELL-011,2026-01-02T13:40:00,3383.39,16.48,12.96,107.9,23.56,1758.03,1.267,470.53,94.9
WELL-011,2026-01-02T14:00:00,3395.83,11.15,12.32,113.35,24.39,1647.55,1.32,473.53,92.77
WELL-011,2026-01-02T14:20:00,3411.38,12.35,12.82,115.38,24.09,1802.95,1.274,435.48,94.49
WELL-011,2026-01-02T14:40:00,3424.51,12.4,12.09,112.13,23.15,1762.47,1.289,469.33,91.82
WELL-011,2026-01-02T15:00:00,3436.35,13.52,11.02,115.92,23.51,1776.91,1.287,442.88,93.83
WELL-011,2026-01-02T15:20:00,3452.71,20.66,13.15,114.35,19.58,1869.86,1.2,426.99,101.84
WELL-011,2026-01-02T15:40:00,3466.72,13.11,10.49,96.03,14.32,1529.04,1.21,440.43,100.17
WELL-012,2026-01-01T00:00:00,1801.03,19.26,11.85,109.72,16.16,1651.96,1.238,440.71,100.64
WELL-012,2026-01-01T00:20:00,1814.81,24.31,10.42,117.09,16.49,1781.4,1.157,426.97,98.85
WELL-012,2026-01-01T00:40:00,1827.42,24.96,12.6,110.58,18.41,1818.52,1.212,442.74,99.8
WELL-012,2026-01-01T01:00:00,1842.15,20.79,11.29,109.11,12.55,2092.14,1.192,451.89,100.08
WELL-012,2026-01-01T01:20:00,1857.62,25.27,15.31,111.46,18.88,1778.71,1.174,443.08,102.98
WELL-012,2026-01-01T01:40:00,1870.25,19.36,11.47,114.01,15.23,1612.82,1.196,447.28,98.73
WELL-012,2026-01-01T02:00:00,1883.56,17.09,11.77,113.76,17.94,1929.29,1.2,403.23,100.16
WELL-012,2026-01-01T02:20:00,1896.2,17.69,10.4,119.69,15.52,1696.41,1.212,471.95,101.9
WELL-012,2026-01-01T02:40:00,1912.57,19.03,11.78,104.89,19.23,1712.88,1.206,437.64,98.62
WELL-012,2026-01-01T03:00:00,1927.92,18.85,12.22,108.62,15.94,1568.78,1.191,453.24,98.23
WELL-012,2026-01-01T03:20:00,1940.44,19.19,11.61,110.29,17.82,1986.69,1.184,456.41,100.81
WELL-012,2026-01-01T03:40:00,1955.39,23.06,9.7,107.64,14.7,1677.78,1.208,445.95,99.57
WELL-012,2026-01-01T04:00:00,1966.83,20.52,13.82,123.13,16.42,1717.39,1.211,427.77,100.62
WELL-012,2026-01-01T04:20:00,1983.73,17.12,11.75,121.97,19.2,1839.39,1.203,488.35,101.8
WELL-012,2026-01-01T04:40:00,1996.55,22.0,11.61,105.39,18.28,1768.61,1.199,407.51,100.75
WELL-012,2026-01-01T05:00:00,2008.96,26.08,13.82,107.23,14.4,1835.15,1.159,466.71,100.78
WELL-012,2026-01-01T05:20:00,2025.78,21.19,11.22,127.78,14.78,1783.16,1.194,427.87,101.86
WELL-012,2026-01-01T05:40:00,2039.43,19.16,12.81,113.86,16.53,1754.98,1.185,463.05,97.65
WELL-012,2026-01-01T06:00:00,2050.28,18.34,11.97,114.33,17.38,1926.25,1.216,437.81,103.89
WELL-012,2026-01-01T06:20:00,2064.0,26.99,11.07,116.02,15.06,2053.96,1.187,439.83,100.35
WELL-012,2026-01-01T06:40:00,2078.18,23.02,11.0,122.37,17.98,1886.07,1.2,418.84,98.78
WELL-012,2026-01-01T07:00:00,2093.12,23.1,10.72,104.07,18.06,1962.15,1.153,486.08,101.75
WELL-012,2026-01-01T07:20:00,2108.43,18.63,10.51,111.47,14.6,1884.11,1.165,434.8,100.87
WELL-012,2026-01-01T07:40:00,2120.35,13.87,11.41,115.94,16.37,1866.46,1.216,460.64,99.77
WELL-012,2026-01-01T08:00:00,2134.78,23.57,11.75,116.16,15.42,1785.57,1.206,479.19,98.39
WELL-012,2026-01-01T08:20:00,2151.99,23.45,10.75,107.14,15.65,1748.92,1.184,475.53,99.74
WELL-012,2026-01-01T08:40:00,2163.13,16.32,13.4,114.28,15.37,1619.51,1.228,439.52,100.63
WELL-012,2026-01-01T09:00:00,2178.39,14.24,12.81,105.53,17.75,1785.54,1.174,452.28,100.69
WELL-012,2026-01-01T09:20:00,2192.7,21.03,12.33,102.94,13.24,1805.79,1.181,471.63,100.27
WELL-012,2026-01-01T09:40:00,2204.59,24.67,11.89,114.88,17.68,1836.48,1.22,422.85,101.29
WELL-012,2026-01-01T10:00:00,2219.32,23.3,9.54,119.72,17.53,1720.92,1.193,471.69,97.82
WELL-012,2026-01-01T10:20:00,2235.48,22.05,11.87,116.16,15.38,1530.79,1.213,468.03,102.09
WELL-012,2026-01-01T10:40:00,2246.39,18.94,12.5,121.42,16.37,1814.64,1.216,458.34,100.26
WELL-012,2026-01-01T11:00:00,2260.94,19.79,13.11,115.46,18.54,1825.57,1.188,409.08,103.6
WELL-012,2026-01-01T11:20:00,2277.14,21.19,12.92,112.37,15.76,1893.31,1.183,441.41,100.44
WELL-012,2026-01-01T11:40:00,2291.63,15.95,10.6,108.5,15.72,1649.73,1.196,446.33,101.12
WELL-012,2026-01-01T12:00:00,2304.58,22.57,13.23,108.18,16.31,1719.32,1.212,438.65,102.22
WELL-012,2026-01-01T12:20:00,2317.09,20.25,10.87,107.62,17.97,1634.85,1.202,435.06,100.49
WELL-012,2026-01-01T12:40:00,2333.31,17.44,9.99,102.09,17.85,1837.84,1.198,416.79,102.33
WELL-012,2026-01-01T13:00:00,2344.78,21.07,15.61,104.24,13.78,1826.14,1.242,442.83,100.32
WELL-012,2026-01-01T13:20:00,2359.55,22.07,12.41,101.48,14.4,1778.86,1.225,423.67,96.23
WELL-012,2026-01-01T13:40:00,2372.25,24.68,12.8,94.12,19.19,1812.17,1.226,485.21,102.05
WELL-012,2026-01-01T14:00:00,2386.5,28.62,11.62,107.27,18.46,1718.93,1.192,453.78,101.57
WELL-012,2026-01-01T14:20:00,2402.6,20.81,11.12,98.44,12.88,1896.89,1.22,460.68,101.13
WELL-012,2026-01-01T14:40:00,2416.55,27.65,11.74,110.32,17.74,1827.65,1.164,438.65,100.16
WELL-012,2026-01-01T15:00:00,2430.76,21.93,12.08,108.18,15.77,1692.69,1.21,414.98,102.67
WELL-012,2026-01-01T15:20:00,2442.27,21.12,13.66,111.02,16.63,1723.93,1.265,464.86,99.12
WELL-012,2026-01-01T15:40:00,2456.01,20.59,12.57,92.76,16.43,2060.37,1.169,413.33,100.5
WELL-012,2026-01-01T16:00:00,2473.22,19.87,13.52,104.35,13.03,1696.55,1.194,424.01,97.48
WELL-012,2026-01-01T16:20:00,2485.69,14.68,12.6,99.73,20.51,1834.84,1.279,428.85,100.53
WELL-012,2026-01-01T16:40:00,2499.7,15.47,12.99,96.15,14.54,1676.17,1.199,447.01,98.35
WELL-012,2026-01-01T17:00:00,2512.97,21.77,11.01,113.75,14.3,1689.36,1.193,446.99,99.04
WELL-012,2026-01-01T17:20:00,2526.89,20.62,11.17,110.43,15.0,1865.73,1.24,455.35,100.34
WELL-012,2026-01-01T17:40:00,2542.75,18.43,9.64,106.72,15.21,1813.73,1.206,443.71,96.58
WELL-012,2026-01-01T18:00:00,2557.83,19.55,11.81,105.81,15.19,1809.12,1.153,476.12,97.39
WELL-012,2026-01-01T18:20:00,2568.17,18.82,10.73,99.4,19.22,1701.06,1.19,415.45,99.14
WELL-012,2026-01-01T18:40:00,2584.31,21.15,11.02,99.95,21.09,1801.87,1.22,444.59,100.49
WELL-012,2026-01-01T19:00:00,2598.66,17.82,11.67,114.6,16.63,1839.75,1.179,438.31,100.08
WELL-012,2026-01-01T19:20:00,2611.43,19.66,12.06,118.84,15.93,1616.29,1.209,442.12,98.53
WELL-012,2026-01-01T19:40:00,2624.87,20.82,9.81,99.2,18.42,1922.69,1.184,430.69,100.09
WELL-012,2026-01-01T20:00:00,2641.4,16.2,12.06,108.6,15.71,1806.8,1.207,455.75,98.34
WELL-012,2026-01-01T20:20:00,2652.8,24.69,11.42,118.16,19.4,1713.55,1.211,440.71,98.46
WELL-012,2026-01-01T20:40:00,2666.14,17.7,12.3,104.47,19.84,1773.27,1.219,440.48,97.41
WELL-012,2026-01-01T21:00:00,2683.49,18.81,12.59,98.62,17.43,1781.38,1.188,443.06,100.89
WELL-012,2026-01-01T21:20:00,2697.64,23.61,11.97,105.37,16.68,1714.53,1.154,435.88,100.44
WELL-012,2026-01-01T21:40:00,2710.66,23.83,12.01,110.13,15.94,1859.92,1.226,402.57,98.95
WELL-012,2026-01-01T22:00:00,2723.72,20.71,10.58,109.29,19.92,1853.61,1.222,446.88,101.85
WELL-012,2026-01-01T22:20:00,2737.67,21.85,10.62,109.99,16.3,1730.9,1.171,453.83,96.87
WELL-012,2026-01-01T22:40:00,2751.63,25.15,12.99,106.77,14.42,1622.69,1.185,439.95,101.0
WELL-012,2026-01-01T23:00:00,2767.31,25.93,10.89,122.27,20.87,1985.78,1.192,438.29,101.31
WELL-012,2026-01-01T23:20:00,2778.72,13.08,11.48,112.15,33.57,1856.07,1.305,440.9,92.95
WELL-012,2026-01-01T23:40:00,2795.32,9.4,13.22,107.89,28.95,1717.74,1.285,444.7,95.24
WELL-012,2026-01-02T00:00:00,2806.95,13.06,12.49,104.53,23.66,1829.08,1.238,428.33,94.29
WELL-012,2026-01-02T00:20:00,2821.75,15.45,13.62,111.44,24.29,1796.52,1.275,451.62,95.86
WELL-012,2026-01-02T00:40:00,2836.3,11.8,9.98,89.44,26.68,1589.73,1.29,438.73,94.59
WELL-012,2026-01-02T01:00:00,2850.86,10.38,12.51,107.96,26.48,1872.71,1.332,454.72,96.16
WELL-012,2026-01-02T01:20:00,2865.76,19.1,12.03,116.8,15.14,1873.77,1.212,444.01,101.1
WELL-012,2026-01-02T01:40:00,2879.17,18.34,12.62,110.17,14.63,1727.02,1.194,452.68,98.04
WELL-012,2026-01-02T02:00:00,2893.52,22.87,12.03,99.7,17.28,1970.87,1.16,420.1,102.67
WELL-012,2026-01-02T02:20:00,2907.46,18.76,11.11,97.06,13.41,1828.0,1.173,458.2,101.7
WELL-012,2026-01-02T02:40:00,2919.08,18.34,11.65,95.7,20.52,1696.64,1.177,443.46,99.7
WELL-012,2026-01-02T03:00:00,2934.93,18.75,11.31,100.92,16.02,1842.9,1.136,472.42,97.39
WELL-012,2026-01-02T03:20:00,2946.39,28.75,11.04,103.85,17.7,1731.19,1.186,475.98,99.59
WELL-012,2026-01-02T03:40:00,2962.39,20.97,15.32,98.84,18.61,1951.75,1.243,441.85,100.01
WELL-012,2026-01-02T04:00:00,2975.97,18.81,11.38,117.55,13.73,1607.42,1.233,443.27,100.4
WELL-012,2026-01-02T04:20:00,2989.46,18.3,10.22,109.49,13.75,1659.53,1.232,497.94,101.81
WELL-012,2026-01-02T04:40:00,3003.43,18.3,13.18,132.96,17.94,1797.84,1.199,442.27,101.2
WELL-012,2026-01-02T05:00:00,3017.51,20.38,11.75,108.89,18.85,1908.45,1.235,454.24,99.78
WELL-012,2026-01-02T05:20:00,3032.5,16.37,11.73,112.52,18.63,1735.67,1.214,442.97,101.58
WELL-012,2026-01-02T05:40:00,3044.56,18.65,13.5,117.45,13.67,1726.64,1.239,461.58,97.88
WELL-012,2026-01-02T06:00:00,3059.51,21.85,13.52,105.9,15.66,1809.69,1.218,442.99,97.98
WELL-012,2026-01-02T06:20:00,3075.4,20.87,13.97,89.05,15.94,1823.35,1.219,430.98,99.75
WELL-012,2026-01-02T06:40:00,3089.87,20.33,9.53,102.95,17.12,1711.93,1.163,426.57,99.06
WELL-012,2026-01-02T07:00:00,3102.0,20.74,12.5,90.46,18.33,1740.02,1.202,421.61,101.78
WELL-012,2026-01-02T07:20:00,3115.38,21.96,13.13,109.29,14.58,1868.25,1.185,440.05,99.56
WELL-012,2026-01-02T07:40:00,3128.61,17.02,9.39,106.64,18.58,1970.1,1.212,441.39,100.65
WELL-012,2026-01-02T08:00:00,3144.43,26.47,12.22,99.62,17.24,1900.69,1.2,432.13,99.14
WELL-012,2026-01-02T08:20:00,3157.43,19.52,17.54,109.49,14.7,1933.51,1.201,435.08,96.84
WELL-012,2026-01-02T08:40:00,3171.71,25.39,12.51,92.71,18.2,1839.29,1.189,487.06,96.22
WELL-012,2026-01-02T09:00:00,3184.18,17.99,13.08,116.26,14.01,1956.3,1.189,431.42,99.55
WELL-012,2026-01-02T09:20:00,3198.08,18.26,12.19,97.26,16.15,1954.86,1.222,449.72,98.51
WELL-012,2026-01-02T09:40:00,3212.44,18.44,12.0,110.92,19.67,1862.93,1.203,472.94,102.89
WELL-012,2026-01-02T10:00:00,3229.97,24.21,12.73,108.33,14.48,1795.34,1.238,395.58,99.28
WELL-012,2026-01-02T10:20:00,3240.11,21.34,10.98,117.44,19.33,1885.59,1.205,439.52,98.51
WELL-012,2026-01-02T10:40:00,3255.57,17.16,12.33,109.66,18.16,1711.74,1.199,447.63,101.94
WELL-012,2026-01-02T11:00:00,3271.15,23.43,12.42,116.9,14.27,1751.11,1.204,454.86,96.63
WELL-012,2026-01-02T11:20:00,3283.49,17.18,12.47,109.03,15.02,1584.47,1.19,452.85,98.01
WELL-012,2026-01-02T11:40:00,3299.24,23.55,12.63,113.69,16.9,1797.71,1.175,461.23,100.65
WELL-012,2026-01-02T12:00:00,3312.75,21.82,14.67,111.13,16.89,1811.39,1.182,432.77,101.3
WELL-012,2026-01-02T12:20:00,3327.49,19.6,11.2,104.11,15.76,1764.69,1.186,486.43,99.69
WELL-012,2026-01-02T12:40:00,3338.26,22.58,10.3,105.14,16.83,1704.52,1.198,449.47,99.39
WELL-012,2026-01-02T13:00:00,3353.48,19.46,11.56,112.37,16.79,1635.55,1.219,479.43,102.28
WELL-012,2026-01-02T13:20:00,3367.19,24.42,9.85,101.32,15.78,1830.03,1.184,452.27,99.98
WELL-012,2026-01-02T13:40:00,3380.05,18.69,11.35,134.24,17.05,1789.54,1.181,428.71,98.57
WELL-012,2026-01-02T14:00:00,3396.01,18.24,12.83,109.24,17.29,1805.47,1.202,439.2,96.79
WELL-012,2026-01-02T14:20:00,3411.31,23.24,10.84,100.64,16.52,1697.88,1.179,434.13,100.98
WELL-012,2026-01-02T14:40:00,3422.92,16.9,11.52,112.57,14.85,1980.44,1.2,448.04,98.64
WELL-012,2026-01-02T15:00:00,3437.08,23.55,13.19,104.98,16.25,1835.04,1.256,461.14,99.2
WELL-012,2026-01-02T15:20:00,3453.77,23.13,11.29,116.36,16.24,1737.71,1.206,442.86,99.81
WELL-012,2026-01-02T15:40:00,3466.64,16.93,10.7,125.5,20.99,1602.4,1.233,459.74,99.91
WELL-013,2026-01-01T00:00:00,1800.43,19.58,11.61,101.63,17.6,1757.74,1.2,455.01,98.61
WELL-013,2026-01-01T00:20:00,1813.05,21.16,10.59,109.03,15.67,1884.78,1.221,461.01,101.38
WELL-013,2026-01-01T00:40:00,1828.12,21.24,11.76,102.37,22.08,1741.7,1.169,462.42,101.55
WELL-013,2026-01-01T01:00:00,1841.29,15.84,12.31,117.05,19.56,1829.58,1.246,477.28,101.76
WELL-013,2026-01-01T01:20:00,1856.41,23.24,14.27,102.43,16.58,1765.97,1.187,454.26,99.11
WELL-013,2026-01-01T01:40:00,1870.36,19.39,12.62,107.96,18.55,1690.63,1.174,430.26,100.27
WELL-013,2026-01-01T02:00:00,1883.46,20.43,12.52,108.3,16.93,1827.95,1.188,443.87,98.83
WELL-013,2026-01-01T02:20:00,1899.71,23.49,11.98,117.07,17.71,1636.66,1.211,430.18,96.7
WELL-013,2026-01-01T02:40:00,1913.99,20.87,11.0,117.81,14.34,1885.48,1.209,454.58,101.2
WELL-013,2026-01-01T03:00:00,1926.08,19.76,10.02,105.75,18.71,1767.84,1.215,458.35,99.3
WELL-013,2026-01-01T03:20:00,1940.37,21.64,11.25,108.12,18.99,1868.0,1.195,422.84,101.95
WELL-013,2026-01-01T03:40:00,1955.46,19.17,11.77,93.73,13.64,1719.25,1.193,424.43,100.39
WELL-013,2026-01-01T04:00:00,1968.74,25.74,12.36,100.67,17.36,1830.98,1.229,396.17,102.19
WELL-013,2026-01-01T04:20:00,1980.79,19.52,8.7,103.14,18.01,1696.74,1.228,444.5,100.29
WELL-013,2026-01-01T04:40:00,1995.5,20.27,9.38,108.59,15.52,1966.28,1.194,466.37,100.47
WELL-013,2026-01-01T05:00:00,2010.52,21.13,12.14,111.61,19.25,2063.88,1.195,473.42,103.7
WELL-013,2026-01-01T05:20:00,2024.79,27.12,12.14,110.18,15.12,1714.91,1.207,448.61,101.53
WELL-013,2026-01-01T05:40:00,2037.54,19.98,12.83,108.47,15.79,1877.94,1.211,451.11,101.1
WELL-013,2026-01-01T06:00:00,2052.94,24.1,12.87,99.3,19.65,1979.37,1.204,416.39,100.93
WELL-013,2026-01-01T06:20:00,2067.47,18.63,11.45,115.18,15.4,1708.02,1.229,436.29,98.98
WELL-013,2026-01-01T06:40:00,2078.32,20.16,11.07,117.24,18.95,1626.88,1.187,452.94,101.02
WELL-013,2026-01-01T07:00:00,2093.47,23.03,12.66,107.29,16.52,1860.87,1.208,430.5,98.76
WELL-013,2026-01-01T07:20:00,2106.73,19.65,11.14,110.82,15.65,1741.23,1.195,487.85,101.31
WELL-013,2026-01-01T07:40:00,2120.02,25.64,12.96,101.69,18.51,1748.69,1.211,458.35,101.94
WELL-013,2026-01-01T08:00:00,2134.4,21.35,11.0,108.75,16.65,1695.08,1.166,449.79,97.27
WELL-013,2026-01-01T08:20:00,2150.75,23.51,9.64,102.76,18.39,1868.51,1.194,442.16,97.96
WELL-013,2026-01-01T08:40:00,2162.68,18.7,12.25,106.39,18.43,1899.88,1.172,421.93,97.26
WELL-013,2026-01-01T09:00:00,2178.69,24.45,12.74,115.02,15.3,1796.28,1.218,462.45,98.03
WELL-013,2026-01-01T09:20:00,2193.85,19.87,12.0,100.98,17.29,1743.5,1.212,465.67,101.06
WELL-013,2026-01-01T09:40:00,2206.84,21.0,10.7,115.16,18.77,1835.8,1.219,429.42,99.09
WELL-013,2026-01-01T10:00:00,2219.84,22.69,11.12,97.84,13.74,1879.3,1.218,414.21,100.83
WELL-013,2026-01-01T10:20:00,2235.04,21.16,12.6,118.03,15.54,1864.96,1.205,450.27,97.94
WELL-013,2026-01-01T10:40:00,2248.4,24.68,12.01,106.43,19.41,1998.13,1.246,463.65,99.94
WELL-013,2026-01-01T11:00:00,2261.16,14.69,11.98,107.82,20.59,2107.26,1.168,457.92,98.72
WELL-013,2026-01-01T11:20:00,2277.11,18.36,12.88,104.83,16.7,1738.95,1.236,446.68,101.03
WELL-013,2026-01-01T11:40:00,2288.9,23.03,8.14,106.4,17.49,1772.31,1.193,446.1,98.26
WELL-013,2026-01-01T12:00:00,2305.07,16.63,12.19,108.9,17.33,1698.23,1.201,503.13,99.87
WELL-013,2026-01-01T12:20:00,2319.78,23.1,11.22,118.75,13.45,1763.12,1.199,476.2,100.09
WELL-013,2026-01-01T12:40:00,2333.35,20.9,14.24,111.86,15.7,1841.04,1.217,487.47,99.7
WELL-013,2026-01-01T13:00:00,2346.72,24.0,13.79,116.91,15.21,1817.33,1.189,465.38,96.17
WELL-013,2026-01-01T13:20:00,2360.95,23.07,11.25,111.15,17.95,1950.14,1.188,447.54,98.43
WELL-013,2026-01-01T13:40:00,2372.8,18.84,10.88,96.57,16.56,1767.56,1.188,451.4,98.87
WELL-013,2026-01-01T14:00:00,2388.7,21.8,15.11,106.82,17.23,1890.1,1.207,447.24,99.21
WELL-013,2026-01-01T14:20:00,2400.47,18.93,12.68,105.71,13.98,1832.06,1.217,473.09,100.85
WELL-013,2026-01-01T14:40:00,2417.73,22.18,12.59,106.46,15.99,1574.89,1.218,479.15,97.6
WELL-013,2026-01-01T15:00:00,2428.2,20.68,11.79,115.24,19.7,1702.77,1.175,415.27,98.91
WELL-013,2026-01-01T15:20:00,2442.32,21.57,11.5,115.41,14.03,1755.26,1.225,476.44,97.05
WELL-013,2026-01-01T15:40:00,2458.86,18.12,12.9,102.76,13.04,1743.33,1.232,441.79,100.47
WELL-013,2026-01-01T16:00:00,2473.39,21.86,14.4,110.7,17.09,1775.29,1.238,456.37,100.39
WELL-013,2026-01-01T16:20:00,2486.62,20.41,10.42,119.19,16.02,1807.97,1.172,468.82,100.22
WELL-013,2026-01-01T16:40:00,2500.81,20.34,12.29,104.81,19.2,1960.43,1.256,484.18,100.12
WELL-013,2026-01-01T17:00:00,2514.17,16.25,11.61,116.53,16.65,1644.39,1.233,493.91,99.32
WELL-013,2026-01-01T17:20:00,2528.02,17.79,11.12,100.51,14.05,1982.2,1.197,487.62,98.69
WELL-013,2026-01-01T17:40:00,2541.88,12.05,12.24,124.9,17.01,1922.46,1.197,454.99,101.29
WELL-013,2026-01-01T18:00:00,2557.57,24.24,12.3,110.49,18.54,1785.27,1.181,472.11,103.48
WELL-013,2026-01-01T18:20:00,2571.86,21.4,12.96,99.53,16.56,1768.93,1.219,441.51,99.23
WELL-013,2026-01-01T18:40:00,2582.36,21.65,12.8,123.94,17.03,1785.2,1.173,472.13,100.0
WELL-013,2026-01-01T19:00:00,2596.21,21.68,13.99,100.24,15.94,1785.5,1.181,454.37,97.36
WELL-013,2026-01-01T19:20:00,2613.27,20.14,15.01,108.76,15.73,1755.35,1.179,435.53,103.35
WELL-013,2026-01-01T19:40:00,2625.59,24.21,9.73,109.47,19.01,1782.37,1.19,447.42,101.86
WELL-013,2026-01-01T20:00:00,2641.45,19.75,9.77,109.04,15.0,1804.36,1.245,476.12,99.85
WELL-013,2026-01-01T20:20:00,2653.04,26.96,12.39,117.66,16.48,1900.52,1.231,444.02,99.11
WELL-013,2026-01-01T20:40:00,2667.26,18.16,11.24,109.8,13.43,1749.6,1.227,435.76,98.56
WELL-013,2026-01-01T21:00:00,2680.77,17.81,14.85,106.14,19.57,1905.49,1.2,447.74,98.6
WELL-013,2026-01-01T21:20:00,2696.21,15.44,11.95,113.65,16.44,1737.0,1.185,451.35,99.27
WELL-013,2026-01-01T21:40:00,2708.65,21.46,13.37,115.62,17.37,1917.28,1.217,486.14,100.39
WELL-013,2026-01-01T22:00:00,2724.06,18.52,13.26,116.83,18.29,1700.7,1.24,477.09,100.12
WELL-013,2026-01-01T22:20:00,2738.33,24.4,13.26,118.23,13.29,1827.07,1.235,445.84,99.41
WELL-013,2026-01-01T22:40:00,2753.92,19.77,14.22,113.2,16.36,1929.26,1.193,450.9,100.82
WELL-013,2026-01-01T23:00:00,2764.28,20.46,12.74,105.61,17.11,1835.88,1.205,445.6,97.88
WELL-013,2026-01-01T23:20:00,2778.51,13.89,12.7,105.04,27.28,1712.52,1.286,459.35,93.44
WELL-013,2026-01-01T23:40:00,2794.56,14.42,10.84,112.79,25.24,1758.44,1.26,450.83,92.86
WELL-013,2026-01-02T00:00:00,2808.77,11.87,13.29,89.08,22.02,1869.85,1.291,458.77,94.27
WELL-013,2026-01-02T00:20:00,2822.66,12.27,13.24,117.13,30.03,1838.63,1.267,419.8,96.49
WELL-013,2026-01-02T00:40:00,2835.12,14.73,12.06,102.74,28.28,1675.02,1.31,445.14,96.07
WELL-013,2026-01-02T01:00:00,2849.24,15.46,14.34,110.89,27.2,1962.16,1.249,436.81,95.41
WELL-013,2026-01-02T01:20:00,2864.33,18.86,10.09,95.4,19.12,1666.34,1.143,454.68,101.56
WELL-013,2026-01-02T01:40:00,2879.03,18.34,9.49,109.68,16.69,1791.17,1.158,457.57,100.29
WELL-013,2026-01-02T02:00:00,2890.59,18.46,11.68,114.54,15.12,1872.22,1.205,422.11,101.55
WELL-013,2026-01-02T02:20:00,2906.61,21.91,10.64,118.73,14.65,1692.21,1.23,469.89,102.36
WELL-013,2026-01-02T02:40:00,2921.02,22.68,8.51,113.59,18.8,1723.83,1.217,486.59,99.96
WELL-013,2026-01-02T03:00:00,2933.67,20.45,14.17,109.39,20.45,1859.09,1.194,481.73,101.21
WELL-013,2026-01-02T03:20:00,2949.46,22.97,13.43,101.18,15.16,1770.6,1.224,445.48,100.99
WELL-013,2026-01-02T03:40:00,2962.0,18.5,12.56,102.36,16.17,1745.7,1.246,467.34,98.07
WELL-013,2026-01-02T04:00:00,2977.77,24.3,11.02,118.15,21.1,1780.59,1.235,436.32,99.49
WELL-013,2026-01-02T04:20:00,2988.25,19.59,13.54,118.12,22.18,1693.65,1.218,441.73,99.27
WELL-013,2026-01-02T04:40:00,3004.27,23.51,12.66,106.54,18.81,1858.41,1.197,455.41,101.83
WELL-013,2026-01-02T05:00:00,3018.53,21.1,10.42,102.6,15.97,1779.97,1.208,440.2,98.49
WELL-013,2026-01-02T05:20:00,3030.44,22.3,6.4,113.42,15.86,1814.55,1.232,456.43,102.0
WELL-013,2026-01-02T05:40:00,3047.27,25.01,15.49,107.16,17.92,1970.09,1.172,468.31,101.11
WELL-013,2026-01-02T06:00:00,3060.51,22.22,10.37,114.26,16.04,1809.84,1.178,445.43,102.53
WELL-013,2026-01-02T06:20:00,3073.74,21.34,12.77,109.44,19.34,1668.11,1.227,444.58,103.1
WELL-013,2026-01-02T06:40:00,3089.06,14.86,11.42,95.55,15.56,1676.27,1.214,463.45,100.58
WELL-013,2026-01-02T07:00:00,3101.67,19.17,14.26,101.15,18.49,1674.24,1.234,439.94,100.38
WELL-013,2026-01-02T07:20:00,3114.76,17.86,9.89,111.34,19.4,1831.06,1.191,471.41,101.81
WELL-013,2026-01-02T07:40:00,3130.38,19.25,9.47,107.99,16.2,1859.45,1.219,399.6,97.06
WELL-013,2026-01-02T08:00:00,3143.94,21.1,10.51,99.41,15.2,1752.51,1.187,424.42,97.87
WELL-013,2026-01-02T08:20:00,3157.66,23.63,11.99,109.97,18.24,2014.39,1.194,397.7,99.41
WELL-013,2026-01-02T08:40:00,3172.17,21.68,9.9,104.61,15.15,1730.24,1.193,474.72,99.01
WELL-013,2026-01-02T09:00:00,3184.31,22.26,9.56,102.94,21.07,1955.17,1.205,416.55,100.01
WELL-013,2026-01-02T09:20:00,3200.47,19.99,12.69,103.22,16.93,2052.58,1.203,449.85,100.65
WELL-013,2026-01-02T09:40:00,3215.64,18.56,10.25,91.67,14.08,1903.83,1.21,456.13,100.89
WELL-013,2026-01-02T10:00:00,3226.19,23.09,11.92,111.89,14.77,1823.37,1.199,479.47,99.81
WELL-013,2026-01-02T10:20:00,3241.46,20.2,12.62,111.53,16.51,1845.14,1.193,427.36,100.39
WELL-013,2026-01-02T10:40:00,3256.09,23.4,10.8,108.47,17.45,1751.02,1.181,458.94,100.58
WELL-013,2026-01-02T11:00:00,3270.06,27.71,12.16,100.05,19.61,1874.09,1.196,464.33,99.19
WELL-013,2026-01-02T11:20:00,3283.86,23.44,12.55,115.79,17.92,1832.16,1.2,451.14,98.3
WELL-013,2026-01-02T11:40:00,3298.01,26.18,11.76,112.76,19.11,1707.44,1.198,419.81,98.78
WELL-013,2026-01-02T12:00:00,3313.79,23.43,11.22,97.95,17.5,1725.65,1.176,459.31,99.33
WELL-013,2026-01-02T12:20:00,3327.58,23.65,14.76,125.32,10.11,1808.62,1.182,461.0,100.52
WELL-013,2026-01-02T12:40:00,3338.61,29.48,12.47,107.55,14.97,1936.66,1.155,411.28,101.78
WELL-013,2026-01-02T13:00:00,3353.86,24.28,12.09,114.09,19.7,1755.51,1.212,468.4,98.53
WELL-013,2026-01-02T13:20:00,3367.66,19.54,15.38,113.38,17.38,1730.87,1.198,447.43,101.45
WELL-013,2026-01-02T13:40:00,3383.05,24.33,12.61,126.24,15.93,1797.14,1.232,433.36,99.37
WELL-013,2026-01-02T14:00:00,3397.68,18.11,12.19,119.28,18.82,1740.78,1.191,450.04,99.07
WELL-013,2026-01-02T14:20:00,3408.67,22.08,12.35,112.01,20.84,1834.82,1.168,435.58,100.38
WELL-013,2026-01-02T14:40:00,3424.29,22.3,13.14,115.26,16.18,1796.53,1.202,458.89,101.1
WELL-013,2026-01-02T15:00:00,3437.6,15.84,10.79,100.19,16.09,1835.98,1.188,438.5,100.06
WELL-013,2026-01-02T15:20:00,3453.87,24.27,13.02,123.56,17.85,2116.27,1.214,457.83,102.12
WELL-013,2026-01-02T15:40:00,3464.77,16.66,10.02,116.31,16.96,1982.46,1.189,419.65,97.59
WELL-014,2026-01-01T00:00:00,1798.63,21.69,11.64,118.9,16.45,1616.07,1.204,425.95,101.18
WELL-014,2026-01-01T00:20:00,1814.59,16.65,13.46,122.7,17.46,1587.01,1.199,447.02,101.97
WELL-014,2026-01-01T00:40:00,1828.33,23.75,10.68,116.73,14.75,1782.98,1.182,459.31,98.24
WELL-014,2026-01-01T01:00:00,1840.04,20.34,11.3,115.18,16.06,1746.77,1.166,444.21,100.86
WELL-014,2026-01-01T01:20:00,1857.7,14.91,12.84,107.55,15.52,1541.28,1.219,418.9,100.15
WELL-014,2026-01-01T01:40:00,1871.35,21.4,12.72,115.66,16.45,2042.99,1.178,456.97,100.57
WELL-014,2026-01-01T02:00:00,1884.78,20.86,9.45,113.55,16.41,1514.14,1.16,453.37,100.78
WELL-014,2026-01-01T02:20:00,1897.67,22.99,11.4,109.11,16.2,1607.52,1.16,420.35,99.49
WELL-014,2026-01-01T02:40:00,1912.4,25.98,10.54,111.93,19.39,1929.57,1.172,477.91,99.46
WELL-014,2026-01-01T03:00:00,1925.82,23.12,11.22,117.88,16.65,1741.56,1.217,443.47,99.34
WELL-014,2026-01-01T03:20:00,1941.53,21.1,11.09,111.27,12.98,1924.71,1.207,425.72,100.29
WELL-014,2026-01-01T03:40:00,1953.83,19.96,9.63,120.81,18.57,1655.54,1.184,455.34,99.33
WELL-014,2026-01-01T04:00:00,1968.23,22.5,11.61,101.58,17.38,1887.65,1.203,482.95,101.0
WELL-014,2026-01-01T04:20:00,1981.44,20.52,7.7,112.75,18.6,1748.9,1.178,497.86,100.4
WELL-014,2026-01-01T04:40:00,1997.06,20.48,12.89,103.23,17.57,1908.94,1.225,447.27,101.28
WELL-014,2026-01-01T05:00:00,2008.32,18.09,11.83,111.42,14.39,1865.68,1.198,455.85,100.59
WELL-014,2026-01-01T05:20:00,2023.65,23.08,11.76,105.42,15.54,1719.48,1.164,460.38,100.85
WELL-014,2026-01-01T05:40:00,2038.5,21.29,10.35,112.82,18.71,1597.03,1.163,468.0,98.04
WELL-014,2026-01-01T06:00:00,2051.93,21.87,10.6,103.51,21.15,1797.28,1.205,485.09,99.24
WELL-014,2026-01-01T06:20:00,2065.42,23.08,12.9,101.92,19.75,1737.79,1.175,479.66,97.5
WELL-014,2026-01-01T06:40:00,2078.87,25.97,11.24,114.06,16.31,1794.29,1.183,454.32,98.56
WELL-014,2026-01-01T07:00:00,2095.52,16.32,13.83,102.51,16.91,1690.22,1.214,489.01,102.6
WELL-014,2026-01-01T07:20:00,2106.35,20.96,11.29,108.62,16.63,1819.31,1.221,467.1,100.83
WELL-014,2026-01-01T07:40:00,2123.35,25.0,12.79,130.68,18.68,1909.12,1.168,473.63,99.86
WELL-014,2026-01-01T08:00:00,2136.79,19.85,12.64,117.05,17.24,1883.89,1.212,456.92,100.38
WELL-014,2026-01-01T08:20:00,2149.47,17.67,13.94,122.64,11.53,1875.82,1.246,453.89,101.76
WELL-014,2026-01-01T08:40:00,2165.23,23.24,10.79,115.08,16.17,1688.41,1.225,450.07,98.1
WELL-014,2026-01-01T09:00:00,2176.97,25.38,9.21,107.12,14.14,1880.05,1.188,434.35,96.98
WELL-014,2026-01-01T09:20:00,2191.76,15.13,13.75,113.16,16.54,1832.83,1.229,434.3,99.73
WELL-014,2026-01-01T09:40:00,2207.11,21.82,11.86,112.37,16.32,1865.57,1.222,418.94,100.69
WELL-014,2026-01-01T10:00:00,2220.8,21.1,14.82,105.87,13.89,1949.3,1.213,456.05,98.7
WELL-014,2026-01-01T10:20:00,2232.46,25.4,11.66,106.44,14.05,1783.37,1.205,474.19,98.73
WELL-014,2026-01-01T10:40:00,2247.7,28.74,9.54,112.22,14.08,1677.58,1.215,459.9,100.96
WELL-014,2026-01-01T11:00:00,2260.81,23.44,13.15,104.55,15.83,1619.51,1.205,443.15,98.77
WELL-014,2026-01-01T11:20:00,2277.94,19.65,12.39,119.17,19.07,1703.95,1.203,465.58,99.12
WELL-014,2026-01-01T11:40:00,2289.23,22.62,10.56,112.54,14.17,1855.32,1.2,459.79,100.91
WELL-014,2026-01-01T12:00:00,2303.94,22.33,12.35,119.29,12.53,1736.02,1.229,468.8,99.91
WELL-014,2026-01-01T12:20:00,2317.86,23.63,10.92,109.26,18.84,1800.29,1.208,399.57,99.07
WELL-014,2026-01-01T12:40:00,2332.0,19.74,11.07,109.68,15.0,1755.27,1.198,471.26,100.68
WELL-014,2026-01-01T13:00:00,2346.91,18.99,12.34,116.26,15.46,1712.97,1.199,414.74,99.26
WELL-014,2026-01-01T13:20:00,2361.05,16.88,10.32,106.74,17.36,1818.22,1.178,468.75,99.84
WELL-014,2026-01-01T13:40:00,2373.5,19.73,12.94,106.46,18.98,1930.56,1.217,466.28,100.72
WELL-014,2026-01-01T14:00:00,2389.28,25.67,12.85,109.65,22.25,2007.68,1.175,432.81,99.26
WELL-014,2026-01-01T14:20:00,2400.95,22.38,14.25,92.64,14.97,1855.35,1.188,480.95,100.65
WELL-014,2026-01-01T14:40:00,2414.79,14.25,12.71,114.46,19.44,1725.54,1.205,457.55,98.83
WELL-014,2026-01-01T15:00:00,2431.16,23.79,11.55,125.78,16.6,1852.2,1.235,447.59,99.34
WELL-014,2026-01-01T15:20:00,2444.43,18.92,10.22,100.95,16.88,1983.79,1.25,424.65,98.51
WELL-014,2026-01-01T15:40:00,2456.29,19.06,12.46,106.6,17.24,2070.26,1.219,460.43,100.73
WELL-014,2026-01-01T16:00:00,2470.09,18.39,10.85,105.15,18.02,1613.36,1.204,458.07,99.99
WELL-014,2026-01-01T16:20:00,2487.87,28.15,12.27,121.43,18.42,1698.45,1.271,427.69,101.2
WELL-014,2026-01-01T16:40:00,2499.92,19.03,10.72,114.25,17.23,1760.23,1.205,427.73,100.59
WELL-014,2026-01-01T17:00:00,2512.28,18.76,12.86,115.58,16.73,1881.73,1.206,453.1,99.85
WELL-014,2026-01-01T17:20:00,2526.91,21.17,9.08,106.23,17.05,1772.27,1.193,488.85,101.04
WELL-014,2026-01-01T17:40:00,2541.83,20.09,10.66,114.54,15.92,1690.15,1.206,456.32,97.78
WELL-014,2026-01-01T18:00:00,2557.22,20.36,8.62,108.84,15.91,1953.1,1.173,459.28,101.76
WELL-014,2026-01-01T18:20:00,2568.74,18.96,10.02,103.19,21.09,1909.28,1.208,468.42,101.44
WELL-014,2026-01-01T18:40:00,2584.29,24.9,10.22,121.34,16.31,2000.29,1.204,420.34,101.84
WELL-014,2026-01-01T19:00:00,2598.37,17.21,12.77,104.79,18.45,1781.11,1.221,475.49,99.67
WELL-014,2026-01-01T19:20:00,2613.49,22.47,15.09,100.46,15.89,1735.36,1.232,441.04,100.04
WELL-014,2026-01-01T19:40:00,2627.27,12.15,13.82,95.26,29.58,1798.88,1.24,497.73,94.89
WELL-014,2026-01-01T20:00:00,2639.85,12.61,11.85,102.23,26.05,1816.78,1.319,486.02,95.27
WELL-014,2026-01-01T20:20:00,2655.11,13.66,12.35,106.32,26.36,1752.08,1.225,466.91,96.43
WELL-014,2026-01-01T20:40:00,2668.29,13.35,14.89,125.51,28.85,1797.08,1.268,439.83,97.45
WELL-014,2026-01-01T21:00:00,2681.08,11.39,11.02,111.24,26.45,1829.88,1.319,471.73,95.11
WELL-014,2026-01-01T21:20:00,2695.16,13.99,9.24,116.57,30.73,1940.83,1.283,463.89,94.52
WELL-014,2026-01-01T21:40:00,2711.15,19.37,13.27,112.81,14.38,1533.91,1.183,481.94,101.2
WELL-014,2026-01-01T22:00:00,2725.66,22.32,11.53,123.17,14.66,1793.03,1.183,422.51,102.98
WELL-014,2026-01-01T22:20:00,2739.5,27.51,10.82,122.2,17.83,2029.12,1.199,440.64,97.48
WELL-014,2026-01-01T22:40:00,2752.11,28.37,12.95,95.36,14.84,1685.07,1.241,459.61,100.39
WELL-014,2026-01-01T23:00:00,2766.73,23.95,13.82,123.38,17.49,1811.52,1.196,452.7,101.43
WELL-014,2026-01-01T23:20:00,2781.51,29.8,11.44,108.62,18.49,2027.28,1.156,449.48,99.38
WELL-014,2026-01-01T23:40:00,2794.12,24.41,12.38,115.22,18.26,1822.35,1.209,439.95,101.41
WELL-014,2026-01-02T00:00:00,2808.5,18.23,12.08,123.43,15.56,1773.06,1.193,442.58,101.42
WELL-014,2026-01-02T00:20:00,2822.11,22.86,11.93,100.6,18.34,1878.14,1.148,455.32,100.5
WELL-014,2026-01-02T00:40:00,2834.55,18.98,11.67,119.47,15.18,1798.74,1.194,454.29,97.25
WELL-014,2026-01-02T01:00:00,2848.08,19.8,10.04,109.94,15.6,1850.31,1.223,425.44,99.05
WELL-014,2026-01-02T01:20:00,2864.15,21.26,10.11,104.9,19.41,1754.03,1.233,444.11,96.84
WELL-014,2026-01-02T01:40:00,2878.22,23.75,12.63,114.69,13.94,1889.12,1.203,439.84,101.8
WELL-014,2026-01-02T02:00:00,2893.13,22.96,12.07,99.42,17.91,1674.58,1.19,468.52,98.75
WELL-014,2026-01-02T02:20:00,2906.53,15.37,8.76,107.29,18.22,1724.98,1.157,478.79,102.62
WELL-014,2026-01-02T02:40:00,2919.57,19.92,11.29,107.09,18.05,1739.49,1.224,454.27,100.98
WELL-014,2026-01-02T03:00:00,2934.06,21.59,14.35,108.71,20.24,1797.23,1.203,448.76,98.3
WELL-014,2026-01-02T03:20:00,2949.86,23.93,12.75,105.45,18.82,1946.49,1.169,419.73,101.81
WELL-014,2026-01-02T03:40:00,2963.26,23.18,10.53,102.83,16.12,1605.7,1.161,424.42,103.3
WELL-014,2026-01-02T04:00:00,2976.6,19.48,11.25,101.5,18.19,1841.38,1.187,451.58,97.91
WELL-014,2026-01-02T04:20:00,2989.99,19.36,11.8,108.96,13.89,1995.91,1.195,428.81,98.59
WELL-014,2026-01-02T04:40:00,3005.34,23.13,12.23,111.99,19.94,1477.49,1.182,413.23,100.38
WELL-014,2026-01-02T05:00:00,3017.75,17.96,12.49,110.89,17.95,1977.85,1.191,418.85,99.5
WELL-014,2026-01-02T05:20:00,3031.53,20.48,11.4,129.87,13.75,1707.13,1.18,494.77,101.44
WELL-014,2026-01-02T05:40:00,3047.9,20.17,11.69,98.86,17.63,1690.41,1.187,464.22,99.05
WELL-014,2026-01-02T06:00:00,3058.19,20.13,13.23,95.03,17.83,1807.94,1.224,466.15,97.01
WELL-014,2026-01-02T06:20:00,3075.37,18.5,11.82,103.68,15.64,1950.16,1.185,490.97,98.08
WELL-014,2026-01-02T06:40:00,3089.86,24.39,11.2,116.44,16.0,1882.21,1.192,451.55,101.23
WELL-014,2026-01-02T07:00:00,3101.84,21.98,12.47,117.95,19.54,1789.43,1.222,463.31,100.79
WELL-014,2026-01-02T07:20:00,3117.48,19.4,14.24,101.82,18.01,1758.95,1.172,413.6,98.39
WELL-014,2026-01-02T07:40:00,3130.21,22.63,12.87,113.17,17.83,1811.01,1.184,471.62,98.09
WELL-014,2026-01-02T08:00:00,3143.4,19.64,12.93,121.71,21.85,1820.24,1.155,439.95,102.33
WELL-014,2026-01-02T08:20:00,3156.62,18.8,8.41,107.4,17.28,1733.54,1.155,462.66,101.27
WELL-014,2026-01-02T08:40:00,3171.17,20.09,11.84,108.1,20.23,1918.4,1.261,448.69,100.1
WELL-014,2026-01-02T09:00:00,3184.51,22.27,11.97,121.79,17.34,1772.22,1.204,459.35,99.91
WELL-014,2026-01-02T09:20:00,3198.04,20.99,11.82,117.02,17.42,1677.2,1.173,455.89,101.68
WELL-014,2026-01-02T09:40:00,3215.68,17.63,13.4,111.52,15.55,1594.35,1.174,453.48,98.83
WELL-014,2026-01-02T10:00:00,3226.11,24.65,12.69,112.38,18.02,1565.17,1.242,455.87,100.06
WELL-014,2026-01-02T10:20:00,3242.77,17.13,10.6,114.43,20.41,1804.6,1.183,442.62,101.22
WELL-014,2026-01-02T10:40:00,3255.93,25.79,9.63,112.52,18.31,1717.6,1.229,445.61,99.53
WELL-014,2026-01-02T11:00:00,3270.85,20.6,11.74,105.26,16.99,1798.39,1.213,477.16,101.06
WELL-014,2026-01-02T11:20:00,3284.24,23.69,11.85,123.57,13.01,1841.67,1.21,439.77,98.99
WELL-014,2026-01-02T11:40:00,3299.69,22.16,10.46,111.02,16.93,1837.8,1.196,448.57,101.75
WELL-014,2026-01-02T12:00:00,3313.89,19.41,11.57,110.13,17.01,2038.25,1.193,446.97,100.01
WELL-014,2026-01-02T12:20:00,3326.32,21.67,11.35,125.0,18.87,1766.23,1.19,429.41,97.78
WELL-014,2026-01-02T12:40:00,3341.36,20.5,14.09,120.52,18.0,2014.99,1.255,454.98,100.14
WELL-014,2026-01-02T13:00:00,3354.8,21.14,13.12,103.4,19.14,1694.98,1.201,423.67,97.79
WELL-014,2026-01-02T13:20:00,3367.52,23.25,11.13,109.85,18.88,1934.06,1.14,466.04,98.62
WELL-014,2026-01-02T13:40:00,3380.86,20.56,12.19,115.73,15.94,1789.3,1.227,486.67,99.27
WELL-014,2026-01-02T14:00:00,3397.93,22.59,12.74,120.39,18.05,1661.93,1.191,463.61,99.26
WELL-014,2026-01-02T14:20:00,3409.1,16.56,10.42,110.98,19.33,1757.0,1.181,465.12,102.49
WELL-014,2026-01-02T14:40:00,3425.55,20.48,10.89,106.87,14.18,1937.79,1.178,441.39,99.18
WELL-014,2026-01-02T15:00:00,3436.71,29.12,11.56,107.59,17.5,1913.84,1.175,427.33,98.3
WELL-014,2026-01-02T15:20:00,3453.04,19.32,13.84,112.43,21.12,1743.59,1.17,444.41,100.38
WELL-014,2026-01-02T15:40:00,3466.27,16.44,16.89,131.87,15.98,1794.2,1.196,450.2,97.74
WELL-015,2026-01-01T00:00:00,1800.44,21.3,11.56,100.31,18.17,1609.35,1.188,452.48,100.2
WELL-015,2026-01-01T00:20:00,1815.72,25.36,13.17,105.98,16.17,1933.31,1.245,459.03,99.74
WELL-015,2026-01-01T00:40:00,1829.96,22.0,11.06,101.39,14.37,1989.66,1.174,477.56,98.44
WELL-015,2026-01-01T01:00:00,1842.44,19.81,13.84,115.72,15.5,1859.02,1.214,424.61,101.39
WELL-015,2026-01-01T01:20:00,1857.17,21.57,12.56,113.01,16.21,1724.91,1.157,462.52,99.02
WELL-015,2026-01-01T01:40:00,1870.08,14.0,9.93,117.65,14.6,1919.27,1.187,458.42,101.66
WELL-015,2026-01-01T02:00:00,1884.27,21.99,11.94,120.61,18.21,1822.5,1.214,446.33,99.34
WELL-015,2026-01-01T02:20:00,1896.01,20.39,11.68,100.6,20.54,1729.4,1.214,415.68,97.64
WELL-015,2026-01-01T02:40:00,1913.25,23.0,11.58,104.17,17.43,1926.82,1.204,457.18,97.34
WELL-015,2026-01-01T03:00:00,1924.02,24.46,11.44,114.11,13.5,1807.06,1.214,456.08,98.67
WELL-015,2026-01-01T03:20:00,1938.05,23.4,11.58,122.49,20.21,1813.94,1.207,460.65,97.25
WELL-015,2026-01-01T03:40:00,1953.07,17.87,13.96,112.48,17.66,1727.63,1.245,461.87,97.4
WELL-015,2026-01-01T04:00:00,1966.66,23.69,10.88,100.23,14.46,1714.65,1.204,447.92,99.79
WELL-015,2026-01-01T04:20:00,1982.45,15.81,9.92,120.95,20.38,2065.42,1.17,409.8,99.61
WELL-015,2026-01-01T04:40:00,1997.66,24.72,12.51,112.78,13.04,1760.85,1.232,462.49,102.49
WELL-015,2026-01-01T05:00:00,2009.93,20.32,11.46,110.0,16.58,2011.63,1.246,486.95,96.15
WELL-015,2026-01-01T05:20:00,2024.28,22.71,12.02,112.56,13.2,1723.62,1.228,436.84,100.23
WELL-015,2026-01-01T05:40:00,2036.77,16.04,13.28,114.74,15.29,1818.41,1.228,456.4,99.88
WELL-015,2026-01-01T06:00:00,2053.93,22.79,12.69,104.38,15.7,1796.11,1.217,413.26,99.82
WELL-015,2026-01-01T06:20:00,2065.44,20.84,9.99,110.87,20.55,1732.58,1.202,461.56,101.27
WELL-015,2026-01-01T06:40:00,2078.01,18.19,13.21,114.56,15.5,1683.35,1.232,486.91,100.45
WELL-015,2026-01-01T07:00:00,2092.37,19.61,10.88,105.98,21.1,1905.14,1.233,460.42,100.55
WELL-015,2026-01-01T07:20:00,2107.85,24.29,14.85,101.01,12.4,1917.92,1.195,462.66,102.0
WELL-015,2026-01-01T07:40:00,2120.62,20.66,13.39,102.14,14.72,1862.78,1.215,411.3,100.69
WELL-015,2026-01-01T08:00:00,2135.41,23.09,12.0,102.68,17.02,1681.39,1.207,466.18,98.93
WELL-015,2026-01-01T08:20:00,2148.33,21.14,10.84,116.38,17.7,1954.53,1.213,440.81,99.01
WELL-015,2026-01-01T08:40:00,2164.38,20.48,13.81,117.05,20.66,1789.16,1.201,472.15,101.74
WELL-015,2026-01-01T09:00:00,2177.97,21.1,12.02,117.46,15.13,1769.85,1.214,439.7,99.81
WELL-015,2026-01-01T09:20:00,2192.09,15.01,9.47,99.91,17.36,1931.08,1.18,462.81,101.06
WELL-015,2026-01-01T09:40:00,2206.65,18.42,12.72,114.97,17.23,1771.88,1.187,464.45,97.31
WELL-015,2026-01-01T10:00:00,2221.56,24.69,13.75,99.89,18.91,1941.43,1.204,436.49,101.13
WELL-015,2026-01-01T10:20:00,2234.69,22.61,12.02,115.04,16.1,1760.39,1.212,461.95,98.87
WELL-015,2026-01-01T10:40:00,2248.49,21.77,12.04,112.14,15.04,1809.06,1.194,473.54,99.07
WELL-015,2026-01-01T11:00:00,2261.12,20.79,11.75,101.87,15.65,1762.01,1.224,448.14,100.25
WELL-015,2026-01-01T11:20:00,2275.48,23.51,11.65,115.9,15.72,1876.84,1.234,427.04,101.61
WELL-015,2026-01-01T11:40:00,2290.93,17.69,11.21,124.21,14.04,1873.25,1.186,481.48,98.27
WELL-015,2026-01-01T12:00:00,2303.17,20.63,10.85,116.41,17.92,1589.65,1.188,424.11,100.19
WELL-015,2026-01-01T12:20:00,2316.52,25.82,10.8,115.23,18.61,1899.07,1.203,437.67,97.17
WELL-015,2026-01-01T12:40:00,2332.88,22.82,12.18,109.44,16.19,1611.85,1.141,454.79,99.9
WELL-015,2026-01-01T13:00:00,2344.1,19.01,12.76,107.22,15.36,1800.01,1.198,441.36,98.8
WELL-015,2026-01-01T13:20:00,2361.35,22.64,11.2,110.39,18.68,1629.32,1.142,455.55,101.36
WELL-015,2026-01-01T13:40:00,2372.83,22.86,12.39,112.23,18.88,1812.21,1.174,447.53,102.36
WELL-015,2026-01-01T14:00:00,2388.02,20.23,11.39,107.12,16.52,1781.43,1.216,454.6,98.04
WELL-015,2026-01-01T14:20:00,2401.17,21.82,9.13,99.5,15.6,1830.57,1.202,464.17,98.03
WELL-015,2026-01-01T14:40:00,2414.85,21.12,11.5,122.91,18.0,1539.37,1.164,456.43,99.46
WELL-015,2026-01-01T15:00:00,2428.04,18.03,13.64,120.2,18.81,1742.94,1.173,416.87,99.59
WELL-015,2026-01-01T15:20:00,2442.96,20.22,13.79,104.35,17.84,1818.27,1.202,447.34,101.23
WELL-015,2026-01-01T15:40:00,2457.38,15.09,14.86,106.3,15.49,1757.48,1.216,436.04,100.76
WELL-015,2026-01-01T16:00:00,2473.14,22.22,11.91,115.01,15.67,1814.87,1.187,449.07,101.03
WELL-015,2026-01-01T16:20:00,2485.43,22.39,11.43,102.07,14.69,1772.03,1.182,426.12,100.22
WELL-015,2026-01-01T16:40:00,2501.4,25.38,13.37,114.68,17.59,1765.69,1.191,415.67,98.6
WELL-015,2026-01-01T17:00:00,2514.8,25.38,12.17,107.85,18.96,1803.87,1.19,450.15,98.9
WELL-015,2026-01-01T17:20:00,2526.11,19.84,12.2,122.78,13.41,1706.2,1.174,451.13,97.75
WELL-015,2026-01-01T17:40:00,2541.51,17.2,11.03,101.48,16.61,1692.64,1.172,425.58,103.03
WELL-015,2026-01-01T18:00:00,2554.87,18.61,13.38,119.37,17.08,1853.9,1.232,464.48,100.25
WELL-015,2026-01-01T18:20:00,2569.73,16.57,11.54,102.39,16.94,1753.89,1.219,462.25,101.57
WELL-015,2026-01-01T18:40:00,2585.78,24.2,13.09,109.76,14.26,1869.59,1.19,464.02,100.42
WELL-015,2026-01-01T19:00:00,2598.36,17.75,15.3,121.44,14.15,1911.95,1.149,445.49,99.1
WELL-015,2026-01-01T19:20:00,2610.3,19.47,11.42,102.75,13.52,1710.5,1.202,480.71,99.53
WELL-015,2026-01-01T19:40:00,2625.12,22.2,12.66,109.9,17.08,1760.32,1.2,447.44,99.54
WELL-015,2026-01-01T20:00:00,2639.46,19.46,12.93,121.9,16.85,1707.55,1.146,465.09,99.75
WELL-015,2026-01-01T20:20:00,2654.95,17.83,11.3,123.03,17.41,1834.08,1.198,456.91,100.01
WELL-015,2026-01-01T20:40:00,2669.53,24.02,9.89,113.21,16.09,1765.93,1.206,465.19,98.94
WELL-015,2026-01-01T21:00:00,2680.44,17.58,13.17,98.28,19.55,1717.31,1.243,491.16,99.02
WELL-015,2026-01-01T21:20:00,2696.59,21.12,13.88,111.66,18.44,1803.49,1.195,468.15,102.87
WELL-015,2026-01-01T21:40:00,2710.97,23.42,12.13,108.09,18.35,1682.25,1.211,469.43,99.13
WELL-015,2026-01-01T22:00:00,2724.05,18.07,11.23,108.42,18.05,1671.6,1.267,468.23,100.79
WELL-015,2026-01-01T22:20:00,2736.88,25.25,12.39,112.48,15.34,1876.56,1.168,439.67,100.89
WELL-015,2026-01-01T22:40:00,2750.33,18.96,13.3,102.94,15.21,1757.35,1.258,432.74,101.07
WELL-015,2026-01-01T23:00:00,2765.85,22.77,12.52,109.8,16.89,1793.76,1.171,446.45,101.35
WELL-015,2026-01-01T23:20:00,2781.24,22.86,12.52,113.77,15.3,1805.61,1.182,480.21,100.57
WELL-015,2026-01-01T23:40:00,2794.52,17.78,13.19,122.2,19.63,1690.18,1.179,448.34,101.47
WELL-015,2026-01-02T00:00:00,2809.0,19.73,9.91,108.83,18.5,2059.59,1.232,453.14,99.84
WELL-015,2026-01-02T00:20:00,2820.7,24.4,11.88,110.15,15.54,1871.63,1.222,422.67,103.6
WELL-015,2026-01-02T00:40:00,2834.24,23.48,9.96,98.27,12.09,1847.87,1.19,474.37,101.15
WELL-015,2026-01-02T01:00:00,2850.47,20.46,12.79,117.29,14.69,1830.66,1.198,459.52,98.86
WELL-015,2026-01-02T01:20:00,2862.38,17.95,13.13,111.12,16.77,1740.16,1.2,424.39,101.3
WELL-015,2026-01-02T01:40:00,2877.0,22.0,12.68,107.65,16.82,1634.65,1.188,437.95,98.45
WELL-015,2026-01-02T02:00:00,2892.83,23.45,11.64,102.13,16.1,1765.44,1.226,432.15,98.52
WELL-015,2026-01-02T02:20:00,2906.78,21.01,11.78,109.41,16.68,2072.94,1.176,452.98,98.37
WELL-015,2026-01-02T02:40:00,2921.08,17.71,13.96,107.77,16.83,1752.47,1.232,480.25,101.43
WELL-015,2026-01-02T03:00:00,2933.07,16.08,10.91,113.41,26.18,1902.09,1.301,421.04,92.37
WELL-015,2026-01-02T03:20:00,2948.68,12.81,12.95,114.1,28.16,1769.3,1.32,451.54,94.41
WELL-015,2026-01-02T03:40:00,2961.31,10.56,10.25,97.91,25.05,1954.43,1.302,428.74,96.33
WELL-015,2026-01-02T04:00:00,2975.05,13.87,11.65,113.45,23.81,1949.32,1.304,469.02,96.64
WELL-015,2026-01-02T04:20:00,2988.44,13.48,12.91,111.02,24.35,1780.91,1.253,452.23,96.19
WELL-015,2026-01-02T04:40:00,3003.14,15.08,14.08,103.35,28.32,1638.38,1.302,456.25,94.53
WELL-015,2026-01-02T05:00:00,3018.79,21.33,11.6,104.05,16.05,1921.08,1.186,482.69,99.79
WELL-015,2026-01-02T05:20:00,3032.3,18.79,11.46,113.64,15.18,1798.22,1.228,438.43,100.61
WELL-015,2026-01-02T05:40:00,3047.04,19.7,15.26,115.54,18.32,1760.17,1.192,442.98,99.55
WELL-015,2026-01-02T06:00:00,3061.46,19.13,13.24,109.04,14.48,1831.41,1.192,456.42,98.32
WELL-015,2026-01-02T06:20:00,3072.41,22.64,10.73,103.58,15.36,1776.9,1.238,476.71,98.52
WELL-015,2026-01-02T06:40:00,3087.79,20.49,11.4,110.46,16.43,1880.64,1.127,463.62,100.32
WELL-015,2026-01-02T07:00:00,3100.92,21.42,10.4,117.02,17.28,1672.02,1.188,420.67,101.08
WELL-015,2026-01-02T07:20:00,3116.33,21.95,12.91,100.42,19.41,1780.19,1.169,480.84,102.78
WELL-015,2026-01-02T07:40:00,3131.69,23.35,10.91,97.9,15.0,1722.75,1.179,490.56,99.98
WELL-015,2026-01-02T08:00:00,3142.7,18.68,11.83,99.19,15.29,1723.09,1.17,467.01,99.1
WELL-015,2026-01-02T08:20:00,3156.22,22.46,13.83,110.48,19.05,1691.89,1.157,435.72,99.2
WELL-015,2026-01-02T08:40:00,3172.12,18.75,11.1,102.47,16.48,1687.05,1.229,446.2,101.18
WELL-015,2026-01-02T09:00:00,3186.45,21.69,11.93,115.12,18.85,1871.8,1.179,528.26,101.02
WELL-015,2026-01-02T09:20:00,3200.95,19.99,13.03,114.48,18.32,1841.63,1.215,474.37,101.0
WELL-015,2026-01-02T09:40:00,3214.45,29.53,11.63,109.84,12.85,1697.32,1.218,422.98,98.56
WELL-015,2026-01-02T10:00:00,3227.43,24.12,13.91,103.65,14.62,1754.36,1.197,448.07,100.74
WELL-015,2026-01-02T10:20:00,3243.55,20.27,11.62,114.21,16.83,1794.51,1.247,452.53,100.94
WELL-015,2026-01-02T10:40:00,3254.7,19.07,11.86,110.27,15.46,1770.48,1.193,471.44,98.6
WELL-015,2026-01-02T11:00:00,3268.36,21.23,9.29,107.75,15.51,1743.49,1.196,433.17,100.63
WELL-015,2026-01-02T11:20:00,3284.09,24.16,9.32,100.62,16.78,1910.29,1.256,481.15,102.25
WELL-015,2026-01-02T11:40:00,3296.0,21.99,13.25,105.39,17.08,1912.65,1.188,440.79,101.35
WELL-015,2026-01-02T12:00:00,3311.22,17.56,12.82,96.45,17.14,1823.43,1.168,434.84,98.97
WELL-015,2026-01-02T12:20:00,3325.9,21.9,14.17,96.0,14.69,1879.64,1.178,448.58,99.02
WELL-015,2026-01-02T12:40:00,3340.19,24.85,11.13,109.1,15.93,1722.54,1.202,465.61,101.05
WELL-015,2026-01-02T13:00:00,3353.43,19.79,10.76,99.09,16.19,1769.51,1.198,455.11,100.8
WELL-015,2026-01-02T13:20:00,3368.74,24.69,13.53,111.43,16.15,1916.21,1.219,470.08,101.66
WELL-015,2026-01-02T13:40:00,3381.71,22.13,11.33,122.46,15.27,1749.52,1.152,417.4,98.15
WELL-015,2026-01-02T14:00:00,3394.5,25.56,14.32,114.89,16.94,1672.82,1.19,479.84,98.63
WELL-015,2026-01-02T14:20:00,3410.59,26.49,14.81,130.5,14.67,1824.36,1.186,448.31,101.33
WELL-015,2026-01-02T14:40:00,3424.57,21.23,13.19,92.71,17.31,1745.47,1.204,447.82,96.27
WELL-015,2026-01-02T15:00:00,3436.06,19.81,10.38,114.21,19.58,1716.84,1.213,439.01,100.77
WELL-015,2026-01-02T15:20:00,3452.82,18.97,10.77,116.7,16.31,1693.67,1.226,472.64,101.49
WELL-015,2026-01-02T15:40:00,3467.88,18.1,11.07,89.33,17.6,1892.83,1.203,437.81,100.7
WELL-016,2026-01-01T00:00:00,1800.27,17.74,13.49,103.44,17.59,1837.45,1.153,449.65,101.37
WELL-016,2026-01-01T00:20:00,1812.69,23.49,11.62,105.53,14.91,1750.59,1.174,431.37,97.12
WELL-016,2026-01-01T00:40:00,1828.55,22.79,9.76,114.78,19.08,1785.1,1.161,419.56,100.45
WELL-016,2026-01-01T01:00:00,1840.36,17.75,10.28,114.89,18.99,1836.82,1.177,449.48,102.87
WELL-016,2026-01-01T01:20:00,1857.97,24.72,11.14,110.5,19.43,1792.14,1.219,441.12,100.66
WELL-016,2026-01-01T01:40:00,1868.21,20.0,11.81,127.14,13.84,1881.92,1.199,427.29,100.68
WELL-016,2026-01-01T02:00:00,1882.37,21.55,9.38,104.46,18.71,1798.74,1.227,453.61,101.48
WELL-016,2026-01-01T02:20:00,1899.54,20.28,11.29,102.0,16.14,1876.7,1.192,491.8,101.42
WELL-016,2026-01-01T02:40:00,1913.82,20.16,11.84,119.6,19.58,1779.23,1.25,446.35,100.64
WELL-016,2026-01-01T03:00:00,1925.93,21.78,11.97,110.72,12.46,1635.5,1.175,440.75,100.26
WELL-016,2026-01-01T03:20:00,1939.49,19.46,11.49,105.67,14.05,1704.95,1.229,440.65,99.12
WELL-016,2026-01-01T03:40:00,1952.71,20.73,12.74,109.26,19.12,1919.19,1.193,412.21,98.5
WELL-016,2026-01-01T04:00:00,1966.95,17.82,13.71,97.78,17.02,1784.35,1.188,451.04,96.96
WELL-016,2026-01-01T04:20:00,1982.71,26.59,10.03,96.3,15.56,1775.25,1.222,446.06,98.16
WELL-016,2026-01-01T04:40:00,1997.59,19.22,12.3,103.22,15.24,1810.31,1.192,424.76,98.22
WELL-016,2026-01-01T05:00:00,2009.23,18.09,14.99,110.84,17.82,1800.91,1.251,434.28,99.33
WELL-016,2026-01-01T05:20:00,2023.33,21.3,12.22,125.99,15.92,1689.6,1.205,450.16,99.95
WELL-016,2026-01-01T05:40:00,2039.13,18.34,12.01,115.28,17.58,1721.59,1.184,425.81,101.15
WELL-016,2026-01-01T06:00:00,2050.57,23.42,11.81,108.03,16.36,1733.68,1.181,428.88,101.59
WELL-016,2026-01-01T06:20:00,2064.32,17.1,8.18,120.2,16.03,1740.62,1.196,473.21,99.58
WELL-016,2026-01-01T06:40:00,2078.74,21.81,13.45,115.66,21.68,1712.62,1.182,476.85,98.78
WELL-016,2026-01-01T07:00:00,2093.18,26.78,9.81,106.32,19.07,1805.94,1.247,434.44,98.04
WELL-016,2026-01-01T07:20:00,2106.78,21.51,12.63,106.18,16.7,1727.65,1.211,439.68,99.16
WELL-016,2026-01-01T07:40:00,2121.56,25.93,11.31,115.06,15.42,1872.91,1.223,442.94,100.39
WELL-016,2026-01-01T08:00:00,2136.85,21.43,15.18,121.8,18.42,1871.93,1.176,451.22,102.04
WELL-016,2026-01-01T08:20:00,2148.75,19.62,13.64,106.11,20.95,1718.15,1.177,426.86,101.28
WELL-016,2026-01-01T08:40:00,2162.02,16.72,12.53,102.72,18.47,1823.61,1.177,464.77,101.04
WELL-016,2026-01-01T09:00:00,2179.67,20.63,11.2,106.78,17.76,1764.53,1.185,465.7,100.16
WELL-016,2026-01-01T09:20:00,2193.81,16.27,10.07,116.44,15.46,1769.97,1.203,470.94,100.09
WELL-016,2026-01-01T09:40:00,2207.4,25.43,12.08,108.34,17.02,1733.9,1.249,453.06,99.34
WELL-016,2026-01-01T10:00:00,2218.47,19.73,12.73,95.22,19.17,1732.34,1.223,407.61,100.53
WELL-016,2026-01-01T10:20:00,2234.7,19.61,9.49,109.69,16.09,1891.48,1.144,463.8,99.85
WELL-016,2026-01-01T10:40:00,2246.53,19.93,12.66,113.65,17.61,1945.36,1.219,469.85,99.42
WELL-016,2026-01-01T11:00:00,2261.98,21.37,15.06,113.02,17.14,1821.61,1.185,455.17,99.25
WELL-016,2026-01-01T11:20:00,2275.68,22.67,13.07,113.53,16.93,1806.97,1.229,427.72,96.38
WELL-016,2026-01-01T11:40:00,2289.14,19.29,9.37,107.53,15.71,1837.38,1.182,460.97,102.83
WELL-016,2026-01-01T12:00:00,2303.67,26.94,11.0,105.33,19.76,1987.26,1.207,457.76,96.97
WELL-016,2026-01-01T12:20:00,2319.7,20.99,11.01,108.24,14.75,1644.26,1.239,417.67,100.54
WELL-016,2026-01-01T12:40:00,2331.01,16.96,10.83,107.33,16.79,1714.45,1.206,451.51,99.25
WELL-016,2026-01-01T13:00:00,2347.61,18.48,11.66,96.49,15.54,1782.48,1.206,432.14,99.31
WELL-016,2026-01-01T13:20:00,2358.45,23.39,12.63,104.62,17.93,1770.74,1.207,408.09,102.35
WELL-016,2026-01-01T13:40:00,2374.51,23.37,12.31,122.82,16.86,2019.79,1.208,422.02,101.52
WELL-016,2026-01-01T14:00:00,2389.2,24.48,14.03,115.51,15.78,1888.18,1.236,462.42,98.62
WELL-016,2026-01-01T14:20:00,2403.86,19.28,11.66,109.74,16.08,1640.64,1.2,451.64,99.7
WELL-016,2026-01-01T14:40:00,2415.64,22.5,12.14,122.21,17.77,1758.19,1.174,411.4,99.92
WELL-016,2026-01-01T15:00:00,2429.12,18.02,11.97,105.33,22.0,1909.68,1.195,477.51,98.24
WELL-016,2026-01-01T15:20:00,2444.99,22.85,10.82,112.67,17.93,1884.3,1.234,432.78,99.9
WELL-016,2026-01-01T15:40:00,2458.94,23.87,11.12,121.96,16.61,1765.69,1.182,473.48,102.94
WELL-016,2026-01-01T16:00:00,2471.89,27.2,9.85,107.45,15.76,1815.52,1.187,458.31,102.52
WELL-016,2026-01-01T16:20:00,2484.3,25.22,10.37,105.06,17.17,1680.28,1.235,438.2,97.73
WELL-016,2026-01-01T16:40:00,2499.31,22.21,10.03,101.0,15.82,1935.45,1.194,474.44,97.87
WELL-016,2026-01-01T17:00:00,2512.51,19.53,14.03,108.24,19.4,1904.93,1.194,437.77,101.31
WELL-016,2026-01-01T17:20:00,2528.56,24.01,13.01,108.47,16.71,1972.6,1.197,474.24,100.3
WELL-016,2026-01-01T17:40:00,2543.4,15.94,11.28,113.52,18.57,1602.08,1.224,464.19,100.04
WELL-016,2026-01-01T18:00:00,2557.72,15.92,11.81,107.55,15.91,1804.89,1.231,476.64,99.69
WELL-016,2026-01-01T18:20:00,2571.52,25.09,13.66,125.86,17.8,1853.7,1.226,444.55,98.96
WELL-016,2026-01-01T18:40:00,2583.35,27.28,11.74,102.13,18.03,1811.28,1.184,450.49,101.38
WELL-016,2026-01-01T19:00:00,2597.14,20.12,11.83,110.85,12.3,1766.04,1.25,428.65,99.47
WELL-016,2026-01-01T19:20:00,2612.79,22.3,9.2,119.12,17.35,1789.15,1.215,455.01,102.36
WELL-016,2026-01-01T19:40:00,2625.28,20.11,14.96,99.96,14.7,1826.82,1.206,450.18,99.44
WELL-016,2026-01-01T20:00:00,2639.53,19.46,15.12,122.66,17.64,1949.29,1.23,426.58,100.14
WELL-016,2026-01-01T20:20:00,2652.07,23.21,13.16,111.12,19.23,1810.55,1.183,463.3,99.57
WELL-016,2026-01-01T20:40:00,2667.14,24.79,13.31,91.75,14.15,1807.34,1.198,424.12,98.99
WELL-016,2026-01-01T21:00:00,2681.31,18.91,10.82,105.48,15.15,1853.98,1.178,446.79,100.01
WELL-016,2026-01-01T21:20:00,2696.61,25.02,11.18,104.38,16.94,1805.2,1.184,396.01,97.38
WELL-016,2026-01-01T21:40:00,2711.63,17.83,12.47,96.02,16.25,1925.13,1.166,456.92,99.16
WELL-016,2026-01-01T22:00:00,2723.22,23.23,9.4,100.29,19.85,1987.73,1.213,454.95,97.96
WELL-016,2026-01-01T22:20:00,2738.21,21.98,9.33,101.58,13.14,1778.29,1.22,487.23,100.0
WELL-016,2026-01-01T22:40:00,2752.91,21.31,12.85,98.78,17.05,1787.92,1.214,460.6,99.95
WELL-016,2026-01-01T23:00:00,2765.21,18.03,12.55,104.08,16.79,1768.84,1.171,430.28,102.61
WELL-016,2026-01-01T23:20:00,2778.03,12.65,12.88,117.43,15.75,1895.67,1.201,401.3,99.12
WELL-016,2026-01-01T23:40:00,2793.78,19.15,14.04,121.31,18.59,1824.01,1.223,482.38,96.81
WELL-016,2026-01-02T00:00:00,2808.4,22.95,12.39,101.49,16.02,1726.36,1.155,465.35,101.83
WELL-016,2026-01-02T00:20:00,2821.5,22.29,10.7,108.89,19.88,1770.08,1.203,448.6,100.91
WELL-016,2026-01-02T00:40:00,2834.63,24.5,12.93,123.45,19.25,1753.5,1.153,438.94,100.22
WELL-016,2026-01-02T01:00:00,2850.22,21.21,13.07,112.28,14.85,1678.84,1.178,464.04,101.9
WELL-016,2026-01-02T01:20:00,2864.81,20.98,12.28,102.38,15.86,1763.97,1.208,434.21,101.11
WELL-016,2026-01-02T01:40:00,2877.79,22.54,10.44,118.75,18.41,1837.22,1.227,476.02,99.59
WELL-016,2026-01-02T02:00:00,2891.04,21.95,12.18,110.22,17.09,1594.41,1.199,437.69,100.28
WELL-016,2026-01-02T02:20:00,2904.97,24.7,11.95,118.61,18.27,1831.71,1.149,462.93,97.11
WELL-016,2026-01-02T02:40:00,2918.2,22.34,12.98,115.99,17.41,1770.18,1.213,459.31,99.11
WELL-016,2026-01-02T03:00:00,2935.69,22.0,11.46,108.1,19.55,1791.94,1.195,462.92,101.84
WELL-016,2026-01-02T03:20:00,2949.33,24.71,12.04,106.07,16.68,1830.25,1.21,471.4,102.85
WELL-016,2026-01-02T03:40:00,2960.0,17.88,11.82,97.16,17.99,1665.98,1.189,454.8,98.76
WELL-016,2026-01-02T04:00:00,2975.29,26.3,13.16,111.27,17.1,1686.3,1.22,463.23,97.94
WELL-016,2026-01-02T04:20:00,2988.12,22.0,13.1,97.05,14.64,1726.38,1.181,435.1,101.11
WELL-016,2026-01-02T04:40:00,3003.07,23.04,13.0,109.43,13.39,1832.96,1.221,425.39,99.46
WELL-016,2026-01-02T05:00:00,3017.34,16.3,13.87,104.85,17.81,1742.13,1.184,425.16,99.51
WELL-016,2026-01-02T05:20:00,3030.99,20.59,7.74,114.23,15.64,1790.97,1.189,472.9,99.28
WELL-016,2026-01-02T05:40:00,3045.08,19.01,15.37,114.57,15.3,1670.83,1.212,497.37,103.14
WELL-016,2026-01-02T06:00:00,3059.87,19.77,9.03,114.58,21.03,1648.31,1.209,497.58,98.88
WELL-016,2026-01-02T06:20:00,3073.35,22.57,13.55,123.73,15.17,1825.57,1.209,426.29,99.75
WELL-016,2026-01-02T06:40:00,3089.93,20.86,12.95,108.35,15.65,1750.61,1.168,471.13,101.33
WELL-016,2026-01-02T07:00:00,3101.99,27.31,11.47,113.7,19.9,1901.32,1.141,430.58,98.38
WELL-016,2026-01-02T07:20:00,3117.29,20.7,10.0,92.49,16.67,1861.47,1.23,430.38,98.05
WELL-016,2026-01-02T07:40:00,3130.89,18.87,9.8,102.96,15.63,1847.82,1.185,482.56,100.93
WELL-016,2026-01-02T08:00:00,3144.65,21.35,13.77,104.45,20.56,1849.74,1.178,477.54,101.46
WELL-016,2026-01-02T08:20:00,3159.91,26.52,13.1,97.57,17.19,1837.71,1.183,438.74,98.46
WELL-016,2026-01-02T08:40:00,3171.05,22.63,12.22,104.68,16.32,1760.96,1.201,461.37,99.67
WELL-016,2026-01-02T09:00:00,3184.05,18.29,11.34,106.97,16.87,1883.85,1.214,455.58,99.67
WELL-016,2026-01-02T09:20:00,3198.59,19.83,12.83,112.79,16.77,1693.48,1.195,414.5,101.69
WELL-016,2026-01-02T09:40:00,3212.42,20.38,12.85,99.45,19.26,1779.59,1.209,465.99,101.63
WELL-016,2026-01-02T10:00:00,3229.72,18.88,9.56,112.49,14.26,1880.08,1.144,462.37,99.92
WELL-016,2026-01-02T10:20:00,3241.65,21.65,12.54,111.07,15.87,1897.92,1.189,429.1,98.36
WELL-016,2026-01-02T10:40:00,3254.22,17.81,10.56,105.56,18.68,1907.22,1.24,450.47,101.21
WELL-016,2026-01-02T11:00:00,3268.76,29.79,11.35,109.09,16.06,1775.03,1.244,430.1,99.0
WELL-016,2026-01-02T11:20:00,3283.84,23.13,16.0,112.94,16.2,1857.83,1.167,441.25,98.91
WELL-016,2026-01-02T11:40:00,3299.43,22.63,11.64,109.65,20.55,1640.3,1.185,464.29,101.24
WELL-016,2026-01-02T12:00:00,3312.46,23.97,13.12,112.95,15.57,1608.02,1.199,469.02,103.31
WELL-016,2026-01-02T12:20:00,3327.72,20.57,10.4,104.77,18.29,1623.79,1.178,429.16,99.06
WELL-016,2026-01-02T12:40:00,3340.4,24.56,14.12,119.02,16.2,1706.08,1.145,471.51,100.08
WELL-016,2026-01-02T13:00:00,3352.01,24.44,11.25,117.21,19.08,1839.04,1.191,442.52,101.07
WELL-016,2026-01-02T13:20:00,3368.98,19.13,10.02,121.01,15.73,1692.07,1.203,447.93,100.63
WELL-016,2026-01-02T13:40:00,3381.87,24.59,10.64,114.67,16.18,1845.32,1.264,453.68,99.96
WELL-016,2026-01-02T14:00:00,3395.26,18.01,12.66,110.1,18.35,1815.08,1.234,467.95,98.93
WELL-016,2026-01-02T14:20:00,3411.06,24.98,12.28,99.22,19.45,1899.07,1.23,485.35,101.1
WELL-016,2026-01-02T14:40:00,3424.32,18.44,11.48,103.0,18.36,1858.97,1.194,471.76,100.98
WELL-016,2026-01-02T15:00:00,3437.51,17.46,12.8,101.09,15.85,1810.12,1.238,416.45,97.14
WELL-016,2026-01-02T15:20:00,3451.47,21.63,12.35,115.59,17.73,1751.08,1.245,463.56,99.55
WELL-016,2026-01-02T15:40:00,3466.6,25.84,12.33,114.28,17.03,1881.39,1.198,440.27,99.97
WELL-017,2026-01-01T00:00:00,1799.06,27.35,13.59,115.54,17.19,1862.42,1.191,442.73,98.58
WELL-017,2026-01-01T00:20:00,1814.57,16.3,10.39,112.59,18.41,1879.78,1.179,442.34,100.46
WELL-017,2026-01-01T00:40:00,1829.22,21.21,11.7,92.51,16.3,1847.15,1.164,438.99,100.88
WELL-017,2026-01-01T01:00:00,1842.41,25.33,9.96,125.07,16.29,1670.38,1.257,465.12,99.3
WELL-017,2026-01-01T01:20:00,1857.11,20.05,16.34,113.42,15.9,1791.3,1.204,444.99,101.31
WELL-017,2026-01-01T01:40:00,1871.1,22.99,12.66,111.15,16.23,1907.33,1.219,453.27,101.41
WELL-017,2026-01-01T02:00:00,1882.56,18.29,11.31,116.94,12.89,1744.81,1.19,422.77,100.06
WELL-017,2026-01-01T02:20:00,1896.32,25.91,11.18,95.99,15.93,1762.61,1.218,444.59,99.12
WELL-017,2026-01-01T02:40:00,1910.83,26.17,12.28,109.22,19.61,1964.07,1.213,399.56,98.04
WELL-017,2026-01-01T03:00:00,1927.29,25.08,14.1,106.36,13.31,1779.92,1.201,453.79,99.65
WELL-017,2026-01-01T03:20:00,1938.19,19.93,10.72,119.68,18.47,1743.01,1.196,440.21,103.0
WELL-017,2026-01-01T03:40:00,1952.51,21.37,13.07,107.84,16.88,1739.7,1.21,462.42,99.99
WELL-017,2026-01-01T04:00:00,1969.77,19.0,12.48,106.91,17.42,1721.46,1.223,424.89,100.98
WELL-017,2026-01-01T04:20:00,1983.82,23.41,12.62,115.38,14.4,1723.07,1.195,465.04,98.49
WELL-017,2026-01-01T04:40:00,1995.67,22.7,12.74,124.36,14.89,1884.71,1.164,440.52,98.96
WELL-017,2026-01-01T05:00:00,2011.1,21.94,15.15,98.02,15.45,1952.87,1.205,461.12,99.06
WELL-017,2026-01-01T05:20:00,2023.65,21.44,11.02,122.59,15.58,1807.8,1.208,437.18,101.43
WELL-017,2026-01-01T05:40:00,2038.23,17.64,11.59,111.07,16.91,1799.38,1.191,429.84,98.5
WELL-017,2026-01-01T06:00:00,2053.55,18.43,10.86,118.3,17.76,1815.57,1.243,469.2,99.29
WELL-017,2026-01-01T06:20:00,2065.79,22.26,11.03,108.5,17.79,1699.8,1.208,490.43,99.69
WELL-017,2026-01-01T06:40:00,2078.74,28.32,11.81,96.48,17.99,1998.78,1.231,456.41,101.54
WELL-017,2026-01-01T07:00:00,2095.98,27.77,13.52,106.5,19.31,1570.49,1.142,445.23,99.18
WELL-017,2026-01-01T07:20:00,2109.67,15.54,13.1,118.24,18.93,2089.47,1.219,464.57,100.6
WELL-017,2026-01-01T07:40:00,2120.14,22.59,14.67,101.78,16.0,1764.96,1.203,487.77,99.85
WELL-017,2026-01-01T08:00:00,2136.5,22.82,13.77,118.2,18.86,1824.61,1.189,455.32,99.14
WELL-017,2026-01-01T08:20:00,2150.58,18.8,12.01,108.79,17.62,1864.65,1.153,455.18,98.7
WELL-017,2026-01-01T08:40:00,2162.58,22.9,10.26,106.1,18.57,1917.38,1.225,485.27,101.34
WELL-017,2026-01-01T09:00:00,2178.69,26.74,13.2,108.31,19.99,1604.43,1.205,441.56,100.7
WELL-017,2026-01-01T09:20:00,2193.41,23.8,11.95,111.52,16.13,1860.1,1.188,446.84,99.57
WELL-017,2026-01-01T09:40:00,2206.61,21.41,11.47,122.8,15.45,2075.28,1.184,466.07,98.01
WELL-017,2026-01-01T10:00:00,2220.81,19.49,10.52,111.57,17.83,1709.72,1.192,458.47,95.93
WELL-017,2026-01-01T10:20:00,2234.88,16.24,13.24,116.63,14.61,1875.22,1.185,456.85,100.34
WELL-017,2026-01-01T10:40:00,2247.04,19.88,10.67,124.97,18.13,1694.14,1.206,474.79,99.02
WELL-017,2026-01-01T11:00:00,2263.57,21.02,12.44,97.41,14.06,1826.34,1.183,452.27,99.36
WELL-017,2026-01-01T11:20:00,2277.73,17.79,12.45,117.55,12.6,1980.78,1.196,441.61,101.15
WELL-017,2026-01-01T11:40:00,2288.49,18.94,11.83,107.3,14.66,1662.01,1.185,457.71,101.03
WELL-017,2026-01-01T12:00:00,2302.54,20.45,13.86,104.14,16.66,1810.99,1.238,454.75,98.18
WELL-017,2026-01-01T12:20:00,2319.57,16.51,14.28,116.67,17.89,1850.78,1.185,453.75,99.25
WELL-017,2026-01-01T12:40:00,2330.37,22.19,11.07,93.47,19.85,1736.08,1.197,454.38,101.92
WELL-017,2026-01-01T13:00:00,2345.98,19.01,14.46,102.27,14.3,1833.48,1.227,422.45,100.14
WELL-017,2026-01-01T13:20:00,2358.73,20.28,12.12,114.43,14.2,2066.76,1.18,432.73,103.02
WELL-017,2026-01-01T13:40:00,2374.23,18.82,9.69,120.74,13.69,1855.66,1.172,438.11,102.31
WELL-017,2026-01-01T14:00:00,2387.25,17.72,12.26,104.4,17.07,2147.64,1.17,426.16,103.08
WELL-017,2026-01-01T14:20:00,2401.53,20.51,10.6,111.23,16.22,1820.89,1.223,457.36,101.64
WELL-017,2026-01-01T14:40:00,2415.19,19.15,11.13,104.51,13.56,1807.43,1.236,444.57,101.43
WELL-017,2026-01-01T15:00:00,2428.85,15.67,10.68,114.18,14.86,1787.8,1.185,436.11,100.36
WELL-017,2026-01-01T15:20:00,2443.93,16.31,11.71,114.2,21.96,1840.51,1.23,436.29,98.28
WELL-017,2026-01-01T15:40:00,2457.73,19.37,14.19,122.3,17.44,1821.99,1.187,434.74,99.23
WELL-017,2026-01-01T16:00:00,2472.67,20.59,10.86,116.16,18.46,1878.06,1.145,446.04,100.9
WELL-017,2026-01-01T16:20:00,2487.98,17.25,10.63,112.99,13.48,1829.81,1.216,484.75,101.48
WELL-017,2026-01-01T16:40:00,2501.04,22.74,11.31,123.64,18.32,1855.55,1.223,460.84,96.52
WELL-017,2026-01-01T17:00:00,2515.4,16.38,10.19,123.74,16.74,1849.59,1.197,447.02,99.32
WELL-017,2026-01-01T17:20:00,2528.84,19.28,11.86,117.15,16.64,1779.51,1.241,456.31,97.38
WELL-017,2026-01-01T17:40:00,2543.44,18.49,12.56,105.48,17.79,1810.59,1.239,483.25,100.4
WELL-017,2026-01-01T18:00:00,2557.94,17.08,12.78,105.72,17.28,1822.98,1.199,419.86,101.19
WELL-017,2026-01-01T18:20:00,2568.49,22.18,11.66,114.91,15.29,1745.88,1.188,468.36,99.61
WELL-017,2026-01-01T18:40:00,2584.02,18.28,13.25,112.64,18.79,1788.72,1.18,475.44,101.13
WELL-017,2026-01-01T19:00:00,2596.87,22.3,12.59,109.74,15.37,1874.54,1.22,458.29,99.03
WELL-017,2026-01-01T19:20:00,2612.09,20.33,12.42,107.48,18.33,1945.17,1.229,440.2,98.62
WELL-017,2026-01-01T19:40:00,2626.54,12.72,12.97,114.43,23.52,1736.11,1.292,495.66,94.23
WELL-017,2026-01-01T20:00:00,2641.87,13.73,12.34,126.11,24.07,1870.18,1.284,493.53,95.12
WELL-017,2026-01-01T20:20:00,2652.53,10.48,14.0,109.33,28.34,1730.18,1.243,416.03,95.43
WELL-017,2026-01-01T20:40:00,2666.61,13.07,13.37,96.3,26.01,1710.49,1.294,455.29,93.96
WELL-017,2026-01-01T21:00:00,2683.25,14.0,14.0,112.06,27.07,1729.06,1.279,494.4,94.39
WELL-017,2026-01-01T21:20:00,2694.58,14.7,13.36,111.98,30.95,1949.69,1.299,437.38,93.6
WELL-017,2026-01-01T21:40:00,2710.2,13.49,9.56,115.39,29.64,1697.57,1.301,490.63,91.22
WELL-017,2026-01-01T22:00:00,2724.33,25.3,11.46,114.22,17.76,1632.94,1.194,447.51,98.93
WELL-017,2026-01-01T22:20:00,2737.96,20.12,11.13,104.63,19.67,1865.22,1.186,428.81,102.6
WELL-017,2026-01-01T22:40:00,2751.47,21.89,11.47,123.19,20.99,1720.71,1.234,420.26,97.95
WELL-017,2026-01-01T23:00:00,2767.84,19.79,12.87,108.01,19.09,2014.58,1.182,440.6,99.29
WELL-017,2026-01-01T23:20:00,2781.47,22.7,13.97,114.71,18.23,1688.15,1.204,420.99,102.11
WELL-017,2026-01-01T23:40:00,2792.54,26.24,11.42,106.16,17.87,1848.45,1.194,472.87,100.69
WELL-017,2026-01-02T00:00:00,2806.29,19.64,15.38,110.71,16.98,1908.03,1.216,458.58,99.11
WELL-017,2026-01-02T00:20:00,2821.51,24.24,15.53,115.69,18.05,1778.95,1.248,463.28,98.9
WELL-017,2026-01-02T00:40:00,2835.54,19.92,13.11,107.99,19.39,1763.03,1.169,415.97,99.92
WELL-017,2026-01-02T01:00:00,2851.83,23.85,12.37,92.45,17.39,1773.87,1.223,431.63,99.2
WELL-017,2026-01-02T01:20:00,2862.37,21.99,11.49,109.01,18.35,1881.21,1.212,466.42,98.96
WELL-017,2026-01-02T01:40:00,2876.79,16.78,11.93,116.78,16.36,1753.21,1.187,456.68,98.06
WELL-017,2026-01-02T02:00:00,2893.05,18.92,10.93,108.48,17.52,1849.37,1.174,462.74,99.38
WELL-017,2026-01-02T02:20:00,2906.33,14.88,12.39,109.03,15.51,1914.88,1.238,460.99,98.07
WELL-017,2026-01-02T02:40:00,2918.92,21.59,12.53,102.65,15.55,1688.81,1.203,414.12,100.81
WELL-017,2026-01-02T03:00:00,2932.36,23.76,13.88,101.84,16.9,1976.39,1.212,439.31,99.08
WELL-017,2026-01-02T03:20:00,2947.23,19.85,11.71,101.25,20.09,1813.17,1.191,461.68,102.49
WELL-017,2026-01-02T03:40:00,2962.6,18.63,13.1,114.05,14.78,1656.36,1.159,433.63,101.61
WELL-017,2026-01-02T04:00:00,2977.32,20.51,13.77,109.05,14.98,1593.47,1.199,425.2,98.59
WELL-017,2026-01-02T04:20:00,2988.84,25.01,10.32,109.64,14.24,1642.42,1.239,467.28,98.96
WELL-017,2026-01-02T04:40:00,3005.85,26.03,14.72,92.22,16.18,1709.95,1.238,438.14,102.14
WELL-017,2026-01-02T05:00:00,3017.87,21.6,11.54,108.2,15.44,1874.06,1.208,469.2,97.97
WELL-017,2026-01-02T05:20:00,3033.43,19.37,12.59,116.26,19.49,1782.76,1.206,436.89,98.87
WELL-017,2026-01-02T05:40:00,3047.28,22.07,12.28,106.84,17.37,1896.87,1.232,452.99,98.9
WELL-017,2026-01-02T06:00:00,3059.51,25.35,12.34,104.25,14.34,1842.09,1.196,439.17,99.55
WELL-017,2026-01-02T06:20:00,3073.02,20.07,11.08,109.25,17.14,1775.05,1.259,468.37,98.24
WELL-017,2026-01-02T06:40:00,3089.94,21.2,11.06,105.57,18.26,1934.22,1.248,435.36,100.03
WELL-017,2026-01-02T07:00:00,3102.09,18.38,11.16,109.74,16.08,1740.17,1.199,448.36,98.71
WELL-017,2026-01-02T07:20:00,3115.93,25.92,10.69,109.6,18.07,1809.92,1.202,444.31,102.59
WELL-017,2026-01-02T07:40:00,3128.29,19.57,12.15,107.07,16.63,1753.06,1.185,453.95,98.45
WELL-017,2026-01-02T08:00:00,3145.65,17.67,11.85,107.14,20.15,1805.92,1.18,440.16,100.71
WELL-017,2026-01-02T08:20:00,3157.63,19.39,13.38,107.87,15.07,1807.24,1.198,433.14,101.29
WELL-017,2026-01-02T08:40:00,3171.25,16.55,11.47,110.09,16.58,1697.55,1.157,478.99,97.7
WELL-017,2026-01-02T09:00:00,3184.51,22.31,10.98,117.07,18.12,1739.53,1.209,463.85,99.62
WELL-017,2026-01-02T09:20:00,3201.4,23.7,9.34,114.45,16.1,1723.47,1.207,443.87,100.28
WELL-017,2026-01-02T09:40:00,3214.0,22.11,12.48,108.86,14.79,1799.48,1.229,464.78,99.73
WELL-017,2026-01-02T10:00:00,3229.1,24.26,7.99,88.57,16.83,1720.36,1.224,471.33,97.81
WELL-017,2026-01-02T10:20:00,3241.17,17.01,10.4,117.8,20.16,1940.63,1.188,437.0,102.25
WELL-017,2026-01-02T10:40:00,3255.31,19.11,12.88,109.67,15.22,1911.94,1.222,447.4,102.07
WELL-017,2026-01-02T11:00:00,3270.68,19.71,13.83,110.14,17.29,1813.71,1.151,450.71,98.45
WELL-017,2026-01-02T11:20:00,3283.75,18.86,13.07,116.7,17.67,1746.39,1.216,466.3,100.31
WELL-017,2026-01-02T11:40:00,3296.09,25.89,14.62,112.47,15.14,1810.09,1.189,467.1,100.1
WELL-017,2026-01-02T12:00:00,3312.23,19.09,13.12,115.7,13.88,1710.11,1.174,453.69,98.44
WELL-017,2026-01-02T12:20:00,3324.52,21.27,13.23,110.85,16.88,1994.25,1.206,428.76,101.38
WELL-017,2026-01-02T12:40:00,3341.83,13.05,12.55,116.02,16.64,1934.23,1.177,496.17,99.85
WELL-017,2026-01-02T13:00:00,3352.48,17.32,13.08,106.0,15.09,1801.32,1.171,480.95,101.09
WELL-017,2026-01-02T13:20:00,3367.47,22.5,11.64,105.45,17.46,1878.88,1.143,475.08,98.87
WELL-017,2026-01-02T13:40:00,3382.87,20.47,10.09,105.65,20.06,1692.77,1.156,474.55,99.98
WELL-017,2026-01-02T14:00:00,3395.12,24.27,15.86,100.97,22.32,1741.33,1.203,461.9,101.27
WELL-017,2026-01-02T14:20:00,3408.81,25.27,12.6,118.83,22.42,1800.85,1.174,449.21,100.68
WELL-017,2026-01-02T14:40:00,3423.4,17.79,12.55,114.12,13.48,1828.23,1.194,430.5,98.5
WELL-017,2026-01-02T15:00:00,3437.15,21.5,13.78,114.16,18.75,1798.97,1.211,457.95,99.13
WELL-017,2026-01-02T15:20:00,3450.32,18.57,13.23,103.42,18.41,1825.53,1.202,446.5,99.95
WELL-017,2026-01-02T15:40:00,3466.67,23.75,11.4,112.72,17.04,1828.54,1.176,484.86,100.16
WELL-018,2026-01-01T00:00:00,1801.84,22.56,11.76,112.37,14.56,1759.17,1.183,440.44,98.0
WELL-018,2026-01-01T00:20:00,1813.63,20.34,10.48,108.21,14.1,1785.31,1.232,487.97,100.25
WELL-018,2026-01-01T00:40:00,1829.54,20.6,13.05,123.42,21.67,1697.63,1.172,478.12,101.69
WELL-018,2026-01-01T01:00:00,1842.83,24.37,11.29,125.3,19.09,1914.15,1.196,487.3,102.35
WELL-018,2026-01-01T01:20:00,1857.52,19.1,9.03,114.85,20.04,1666.75,1.192,426.71,100.96
WELL-018,2026-01-01T01:40:00,1868.14,22.75,11.07,105.01,18.3,1984.19,1.199,453.85,99.96
WELL-018,2026-01-01T02:00:00,1883.6,24.94,14.25,101.45,14.65,1782.45,1.233,436.01,102.63
WELL-018,2026-01-01T02:20:00,1898.64,20.96,11.19,136.47,17.06,1834.83,1.141,442.56,100.42
WELL-018,2026-01-01T02:40:00,1911.1,22.03,12.4,123.37,17.03,1767.47,1.231,438.24,101.39
WELL-018,2026-01-01T03:00:00,1926.96,24.43,12.16,112.06,15.35,1749.19,1.211,430.4,99.06
WELL-018,2026-01-01T03:20:00,1938.12,23.16,11.42,111.56,16.64,1838.07,1.188,454.8,100.37
WELL-018,2026-01-01T03:40:00,1955.59,23.26,14.77,126.87,17.95,1685.92,1.2,459.72,101.45
WELL-018,2026-01-01T04:00:00,1967.52,17.53,13.11,104.16,15.41,1784.07,1.251,448.36,99.71
WELL-018,2026-01-01T04:20:00,1983.88,24.94,11.3,116.92,12.78,1747.49,1.217,471.28,99.82
WELL-018,2026-01-01T04:40:00,1994.48,16.89,11.82,101.34,15.81,1922.43,1.244,473.57,99.41
WELL-018,2026-01-01T05:00:00,2011.14,26.79,9.41,115.92,19.43,1730.2,1.205,445.89,100.0
WELL-018,2026-01-01T05:20:00,2025.16,16.26,11.58,102.69,16.92,1614.75,1.241,457.42,103.22
WELL-018,2026-01-01T05:40:00,2039.31,18.43,12.44,96.73,15.38,1872.17,1.228,421.17,99.87
WELL-018,2026-01-01T06:00:00,2053.04,22.75,12.95,117.63,13.46,1891.48,1.195,438.7,100.42
WELL-018,2026-01-01T06:20:00,2065.23,19.38,13.01,124.35,20.81,1925.47,1.201,426.52,98.39
WELL-018,2026-01-01T06:40:00,2079.31,20.35,11.79,114.32,19.11,1757.57,1.206,433.39,100.06
WELL-018,2026-01-01T07:00:00,2092.89,23.46,8.89,106.37,14.65,1811.22,1.197,476.58,98.48
WELL-018,2026-01-01T07:20:00,2109.12,21.63,11.31,107.02,15.51,1590.05,1.223,465.57,98.45
WELL-018,2026-01-01T07:40:00,2121.5,15.54,13.72,104.89,19.11,1868.48,1.207,430.49,103.91
WELL-018,2026-01-01T08:00:00,2136.78,20.47,9.66,107.08,16.86,1512.49,1.22,471.1,97.76
WELL-018,2026-01-01T08:20:00,2149.5,23.8,11.14,111.93,14.02,1805.01,1.225,446.08,100.92
WELL-018,2026-01-01T08:40:00,2162.05,19.68,12.65,97.4,17.57,1987.64,1.212,443.24,99.55
WELL-018,2026-01-01T09:00:00,2177.93,19.23,12.3,114.35,16.46,1743.21,1.207,457.79,102.52
WELL-018,2026-01-01T09:20:00,2190.13,21.88,14.64,112.42,15.13,1745.15,1.213,437.38,98.15
WELL-018,2026-01-01T09:40:00,2206.68,22.72,10.1,111.61,16.04,1861.7,1.203,434.06,97.85
WELL-018,2026-01-01T10:00:00,2218.26,20.21,10.76,102.18,18.16,1813.08,1.24,444.16,99.15
WELL-018,2026-01-01T10:20:00,2235.85,25.61,11.42,107.62,11.74,1754.28,1.185,442.45,98.84
WELL-018,2026-01-01T10:40:00,2248.62,22.45,11.53,100.76,15.0,1824.01,1.18,466.03,101.72
WELL-018,2026-01-01T11:00:00,2261.77,26.04,12.46,105.3,15.07,1930.77,1.171,465.48,101.1
WELL-018,2026-01-01T11:20:00,2276.47,22.86,11.45,115.26,19.83,1756.92,1.205,463.98,98.65
WELL-018,2026-01-01T11:40:00,2290.33,21.89,13.41,109.03,14.57,1754.81,1.2,467.56,98.56
WELL-018,2026-01-01T12:00:00,2305.71,16.97,10.81,106.29,17.1,1915.68,1.185,459.5,99.26
WELL-018,2026-01-01T12:20:00,2317.3,16.87,9.87,103.9,16.13,1816.21,1.207,477.65,98.37
WELL-018,2026-01-01T12:40:00,2332.64,23.28,9.26,106.5,17.19,1757.19,1.174,456.33,98.9
WELL-018,2026-01-01T13:00:00,2345.91,22.9,9.8,115.72,17.05,1954.53,1.198,445.89,101.13
WELL-018,2026-01-01T13:20:00,2359.86,23.16,11.5,106.06,15.55,1888.66,1.165,444.34,99.52
WELL-018,2026-01-01T13:40:00,2373.27,23.97,10.52,114.26,17.14,1911.07,1.209,474.93,99.03
WELL-018,2026-01-01T14:00:00,2386.62,22.39,8.29,126.72,14.12,1769.12,1.174,428.76,96.87
WELL-018,2026-01-01T14:20:00,2401.7,16.97,11.15,110.87,19.22,1701.06,1.164,453.25,102.52
WELL-018,2026-01-01T14:40:00,2414.13,21.82,12.15,102.66,17.8,1876.49,1.252,415.04,100.21
WELL-018,2026-01-01T15:00:00,2429.98,26.24,11.87,109.03,16.95,1837.98,1.213,433.45,97.76
WELL-018,2026-01-01T15:20:00,2442.4,21.38,12.25,105.11,16.67,1775.76,1.181,426.84,100.26
WELL-018,2026-01-01T15:40:00,2459.25,22.58,8.09,113.88,15.4,1874.82,1.148,470.73,100.41
WELL-018,2026-01-01T16:00:00,2472.38,20.5,11.79,116.43,12.97,1785.14,1.22,443.67,100.68
WELL-018,2026-01-01T16:20:00,2485.82,18.44,11.74,103.64,17.33,1835.99,1.178,451.46,100.69
WELL-018,2026-01-01T16:40:00,2498.92,21.03,11.73,118.74,16.55,1739.32,1.21,420.09,100.85
WELL-018,2026-01-01T17:00:00,2513.13,18.7,11.9,103.92,19.1,1907.88,1.199,453.43,101.45
WELL-018,2026-01-01T17:20:00,2527.41,19.06,11.2,125.61,16.45,2018.45,1.187,460.6,100.43
WELL-018,2026-01-01T17:40:00,2543.58,25.42,14.18,117.75,20.3,1770.92,1.19,431.55,99.43
WELL-018,2026-01-01T18:00:00,2554.68,17.86,11.73,123.28,18.24,2025.94,1.179,422.13,96.55
WELL-018,2026-01-01T18:20:00,2569.52,23.86,11.61,107.11,13.83,1819.27,1.193,480.26,99.6
WELL-018,2026-01-01T18:40:00,2585.75,25.56,11.63,97.14,16.36,1821.22,1.178,471.2,103.47
WELL-018,2026-01-01T19:00:00,2599.93,20.38,11.56,105.76,16.66,1806.92,1.204,423.71,99.96
WELL-018,2026-01-01T19:20:00,2610.43,22.09,10.5,117.96,18.18,2080.27,1.208,455.06,99.06
WELL-018,2026-01-01T19:40:00,2626.2,24.81,13.75,120.65,15.3,1829.16,1.186,478.2,103.39
WELL-018,2026-01-01T20:00:00,2638.16,26.31,12.85,106.61,14.23,1716.88,1.193,466.76,103.72
WELL-018,2026-01-01T20:20:00,2654.75,25.88,11.74,115.13,16.99,1915.5,1.149,428.11,100.18
WELL-018,2026-01-01T20:40:00,2667.27,24.32,12.39,101.88,18.41,1831.53,1.199,423.59,100.18
WELL-018,2026-01-01T21:00:00,2681.78,18.25,11.1,118.57,18.09,1763.94,1.248,450.07,99.48
WELL-018,2026-01-01T21:20:00,2695.77,25.62,13.74,111.91,15.38,1919.32,1.193,423.95,102.55
WELL-018,2026-01-01T21:40:00,2709.28,20.84,14.15,96.07,18.09,1804.0,1.213,457.63,101.31
WELL-018,2026-01-01T22:00:00,2722.12,21.79,14.21,104.85,14.66,1753.88,1.204,456.26,97.69
WELL-018,2026-01-01T22:20:00,2737.01,21.3,11.4,119.55,13.52,1785.55,1.175,417.7,98.27
WELL-018,2026-01-01T22:40:00,2750.98,24.67,13.09,108.54,19.45,1781.79,1.186,435.23,102.16
WELL-018,2026-01-01T23:00:00,2764.92,25.13,12.56,102.38,13.64,1684.47,1.24,468.88,98.54
WELL-018,2026-01-01T23:20:00,2781.75,18.74,13.93,116.97,14.58,1864.94,1.207,407.62,104.02
WELL-018,2026-01-01T23:40:00,2793.91,17.29,11.1,101.36,16.96,1843.82,1.205,408.32,98.79
WELL-018,2026-01-02T00:00:00,2806.72,21.31,14.8,116.63,19.14,1820.96,1.192,440.69,99.82
WELL-018,2026-01-02T00:20:00,2822.71,24.0,14.05,107.02,19.71,1882.5,1.221,466.3,100.44
WELL-018,2026-01-02T00:40:00,2837.53,17.14,11.43,113.45,19.67,1732.4,1.226,444.33,100.61
WELL-018,2026-01-02T01:00:00,2848.14,16.78,11.04,100.22,15.83,1822.85,1.174,452.02,100.09
WELL-018,2026-01-02T01:20:00,2864.63,20.89,12.01,107.51,15.71,1699.17,1.166,452.98,100.34
WELL-018,2026-01-02T01:40:00,2879.36,19.93,13.3,95.39,17.6,1818.84,1.203,466.65,98.54
WELL-018,2026-01-02T02:00:00,2892.85,18.56,9.8,115.59,14.97,1820.92,1.156,480.97,98.69
WELL-018,2026-01-02T02:20:00,2904.25,14.28,10.54,88.26,23.74,1669.54,1.296,427.11,93.12
WELL-018,2026-01-02T02:40:00,2918.98,12.6,11.77,120.22,28.24,1938.21,1.287,467.45,95.18
WELL-018,2026-01-02T03:00:00,2935.05,10.91,11.84,117.69,26.68,1687.0,1.262,430.01,96.09
WELL-018,2026-01-02T03:20:00,2949.65,9.46,8.79,112.14,25.72,1715.71,1.274,426.8,96.28
WELL-018,2026-01-02T03:40:00,2960.49,14.61,11.27,108.43,25.27,1770.68,1.266,416.58,94.0
WELL-018,2026-01-02T04:00:00,2974.43,17.54,10.8,102.92,29.86,1822.03,1.262,458.2,96.94
WELL-018,2026-01-02T04:20:00,2990.69,21.52,10.28,114.08,15.95,1767.83,1.188,457.19,98.35
WELL-018,2026-01-02T04:40:00,3002.28,17.76,11.37,101.37,13.17,1823.74,1.151,483.05,101.19
WELL-018,2026-01-02T05:00:00,3018.02,22.66,13.36,102.63,17.27,1842.72,1.212,441.22,98.51
WELL-018,2026-01-02T05:20:00,3030.65,27.92,11.31,113.41,17.43,1855.16,1.225,467.59,99.64
WELL-018,2026-01-02T05:40:00,3044.36,18.26,8.73,106.96,16.25,1944.39,1.197,439.96,99.92
WELL-018,2026-01-02T06:00:00,3061.34,22.81,8.76,120.19,18.99,1727.81,1.179,493.23,99.65
WELL-018,2026-01-02T06:20:00,3074.88,22.44,11.29,104.52,14.0,1873.97,1.178,424.97,98.4
WELL-018,2026-01-02T06:40:00,3086.69,20.9,12.53,102.15,15.94,1835.91,1.201,434.15,96.83
WELL-018,2026-01-02T07:00:00,3102.89,18.9,10.71,100.71,18.0,1745.27,1.204,467.42,99.9
WELL-018,2026-01-02T07:20:00,3115.46,22.4,11.89,97.18,15.22,1887.76,1.206,476.34,100.15
WELL-018,2026-01-02T07:40:00,3129.7,29.17,12.06,122.12,18.57,1682.48,1.241,444.17,101.18
WELL-018,2026-01-02T08:00:00,3142.27,22.19,11.37,105.93,16.71,1730.95,1.203,417.46,98.58
WELL-018,2026-01-02T08:20:00,3157.59,17.67,11.96,118.07,19.94,1927.07,1.212,425.37,99.33
WELL-018,2026-01-02T08:40:00,3171.31,19.65,13.77,112.39,18.91,1886.99,1.184,457.17,99.93
WELL-018,2026-01-02T09:00:00,3186.86,19.21,13.46,98.92,15.86,1918.51,1.194,431.88,101.45
WELL-018,2026-01-02T09:20:00,3201.99,27.8,10.6,115.35,17.52,1917.22,1.192,447.33,101.66
WELL-018,2026-01-02T09:40:00,3215.66,22.32,13.15,100.75,18.03,1719.48,1.207,425.1,99.17
WELL-018,2026-01-02T10:00:00,3227.87,21.6,13.03,107.65,16.19,1941.08,1.175,458.4,100.39
WELL-018,2026-01-02T10:20:00,3240.09,19.63,12.03,108.11,16.69,1850.14,1.175,427.54,98.62
WELL-018,2026-01-02T10:40:00,3257.91,23.26,12.6,118.21,17.22,1853.11,1.189,457.08,100.53
WELL-018,2026-01-02T11:00:00,3269.16,18.75,10.44,96.64,17.18,1772.69,1.232,420.24,100.06
WELL-018,2026-01-02T11:20:00,3282.5,17.05,10.63,117.55,16.97,1797.95,1.228,456.29,101.24
WELL-018,2026-01-02T11:40:00,3298.46,19.91,13.42,106.85,22.08,1831.68,1.194,406.22,99.88
WELL-018,2026-01-02T12:00:00,3311.97,25.41,11.36,106.15,16.99,1915.62,1.244,451.54,99.89
WELL-018,2026-01-02T12:20:00,3325.63,22.34,11.76,103.34,13.77,1808.91,1.206,471.03,100.33
WELL-018,2026-01-02T12:40:00,3340.7,17.63,12.49,111.02,18.95,1856.04,1.227,438.2,103.52
WELL-018,2026-01-02T13:00:00,3354.92,25.9,12.35,94.29,19.99,1874.25,1.174,457.1,100.43
WELL-018,2026-01-02T13:20:00,3369.25,17.33,11.01,119.35,18.51,1700.5,1.178,427.12,100.9
WELL-018,2026-01-02T13:40:00,3380.74,28.89,11.38,104.75,15.58,1862.38,1.189,468.24,100.46
WELL-018,2026-01-02T14:00:00,3395.35,15.98,10.29,114.64,17.91,1769.89,1.231,458.05,100.67
WELL-018,2026-01-02T14:20:00,3408.02,21.35,9.46,109.58,16.31,1879.18,1.202,469.15,100.57
WELL-018,2026-01-02T14:40:00,3425.97,25.61,11.46,96.77,18.22,1659.55,1.254,474.61,98.94
WELL-018,2026-01-02T15:00:00,3438.21,18.04,10.64,109.87,17.72,1755.46,1.208,465.37,99.68
WELL-018,2026-01-02T15:20:00,3452.11,16.64,14.46,91.38,15.9,1945.24,1.208,450.64,98.9
WELL-018,2026-01-02T15:40:00,3465.68,22.68,11.22,107.34,15.43,1755.41,1.223,456.31,96.88
WELL-019,2026-01-01T00:00:00,1801.11,22.67,10.6,120.21,17.3,1632.59,1.222,470.85,99.97
WELL-019,2026-01-01T00:20:00,1812.54,18.56,13.65,108.86,18.11,1854.12,1.223,469.81,98.67
WELL-019,2026-01-01T00:40:00,1826.95,20.51,13.54,113.25,23.5,1941.76,1.173,446.07,100.37
WELL-019,2026-01-01T01:00:00,1841.78,24.97,12.73,102.97,17.61,1725.5,1.193,469.52,100.74
WELL-019,2026-01-01T01:20:00,1855.54,19.33,12.52,121.39,13.88,1848.46,1.202,410.85,100.22
WELL-019,2026-01-01T01:40:00,1869.94,22.63,12.1,103.24,15.81,1954.91,1.195,474.17,100.44
WELL-019,2026-01-01T02:00:00,1883.56,24.84,10.39,116.32,15.01,1656.28,1.166,447.32,99.59
WELL-019,2026-01-01T02:20:00,1897.54,21.01,11.42,118.7,17.77,1769.45,1.186,456.14,100.57
WELL-019,2026-01-01T02:40:00,1912.15,23.02,11.48,110.81,17.75,1747.54,1.196,438.12,102.76
WELL-019,2026-01-01T03:00:00,1924.09,17.51,12.04,98.81,17.86,1770.74,1.196,417.84,97.3
WELL-019,2026-01-01T03:20:00,1941.63,19.0,15.19,102.42,18.79,1848.53,1.163,452.94,100.94
WELL-019,2026-01-01T03:40:00,1953.62,22.21,13.18,116.29,20.68,1773.16,1.194,427.44,101.85
WELL-019,2026-01-01T04:00:00,1967.43,18.89,12.73,101.94,15.02,1701.14,1.191,387.98,99.83
WELL-019,2026-01-01T04:20:00,1983.19,19.78,13.43,111.08,16.83,1870.72,1.199,468.82,101.65
WELL-019,2026-01-01T04:40:00,1994.78,19.09,8.71,106.87,17.12,1922.73,1.18,482.56,101.4
WELL-019,2026-01-01T05:00:00,2011.99,24.66,7.88,114.85,16.63,1754.29,1.201,415.97,102.55
WELL-019,2026-01-01T05:20:00,2024.35,20.98,10.16,108.8,19.17,1693.43,1.225,452.37,99.66
WELL-019,2026-01-01T05:40:00,2039.33,18.45,13.92,111.73,17.19,1906.01,1.223,463.93,98.97
WELL-019,2026-01-01T06:00:00,2051.27,29.46,12.18,111.35,19.45,1915.89,1.226,451.3,99.7
WELL-019,2026-01-01T06:20:00,2065.86,19.77,13.66,94.63,16.78,1927.77,1.235,444.58,99.45
WELL-019,2026-01-01T06:40:00,2080.66,20.03,12.01,107.34,15.8,1800.19,1.172,432.67,98.3
WELL-019,2026-01-01T07:00:00,2094.69,18.92,11.61,119.45,16.88,1959.01,1.224,451.52,99.49
WELL-019,2026-01-01T07:20:00,2106.92,17.65,12.97,93.87,19.24,1815.17,1.227,440.53,99.83
WELL-019,2026-01-01T07:40:00,2124.0,19.47,14.46,104.44,17.2,1902.69,1.198,451.17,98.71
WELL-019,2026-01-01T08:00:00,2135.35,13.12,11.58,117.19,17.27,1963.22,1.235,422.01,97.73
WELL-019,2026-01-01T08:20:00,2148.58,18.82,9.12,123.95,16.98,1901.83,1.234,435.56,102.63
WELL-019,2026-01-01T08:40:00,2163.46,21.32,12.73,106.72,21.79,1748.07,1.178,452.78,98.61
WELL-019,2026-01-01T09:00:00,2179.22,16.26,10.1,108.94,16.17,1772.44,1.193,441.61,99.77
WELL-019,2026-01-01T09:20:00,2192.89,21.82,14.39,112.04,16.31,1881.5,1.177,411.63,100.84
WELL-019,2026-01-01T09:40:00,2205.35,19.83,12.63,116.12,15.72,1927.16,1.176,453.22,101.96
WELL-019,2026-01-01T10:00:00,2220.56,23.25,11.25,114.23,16.93,1825.98,1.181,418.77,100.65
WELL-019,2026-01-01T10:20:00,2232.13,19.15,16.19,106.67,18.51,1813.79,1.253,433.8,100.47
WELL-019,2026-01-01T10:40:00,2249.63,27.45,9.39,120.93,18.08,1776.66,1.168,429.17,100.56
WELL-019,2026-01-01T11:00:00,2263.26,18.21,11.15,101.81,15.2,1775.66,1.209,423.32,100.61
WELL-019,2026-01-01T11:20:00,2277.91,20.9,14.15,116.16,14.11,1784.7,1.176,420.79,99.78
WELL-019,2026-01-01T11:40:00,2289.67,20.09,11.62,111.26,19.04,1923.62,1.223,469.59,97.48
WELL-019,2026-01-01T12:00:00,2302.57,19.15,10.5,98.48,18.96,1870.89,1.16,469.91,95.49
WELL-019,2026-01-01T12:20:00,2316.43,19.58,12.88,99.93,15.89,1674.41,1.197,493.9,102.76
WELL-019,2026-01-01T12:40:00,2330.33,19.71,11.69,105.57,18.34,1694.05,1.158,475.52,101.77
WELL-019,2026-01-01T13:00:00,2347.26,15.5,11.02,99.38,18.56,1797.33,1.193,462.47,99.71
WELL-019,2026-01-01T13:20:00,2361.23,22.69,10.9,107.95,18.39,1938.17,1.226,443.68,99.22
WELL-019,2026-01-01T13:40:00,2374.92,16.58,10.89,127.17,15.85,1874.34,1.165,465.5,98.85
WELL-019,2026-01-01T14:00:00,2387.13,21.67,13.3,119.39,14.33,1802.87,1.187,481.24,97.84
WELL-019,2026-01-01T14:20:00,2400.83,20.47,11.97,99.94,15.81,1801.67,1.234,446.04,102.05
WELL-019,2026-01-01T14:40:00,2415.99,20.6,13.08,112.72,21.01,1807.05,1.201,467.16,98.5
WELL-019,2026-01-01T15:00:00,2431.01,19.19,8.61,118.76,17.82,1678.29,1.199,479.06,99.73
WELL-019,2026-01-01T15:20:00,2444.04,18.73,14.15,108.21,18.36,1966.27,1.193,440.03,98.83
WELL-019,2026-01-01T15:40:00,2458.89,20.61,14.08,109.91,17.55,1760.6,1.178,441.97,99.24
WELL-019,2026-01-01T16:00:00,2471.58,22.26,9.77,105.5,14.85,1893.08,1.226,425.61,97.67
WELL-019,2026-01-01T16:20:00,2487.5,20.94,10.61,103.45,14.24,1726.75,1.204,415.85,104.72
WELL-019,2026-01-01T16:40:00,2498.44,20.97,10.74,107.04,15.3,1869.39,1.17,464.41,103.38
WELL-019,2026-01-01T17:00:00,2513.11,18.02,13.21,119.89,18.82,1788.71,1.202,429.75,100.65
WELL-019,2026-01-01T17:20:00,2529.39,20.83,15.4,103.84,15.64,1800.94,1.21,475.76,99.12
WELL-019,2026-01-01T17:40:00,2541.32,18.31,13.94,104.24,16.6,1741.96,1.234,458.76,97.23
WELL-019,2026-01-01T18:00:00,2555.36,21.36,10.66,117.54,13.67,1736.47,1.227,432.65,100.31
WELL-019,2026-01-01T18:20:00,2568.8,25.39,12.55,114.8,14.97,1917.78,1.203,466.31,99.19
WELL-019,2026-01-01T18:40:00,2582.22,15.16,11.58,113.64,17.1,1701.29,1.209,446.51,98.01
WELL-019,2026-01-01T19:00:00,2598.96,21.4,10.26,110.39,18.23,1896.19,1.216,460.26,99.96
WELL-019,2026-01-01T19:20:00,2612.91,16.81,13.12,99.89,18.6,1771.21,1.173,449.72,98.12
WELL-019,2026-01-01T19:40:00,2627.46,18.26,12.18,111.93,18.46,1827.39,1.171,429.8,100.54
WELL-019,2026-01-01T20:00:00,2638.57,21.25,12.78,125.13,17.52,1628.17,1.173,416.88,103.02
WELL-019,2026-01-01T20:20:00,2654.92,22.05,10.68,101.94,14.88,1816.49,1.204,442.13,100.11
WELL-019,2026-01-01T20:40:00,2669.53,21.51,15.09,105.73,16.75,1793.46,1.172,485.2,97.2
WELL-019,2026-01-01T21:00:00,2681.31,20.96,12.65,102.99,16.84,1802.61,1.185,443.15,99.57
WELL-019,2026-01-01T21:20:00,2695.86,16.49,14.23,109.96,16.0,1769.62,1.205,452.71,98.07
WELL-019,2026-01-01T21:40:00,2709.13,19.46,12.18,118.68,19.18,1863.41,1.246,452.55,102.44
WELL-019,2026-01-01T22:00:00,2723.58,18.66,14.29,129.19,15.31,1851.23,1.195,425.98,101.1
WELL-019,2026-01-01T22:20:00,2737.14,11.31,14.36,103.98,18.98,1728.84,1.294,453.01,92.87
WELL-019,2026-01-01T22:40:00,2751.07,11.48,13.09,124.04,23.92,2025.18,1.3,458.96,95.35
WELL-019,2026-01-01T23:00:00,2764.8,16.03,11.6,109.11,31.06,1826.29,1.298,433.08,93.52
WELL-019,2026-01-01T23:20:00,2779.89,9.66,15.01,116.9,30.57,1683.91,1.265,425.25,97.54
WELL-019,2026-01-01T23:40:00,2794.07,9.87,12.79,111.28,27.14,1825.24,1.241,417.53,95.93
WELL-019,2026-01-02T00:00:00,2809.27,13.64,12.41,110.4,26.77,1883.9,1.262,468.5,94.52
WELL-019,2026-01-02T00:20:00,2820.66,12.88,10.16,95.3,26.97,1902.77,1.267,464.16,94.83
WELL-019,2026-01-02T00:40:00,2834.14,22.96,12.78,116.06,18.16,1784.6,1.162,454.04,99.61
WELL-019,2026-01-02T01:00:00,2849.54,26.49,11.79,113.36,14.46,1797.59,1.205,471.54,100.32
WELL-019,2026-01-02T01:20:00,2863.54,22.5,13.79,98.16,14.09,1650.92,1.232,473.53,102.86
WELL-019,2026-01-02T01:40:00,2876.99,23.69,13.58,90.98,15.74,2004.41,1.2,453.76,100.35
WELL-019,2026-01-02T02:00:00,2890.48,18.31,10.62,111.63,20.16,1676.6,1.153,459.66,101.29
WELL-019,2026-01-02T02:20:00,2906.04,23.73,10.57,117.71,19.65,1827.97,1.186,444.23,99.85
WELL-019,2026-01-02T02:40:00,2918.84,15.49,10.49,108.89,18.68,1890.53,1.182,502.84,101.0
WELL-019,2026-01-02T03:00:00,2932.18,17.91,14.54,99.51,17.74,1833.62,1.223,455.35,100.66
WELL-019,2026-01-02T03:20:00,2948.44,20.73,12.57,96.14,18.54,1897.58,1.226,422.17,98.3
WELL-019,2026-01-02T03:40:00,2961.79,18.8,11.79,107.35,15.57,1913.77,1.201,493.89,98.94
WELL-019,2026-01-02T04:00:00,2976.9,22.93,10.57,100.76,16.39,1690.69,1.213,426.54,99.36
WELL-019,2026-01-02T04:20:00,2988.82,21.1,12.74,117.5,17.97,1885.18,1.222,433.13,98.51
WELL-019,2026-01-02T04:40:00,3004.24,21.72,14.81,119.31,14.98,1777.41,1.182,453.68,100.07
WELL-019,2026-01-02T05:00:00,3016.18,21.22,14.27,133.1,17.55,1720.18,1.235,450.38,98.14
WELL-019,2026-01-02T05:20:00,3033.9,18.81,12.58,99.24,16.91,1947.8,1.212,430.21,100.84
WELL-019,2026-01-02T05:40:00,3045.03,25.04,13.88,108.94,14.37,1818.48,1.242,449.13,100.01
WELL-019,2026-01-02T06:00:00,3060.12,23.27,12.91,118.25,17.65,1781.76,1.248,437.63,101.5
WELL-019,2026-01-02T06:20:00,3075.72,21.23,10.24,100.86,20.47,1852.54,1.207,454.18,100.33
WELL-019,2026-01-02T06:40:00,3086.68,23.07,14.51,92.72,17.9,1771.47,1.16,429.54,101.8
WELL-019,2026-01-02T07:00:00,3100.54,21.21,11.53,106.93,14.72,1922.0,1.196,473.75,99.47
WELL-019,2026-01-02T07:20:00,3115.43,14.58,11.81,119.39,15.84,1681.32,1.188,411.15,98.33
WELL-019,2026-01-02T07:40:00,3131.07,24.37,12.97,108.11,20.98,1770.72,1.175,458.88,99.3
WELL-019,2026-01-02T08:00:00,3145.56,21.5,12.3,103.19,17.66,1739.48,1.208,427.7,102.12
WELL-019,2026-01-02T08:20:00,3159.48,25.51,14.95,109.69,18.59,1776.74,1.169,441.65,99.27
WELL-019,2026-01-02T08:40:00,3173.9,19.77,13.62,109.04,19.28,1837.54,1.217,450.73,100.4
WELL-019,2026-01-02T09:00:00,3185.62,17.38,11.86,104.37,18.97,1869.68,1.192,483.99,98.68
WELL-019,2026-01-02T09:20:00,3199.81,21.41,9.32,106.08,17.63,1815.08,1.23,438.68,101.03
WELL-019,2026-01-02T09:40:00,3212.97,20.37,9.63,112.84,16.54,1862.24,1.217,411.79,103.07
WELL-019,2026-01-02T10:00:00,3228.31,24.88,11.31,112.36,17.6,1737.69,1.211,459.45,98.86
WELL-019,2026-01-02T10:20:00,3240.42,17.88,12.43,108.93,17.78,1620.15,1.267,445.97,98.69
WELL-019,2026-01-02T10:40:00,3254.61,22.57,11.68,108.17,15.29,1814.78,1.191,454.43,101.18
WELL-019,2026-01-02T11:00:00,3268.41,18.72,13.06,119.17,17.41,1634.03,1.248,429.68,101.94
WELL-019,2026-01-02T11:20:00,3282.3,24.75,11.73,103.81,18.49,1818.97,1.175,485.17,101.64
WELL-019,2026-01-02T11:40:00,3296.4,19.15,10.93,116.85,19.16,1835.22,1.244,457.29,101.23
WELL-019,2026-01-02T12:00:00,3313.46,19.09,12.56,113.54,16.01,1970.17,1.185,444.61,99.9
WELL-019,2026-01-02T12:20:00,3327.41,15.62,9.99,106.11,18.63,1893.02,1.183,426.72,101.15
WELL-019,2026-01-02T12:40:00,3341.43,26.29,10.1,120.0,15.64,1885.46,1.2,440.17,96.64
WELL-019,2026-01-02T13:00:00,3353.53,16.88,13.37,113.9,13.85,1868.35,1.229,474.38,98.94
WELL-019,2026-01-02T13:20:00,3369.77,24.25,10.62,130.06,17.78,1941.71,1.236,430.29,100.11
WELL-019,2026-01-02T13:40:00,3380.99,18.65,13.07,94.9,17.99,1748.83,1.177,462.64,99.64
WELL-019,2026-01-02T14:00:00,3396.08,14.04,14.78,112.57,15.47,1643.62,1.186,419.59,98.32
WELL-019,2026-01-02T14:20:00,3410.59,20.43,11.75,105.52,17.86,1779.11,1.23,469.56,101.52
WELL-019,2026-01-02T14:40:00,3423.85,22.43,11.98,125.97,19.23,1750.95,1.185,445.53,100.46
WELL-019,2026-01-02T15:00:00,3437.16,17.68,11.05,103.31,18.78,1616.28,1.227,449.4,101.63
WELL-019,2026-01-02T15:20:00,3453.13,19.67,14.03,115.7,17.04,1809.53,1.185,470.43,100.91
WELL-019,2026-01-02T15:40:00,3465.63,23.3,12.77,116.1,18.46,1758.68,1.215,429.27,98.93
WELL-020,2026-01-01T00:00:00,1799.68,17.98,10.06,113.71,19.1,1733.01,1.23,473.54,98.78
WELL-020,2026-01-01T00:20:00,1812.58,20.01,12.22,107.5,15.66,1722.59,1.192,425.51,104.05
WELL-020,2026-01-01T00:40:00,1829.25,25.72,9.87,100.81,16.12,1731.73,1.186,495.81,100.51
WELL-020,2026-01-01T01:00:00,1841.84,24.58,10.04,104.27,15.79,1848.22,1.19,488.81,99.26
WELL-020,2026-01-01T01:20:00,1856.09,23.73,12.45,120.19,15.21,1661.58,1.25,427.26,101.07
WELL-020,2026-01-01T01:40:00,1871.15,18.8,10.74,105.05,18.63,1779.7,1.192,436.02,99.87
WELL-020,2026-01-01T02:00:00,1883.91,18.34,12.32,112.88,17.27,1762.01,1.205,436.31,102.36
WELL-020,2026-01-01T02:20:00,1897.05,25.51,11.04,111.33,17.8,1838.29,1.185,450.79,98.5
WELL-020,2026-01-01T02:40:00,1912.0,23.13,10.2,119.58,14.8,1907.45,1.188,476.02,100.38
WELL-020,2026-01-01T03:00:00,1924.9,19.34,10.22,103.75,17.43,1830.51,1.18,419.78,100.02
WELL-020,2026-01-01T03:20:00,1938.56,17.73,13.45,95.13,14.65,1827.02,1.184,451.1,101.18
WELL-020,2026-01-01T03:40:00,1953.2,16.33,11.94,125.83,16.11,1813.56,1.213,461.73,99.8
WELL-020,2026-01-01T04:00:00,1966.33,18.29,11.76,121.9,17.84,1854.81,1.196,462.64,98.96
WELL-020,2026-01-01T04:20:00,1981.84,17.45,10.39,97.21,14.29,1788.08,1.201,429.63,99.31
WELL-020,2026-01-01T04:40:00,1994.57,20.23,12.25,117.22,17.64,1973.11,1.185,437.11,100.52
WELL-020,2026-01-01T05:00:00,2009.43,14.6,12.39,106.53,18.08,1889.84,1.209,448.81,99.78
WELL-020,2026-01-01T05:20:00,2025.55,27.13,12.43,106.13,17.39,1615.13,1.191,457.62,99.94
WELL-020,2026-01-01T05:40:00,2038.6,22.32,9.35,109.75,14.63,1960.39,1.171,456.85,97.44
WELL-020,2026-01-01T06:00:00,2051.19,21.12,13.27,118.66,12.47,1850.21,1.242,470.12,99.41
WELL-020,2026-01-01T06:20:00,2064.22,22.1,13.0,120.7,17.09,1703.05,1.216,440.0,99.35
WELL-020,2026-01-01T06:40:00,2079.51,23.76,11.86,104.78,17.65,1936.03,1.174,451.88,99.52
WELL-020,2026-01-01T07:00:00,2093.26,18.38,11.08,107.27,15.41,1826.92,1.18,477.0,99.41
WELL-020,2026-01-01T07:20:00,2106.77,22.92,9.09,106.82,15.68,1840.39,1.173,476.75,103.44
WELL-020,2026-01-01T07:40:00,2121.66,20.09,12.28,122.13,18.18,1843.4,1.152,460.07,98.08
WELL-020,2026-01-01T08:00:00,2137.12,16.23,13.8,110.92,20.46,1660.9,1.206,459.13,100.36
WELL-020,2026-01-01T08:20:00,2149.66,28.38,10.87,128.76,12.69,1931.85,1.143,451.93,100.33
WELL-020,2026-01-01T08:40:00,2164.87,24.71,12.72,100.0,18.63,1774.22,1.145,520.47,101.13
WELL-020,2026-01-01T09:00:00,2179.51,23.76,14.78,110.64,14.89,1737.93,1.215,449.22,100.49
WELL-020,2026-01-01T09:20:00,2191.19,23.49,12.33,113.96,15.0,1843.79,1.193,415.4,101.51
WELL-020,2026-01-01T09:40:00,2206.64,20.59,14.16,108.36,16.69,1704.2,1.191,466.51,101.88
WELL-020,2026-01-01T10:00:00,2220.17,20.26,13.5,103.49,18.76,1844.32,1.196,454.4,100.57
WELL-020,2026-01-01T10:20:00,2232.2,22.75,13.0,107.16,14.6,1650.6,1.199,422.73,99.16
WELL-020,2026-01-01T10:40:00,2249.54,18.31,9.81,115.23,20.33,1773.21,1.201,483.84,102.66
WELL-020,2026-01-01T11:00:00,2260.14,20.93,11.55,114.98,19.61,1930.31,1.236,428.69,98.93
WELL-020,2026-01-01T11:20:00,2275.76,17.75,8.18,111.01,17.33,1707.54,1.204,451.0,96.42
WELL-020,2026-01-01T11:40:00,2291.52,19.51,11.45,113.49,17.59,1766.08,1.209,423.12,97.26
WELL-020,2026-01-01T12:00:00,2305.21,21.99,12.27,101.08,16.32,1610.69,1.217,442.64,102.07
WELL-020,2026-01-01T12:20:00,2319.12,18.66,14.88,95.72,17.87,1926.47,1.223,419.99,97.48
WELL-020,2026-01-01T12:40:00,2333.26,23.64,10.38,98.65,12.9,1783.91,1.144,466.14,103.33
WELL-020,2026-01-01T13:00:00,2346.01,20.58,12.23,104.41,20.5,1783.07,1.178,477.46,98.8
WELL-020,2026-01-01T13:20:00,2361.52,23.5,10.47,93.0,20.28,1830.8,1.182,474.47,98.63
WELL-020,2026-01-01T13:40:00,2375.68,19.45,14.23,100.49,18.69,1781.43,1.207,493.34,99.61
WELL-020,2026-01-01T14:00:00,2388.84,20.94,13.23,106.44,16.69,1786.19,1.149,437.43,99.89
WELL-020,2026-01-01T14:20:00,2400.75,17.52,9.43,113.85,18.2,1752.3,1.198,458.59,100.63
WELL-020,2026-01-01T14:40:00,2417.01,20.43,13.77,117.63,16.53,1736.77,1.209,462.86,100.78
WELL-020,2026-01-01T15:00:00,2431.28,18.74,10.46,112.46,16.84,1949.01,1.184,447.98,102.52
WELL-020,2026-01-01T15:20:00,2444.35,20.06,11.27,108.97,13.98,1829.49,1.18,477.2,101.9
WELL-020,2026-01-01T15:40:00,2458.41,22.52,8.79,104.26,15.91,1795.1,1.157,443.75,99.52
WELL-020,2026-01-01T16:00:00,2473.87,21.52,11.8,99.92,16.91,1800.34,1.21,462.95,98.33
WELL-020,2026-01-01T16:20:00,2485.94,24.18,10.19,106.49,15.91,1616.67,1.204,427.0,98.78
WELL-020,2026-01-01T16:40:00,2499.59,19.8,11.9,94.4,18.68,1853.52,1.182,457.22,101.07
WELL-020,2026-01-01T17:00:00,2515.21,20.44,11.14,109.04,19.25,1847.75,1.204,457.16,101.52
WELL-020,2026-01-01T17:20:00,2526.66,16.83,12.18,113.91,19.3,1728.99,1.208,477.89,101.22
WELL-020,2026-01-01T17:40:00,2543.63,21.88,11.07,104.95,13.33,1853.77,1.204,430.36,100.7
WELL-020,2026-01-01T18:00:00,2557.49,18.61,10.45,100.46,16.1,1881.16,1.153,438.16,101.93
WELL-020,2026-01-01T18:20:00,2568.35,24.15,13.46,111.07,18.96,1772.36,1.201,448.6,97.03
WELL-020,2026-01-01T18:40:00,2582.11,21.22,12.71,104.11,19.79,1772.75,1.196,463.41,100.79
WELL-020,2026-01-01T19:00:00,2597.27,18.84,14.68,123.98,18.02,1778.61,1.193,422.48,95.86
WELL-020,2026-01-01T19:20:00,2613.28,18.93,12.67,100.19,14.12,1915.57,1.182,459.7,100.28
WELL-020,2026-01-01T19:40:00,2624.23,20.55,13.5,112.99,13.83,1892.78,1.222,442.76,100.81
WELL-020,2026-01-01T20:00:00,2639.52,19.05,11.04,112.06,14.88,1689.86,1.152,430.04,99.04
WELL-020,2026-01-01T20:20:00,2654.73,18.23,11.66,105.15,16.96,1831.09,1.215,452.58,98.49
WELL-020,2026-01-01T20:40:00,2666.16,19.31,13.12,116.14,17.9,1826.04,1.192,432.5,98.37
WELL-020,2026-01-01T21:00:00,2682.72,18.61,13.93,108.27,19.31,1708.64,1.194,458.63,101.49
WELL-020,2026-01-01T21:20:00,2695.25,22.32,12.89,108.33,15.98,1655.15,1.197,444.72,100.53
WELL-020,2026-01-01T21:40:00,2711.51,20.42,11.35,104.17,16.99,1843.51,1.238,453.39,101.81
WELL-020,2026-01-01T22:00:00,2724.33,16.27,10.44,105.07,19.55,1984.54,1.178,452.17,99.91
WELL-020,2026-01-01T22:20:00,2736.41,21.44,11.61,122.51,11.2,1789.93,1.224,444.87,99.34
WELL-020,2026-01-01T22:40:00,2752.63,19.17,11.86,118.4,15.42,1801.02,1.162,436.03,101.58
WELL-020,2026-01-01T23:00:00,2767.99,18.22,10.1,89.47,15.19,1975.85,1.185,464.39,100.74
WELL-020,2026-01-01T23:20:00,2779.98,25.21,11.64,110.72,17.59,1631.42,1.212,445.73,101.15
WELL-020,2026-01-01T23:40:00,2793.68,22.86,10.07,101.3,16.57,1684.21,1.222,464.89,98.83
WELL-020,2026-01-02T00:00:00,2809.19,23.61,10.49,110.4,14.65,1711.22,1.148,478.47,102.64
WELL-020,2026-01-02T00:20:00,2823.18,21.29,12.42,108.46,13.5,1666.93,1.204,394.61,99.51
WELL-020,2026-01-02T00:40:00,2834.33,21.84,9.03,121.55,18.6,1753.87,1.18,453.75,101.59
WELL-020,2026-01-02T01:00:00,2849.41,20.37,12.44,135.22,19.15,1684.08,1.197,467.51,100.96
WELL-020,2026-01-02T01:20:00,2865.12,21.84,9.68,97.9,17.5,2028.08,1.228,497.28,97.39
WELL-020,2026-01-02T01:40:00,2879.95,26.55,13.55,115.31,16.36,1734.95,1.205,468.62,101.44
WELL-020,2026-01-02T02:00:00,2890.06,28.28,12.15,114.95,16.03,1682.61,1.216,450.56,100.93
WELL-020,2026-01-02T02:20:00,2905.45,20.67,9.21,109.34,14.19,1946.46,1.217,457.48,99.15
WELL-020,2026-01-02T02:40:00,2920.94,16.03,14.34,101.66,17.37,1775.21,1.24,476.64,100.3
WELL-020,2026-01-02T03:00:00,2933.28,14.27,12.23,84.54,24.14,1851.75,1.276,449.66,95.44
WELL-020,2026-01-02T03:20:00,2946.93,10.21,12.05,114.47,26.93,1956.83,1.261,458.76,91.59
WELL-020,2026-01-02T03:40:00,2961.32,17.84,12.01,113.44,24.19,1833.64,1.281,408.72,93.97
WELL-020,2026-01-02T04:00:00,2976.29,10.83,11.35,120.01,25.65,1700.95,1.269,482.89,92.75
WELL-020,2026-01-02T04:20:00,2991.82,15.15,12.84,117.23,25.03,2030.86,1.246,469.74,97.08
WELL-020,2026-01-02T04:40:00,3002.34,15.0,11.37,106.32,29.79,1792.9,1.307,455.16,93.82
WELL-020,2026-01-02T05:00:00,3019.03,13.36,12.84,116.07,25.38,1846.44,1.325,441.77,95.2
WELL-020,2026-01-02T05:20:00,3033.65,20.69,12.23,93.06,15.81,1748.76,1.229,446.11,101.15
WELL-020,2026-01-02T05:40:00,3044.13,24.56,13.29,132.23,16.98,1900.71,1.202,446.93,101.8
WELL-020,2026-01-02T06:00:00,3060.83,19.54,13.99,114.12,16.83,1733.11,1.177,454.93,103.99
WELL-020,2026-01-02T06:20:00,3072.55,19.87,13.73,112.54,15.73,1971.17,1.199,439.04,98.91
WELL-020,2026-01-02T06:40:00,3086.47,17.67,12.76,106.69,10.48,1940.66,1.235,462.49,100.02
WELL-020,2026-01-02T07:00:00,3103.79,21.4,11.07,118.63,14.39,1729.94,1.159,463.66,99.9
WELL-020,2026-01-02T07:20:00,3117.11,20.78,9.86,117.43,17.32,1907.06,1.201,440.63,101.28
WELL-020,2026-01-02T07:40:00,3130.54,18.99,13.4,115.37,15.63,1829.98,1.188,453.01,100.09
WELL-020,2026-01-02T08:00:00,3143.89,21.84,12.25,112.81,13.14,1663.27,1.184,466.54,99.75
WELL-020,2026-01-02T08:20:00,3158.78,15.59,13.21,119.58,18.18,1734.11,1.172,465.24,100.59
WELL-020,2026-01-02T08:40:00,3171.7,20.45,15.02,98.55,12.61,1903.47,1.25,451.76,100.35
WELL-020,2026-01-02T09:00:00,3185.29,18.72,13.36,108.9,13.08,1815.17,1.188,459.97,97.34
WELL-020,2026-01-02T09:20:00,3199.43,20.58,11.53,115.65,17.8,1786.31,1.129,436.58,100.03
WELL-020,2026-01-02T09:40:00,3214.24,24.84,10.96,110.76,17.54,1775.97,1.21,464.28,100.57
WELL-020,2026-01-02T10:00:00,3227.19,24.8,11.39,114.42,16.75,1790.27,1.204,443.58,99.61
WELL-020,2026-01-02T10:20:00,3243.85,20.53,13.53,110.43,18.79,1841.43,1.253,427.58,101.29
WELL-020,2026-01-02T10:40:00,3257.13,24.6,9.94,121.36,16.4,1587.62,1.2,480.21,101.12
WELL-020,2026-01-02T11:00:00,3270.67,21.3,9.76,104.56,16.08,1844.87,1.229,471.31,99.83
WELL-020,2026-01-02T11:20:00,3284.85,17.11,13.45,119.72,20.4,1917.5,1.227,471.69,100.89
WELL-020,2026-01-02T11:40:00,3297.12,20.84,12.98,123.16,19.8,1711.21,1.22,459.81,99.23
WELL-020,2026-01-02T12:00:00,3311.7,22.61,13.38,116.25,16.0,1904.34,1.185,486.52,102.06
WELL-020,2026-01-02T12:20:00,3325.44,21.01,10.59,105.94,19.91,1925.19,1.216,445.86,100.94
WELL-020,2026-01-02T12:40:00,3338.53,15.6,12.49,108.2,20.33,1852.26,1.211,453.16,99.9
WELL-020,2026-01-02T13:00:00,3352.64,21.28,13.4,109.12,16.37,1919.16,1.171,463.82,100.14
WELL-020,2026-01-02T13:20:00,3366.41,19.44,12.43,114.43,14.95,1781.62,1.155,466.67,104.72
WELL-020,2026-01-02T13:40:00,3383.97,22.8,13.55,106.49,14.3,1809.04,1.176,473.55,100.89
WELL-020,2026-01-02T14:00:00,3397.37,21.58,13.9,121.74,18.75,1700.99,1.202,433.12,99.04
WELL-020,2026-01-02T14:20:00,3408.33,18.13,11.96,117.41,17.77,1698.5,1.232,464.75,102.09
WELL-020,2026-01-02T14:40:00,3423.38,22.06,12.5,116.35,14.19,1857.9,1.189,456.75,99.37
WELL-020,2026-01-02T15:00:00,3438.87,22.61,11.15,108.13,16.6,1693.57,1.237,448.15,104.3
WELL-020,2026-01-02T15:20:00,3451.16,21.07,13.2,114.82,17.08,1754.41,1.187,431.64,97.33
WELL-020,2026-01-02T15:40:00,3465.82,21.22,12.43,119.5,16.83,1936.76,1.138,429.93,98.06
WELL-021,2026-01-01T00:00:00,1801.65,17.25,14.91,108.53,18.62,1801.57,1.237,465.92,99.5
WELL-021,2026-01-01T00:20:00,1815.14,21.95,12.93,106.29,15.9,1671.16,1.249,460.59,101.04
WELL-021,2026-01-01T00:40:00,1826.09,19.36,12.14,113.16,19.52,1665.45,1.188,414.57,99.44
WELL-021,2026-01-01T01:00:00,1841.92,23.02,13.67,110.99,16.25,1640.97,1.173,452.69,100.94
WELL-021,2026-01-01T01:20:00,1856.74,24.55,10.71,111.72,21.84,1830.98,1.217,458.49,100.79
WELL-021,2026-01-01T01:40:00,1868.05,22.31,13.57,108.21,16.0,1776.43,1.175,424.35,98.52
WELL-021,2026-01-01T02:00:00,1883.3,21.67,11.47,108.13,17.12,1739.15,1.222,460.57,101.47
WELL-021,2026-01-01T02:20:00,1899.04,23.45,11.12,113.81,17.17,1851.75,1.189,466.95,99.22
WELL-021,2026-01-01T02:40:00,1912.46,18.01,12.41,115.01,13.15,1922.91,1.253,471.13,100.44
WELL-021,2026-01-01T03:00:00,1925.07,20.93,13.17,111.31,18.15,1563.83,1.214,454.32,101.92
WELL-021,2026-01-01T03:20:00,1940.76,20.02,12.97,119.63,19.91,1795.78,1.163,445.34,100.73
WELL-021,2026-01-01T03:40:00,1953.68,18.74,10.47,109.56,15.79,1778.91,1.173,431.78,98.24
WELL-021,2026-01-01T04:00:00,1969.27,16.68,11.36,103.76,16.57,1980.96,1.241,448.6,98.69
WELL-021,2026-01-01T04:20:00,1981.99,21.84,13.25,90.54,18.51,1799.97,1.216,444.98,101.2
WELL-021,2026-01-01T04:40:00,1995.6,18.05,12.51,109.54,15.75,1747.26,1.207,424.7,98.69
WELL-021,2026-01-01T05:00:00,2009.86,20.96,14.51,115.74,16.43,1649.38,1.192,460.5,98.1
WELL-021,2026-01-01T05:20:00,2024.48,25.49,11.59,118.66,22.26,1762.41,1.189,459.45,99.84
WELL-021,2026-01-01T05:40:00,2036.31,18.1,12.28,107.23,18.49,1873.2,1.204,444.02,99.88
WELL-021,2026-01-01T06:00:00,2053.36,29.75,14.97,112.77,15.82,1667.36,1.169,448.28,97.77
WELL-021,2026-01-01T06:20:00,2065.07,18.83,14.88,111.24,17.96,1901.81,1.204,435.01,101.09
WELL-021,2026-01-01T06:40:00,2080.62,22.92,12.1,116.37,17.84,1681.91,1.225,456.91,99.27
WELL-021,2026-01-01T07:00:00,2094.05,27.02,13.07,116.04,14.57,1735.05,1.236,421.53,98.66
WELL-021,2026-01-01T07:20:00,2107.17,12.42,14.03,114.91,16.66,1902.56,1.237,438.31,99.09
WELL-021,2026-01-01T07:40:00,2120.86,21.7,12.93,105.88,21.9,1727.06,1.172,453.7,100.41
WELL-021,2026-01-01T08:00:00,2134.69,22.02,10.63,102.43,21.26,1859.62,1.256,419.24,99.42
WELL-021,2026-01-01T08:20:00,2149.72,19.04,11.73,121.16,17.04,1917.48,1.219,429.76,97.98
WELL-021,2026-01-01T08:40:00,2164.72,21.43,12.47,118.93,19.56,1832.77,1.188,432.38,98.27
WELL-021,2026-01-01T09:00:00,2177.33,23.0,9.47,95.4,15.45,1977.59,1.201,449.43,100.44
WELL-021,2026-01-01T09:20:00,2191.31,21.66,12.43,98.86,12.47,1771.36,1.163,438.1,100.87
WELL-021,2026-01-01T09:40:00,2207.42,21.63,10.96,100.69,16.65,1723.29,1.188,460.38,99.86
WELL-021,2026-01-01T10:00:00,2220.77,17.99,10.66,100.42,15.73,1859.34,1.191,441.35,98.99
WELL-021,2026-01-01T10:20:00,2232.47,22.27,11.03,120.27,19.55,1878.24,1.216,439.41,99.48
WELL-021,2026-01-01T10:40:00,2248.79,23.11,10.7,108.48,17.37,1989.26,1.23,439.96,100.07
WELL-021,2026-01-01T11:00:00,2262.58,19.57,10.85,115.64,14.97,1750.3,1.181,422.01,98.02
WELL-021,2026-01-01T11:20:00,2274.33,21.85,11.68,113.75,18.76,1767.22,1.182,463.66,102.36
WELL-021,2026-01-01T11:40:00,2291.82,16.62,10.04,119.63,14.05,1856.3,1.228,435.42,101.29
WELL-021,2026-01-01T12:00:00,2302.32,21.81,12.54,103.88,12.32,1731.45,1.189,498.87,97.14
WELL-021,2026-01-01T12:20:00,2317.09,20.78,11.98,103.02,17.31,1757.43,1.193,444.24,99.3
WELL-021,2026-01-01T12:40:00,2330.01,23.3,12.52,92.81,20.34,1831.61,1.2,424.37,100.9
WELL-021,2026-01-01T13:00:00,2345.96,22.29,11.29,119.94,12.84,1689.13,1.177,468.5,99.15
WELL-021,2026-01-01T13:20:00,2358.17,19.5,11.11,118.23,16.12,1939.73,1.175,454.67,98.97
WELL-021,2026-01-01T13:40:00,2374.12,25.55,13.14,106.85,19.74,1876.25,1.208,472.57,100.82
WELL-021,2026-01-01T14:00:00,2386.51,18.41,12.58,112.09,19.2,1676.31,1.17,447.56,99.49
WELL-021,2026-01-01T14:20:00,2400.49,24.23,11.02,114.36,14.15,1777.48,1.179,449.62,101.01
WELL-021,2026-01-01T14:40:00,2415.43,18.75,12.61,109.46,17.05,1759.51,1.122,470.7,100.5
WELL-021,2026-01-01T15:00:00,2429.08,16.23,13.52,118.92,19.4,1676.35,1.251,448.09,99.28
WELL-021,2026-01-01T15:20:00,2444.76,18.4,13.52,117.4,17.1,1845.06,1.176,471.94,102.7
WELL-021,2026-01-01T15:40:00,2459.73,20.02,13.84,109.77,15.41,1653.63,1.182,471.75,98.16
WELL-021,2026-01-01T16:00:00,2471.44,16.28,10.95,108.18,17.79,1895.21,1.19,439.6,100.7
WELL-021,2026-01-01T16:20:00,2487.69,22.46,9.24,107.96,15.06,1847.09,1.255,434.76,101.89
WELL-021,2026-01-01T16:40:00,2501.29,22.57,12.23,109.51,15.91,1743.72,1.207,416.92,99.26
WELL-021,2026-01-01T17:00:00,2513.91,23.42,10.32,105.09,17.83,1781.57,1.213,466.98,98.15
WELL-021,2026-01-01T17:20:00,2527.92,27.51,9.1,117.01,15.26,1748.92,1.24,412.43,99.49
WELL-021,2026-01-01T17:40:00,2543.22,24.25,11.78,114.59,15.32,1870.61,1.192,442.03,98.89
WELL-021,2026-01-01T18:00:00,2556.93,17.76,13.49,110.08,15.86,1918.61,1.228,433.31,99.6
WELL-021,2026-01-01T18:20:00,2570.35,21.26,12.76,108.86,15.42,1787.26,1.235,469.74,100.04
WELL-021,2026-01-01T18:40:00,2585.17,24.11,10.87,102.95,18.33,1752.95,1.18,458.97,99.34
WELL-021,2026-01-01T19:00:00,2599.41,23.79,8.45,110.69,16.3,1767.71,1.154,478.66,102.03
WELL-021,2026-01-01T19:20:00,2612.83,16.89,10.35,109.45,14.99,1836.06,1.201,460.2,96.97
WELL-021,2026-01-01T19:40:00,2627.91,28.73,10.29,119.91,14.79,1750.34,1.229,419.21,99.79
WELL-021,2026-01-01T20:00:00,2640.37,26.39,11.58,88.91,16.04,1643.49,1.218,481.52,100.27
WELL-021,2026-01-01T20:20:00,2652.74,16.85,12.41,115.03,17.89,1808.06,1.168,445.87,97.56
WELL-021,2026-01-01T20:40:00,2666.99,21.72,10.88,113.1,14.62,1789.33,1.206,453.71,100.22
WELL-021,2026-01-01T21:00:00,2680.84,20.97,9.85,114.51,18.97,1670.61,1.204,467.83,100.89
WELL-021,2026-01-01T21:20:00,2696.77,22.24,11.7,93.86,16.72,1780.11,1.185,445.8,101.64
WELL-021,2026-01-01T21:40:00,2708.09,25.77,12.12,117.32,17.13,1655.82,1.22,458.49,101.41
WELL-021,2026-01-01T22:00:00,2724.88,21.14,13.03,116.3,18.21,1866.4,1.181,406.14,102.55
WELL-021,2026-01-01T22:20:00,2739.79,23.74,12.35,127.99,16.67,1646.9,1.224,433.25,96.89
WELL-021,2026-01-01T22:40:00,2753.99,20.99,13.42,102.97,16.65,1891.5,1.185,437.13,98.8
WELL-021,2026-01-01T23:00:00,2767.32,18.37,13.82,100.9,18.31,2008.97,1.224,444.13,100.91
WELL-021,2026-01-01T23:20:00,2778.76,20.06,13.11,106.99,15.08,1805.49,1.207,468.18,96.4
WELL-021,2026-01-01T23:40:00,2794.69,25.08,13.86,113.37,17.24,1951.8,1.216,472.13,99.34
WELL-021,2026-01-02T00:00:00,2808.57,22.68,12.36,117.11,17.63,1810.43,1.163,492.08,102.63
WELL-021,2026-01-02T00:20:00,2820.23,19.69,10.55,98.65,15.94,1736.77,1.18,478.27,100.84
WELL-021,2026-01-02T00:40:00,2836.43,20.34,12.54,116.38,16.18,1727.74,1.19,416.12,100.81
WELL-021,2026-01-02T01:00:00,2848.81,22.44,9.77,108.47,16.46,1814.39,1.169,458.72,96.28
WELL-021,2026-01-02T01:20:00,2865.8,22.47,13.3,99.2,20.5,1708.55,1.173,430.77,100.45
WELL-021,2026-01-02T01:40:00,2876.25,21.76,13.1,108.1,16.75,1762.76,1.189,442.11,101.09
WELL-021,2026-01-02T02:00:00,2892.82,18.68,11.2,116.56,15.3,1790.74,1.233,459.07,101.9
WELL-021,2026-01-02T02:20:00,2907.41,19.01,16.33,107.24,16.53,1903.06,1.211,453.3,99.33
WELL-021,2026-01-02T02:40:00,2920.03,21.86,12.18,103.52,18.47,1752.4,1.221,433.84,101.66
WELL-021,2026-01-02T03:00:00,2933.8,16.83,10.68,103.73,18.3,1934.18,1.188,463.97,100.64
WELL-021,2026-01-02T03:20:00,2949.57,16.98,10.91,125.71,11.28,1800.55,1.2,486.69,101.92
WELL-021,2026-01-02T03:40:00,2960.11,18.97,12.74,100.2,18.91,1751.43,1.172,403.32,100.65
WELL-021,2026-01-02T04:00:00,2977.78,18.76,12.87,111.89,16.37,1745.44,1.227,480.96,101.34
WELL-021,2026-01-02T04:20:00,2990.32,19.77,12.1,105.16,13.7,1867.83,1.189,452.32,99.05
WELL-021,2026-01-02T04:40:00,3003.59,19.93,13.92,104.21,17.54,1972.68,1.15,444.65,102.68
WELL-021,2026-01-02T05:00:00,3018.8,23.21,9.51,101.37,17.67,1936.17,1.218,423.11,102.66
WELL-021,2026-01-02T05:20:00,3030.42,23.83,13.96,117.96,16.26,1689.39,1.202,494.71,101.54
WELL-021,2026-01-02T05:40:00,3047.26,22.92,9.67,97.31,17.87,1768.76,1.213,471.7,100.82
WELL-021,2026-01-02T06:00:00,3061.14,21.0,12.39,127.35,20.23,1542.2,1.213,436.22,98.69
WELL-021,2026-01-02T06:20:00,3075.93,22.57,13.41,97.64,18.17,1766.46,1.186,437.04,95.39
WELL-021,2026-01-02T06:40:00,3086.77,21.41,11.16,103.64,16.29,1828.49,1.218,439.89,101.5
WELL-021,2026-01-02T07:00:00,3103.37,16.78,8.82,119.1,19.49,1506.31,1.218,431.15,98.4
WELL-021,2026-01-02T07:20:00,3116.56,20.54,10.2,103.56,16.48,1894.29,1.202,454.94,99.58
WELL-021,2026-01-02T07:40:00,3129.23,21.78,11.78,115.51,17.53,1923.19,1.257,472.94,100.25
WELL-021,2026-01-02T08:00:00,3144.14,18.49,10.13,115.26,16.96,1779.65,1.2,442.87,97.89
WELL-021,2026-01-02T08:20:00,3158.43,21.26,14.05,118.51,18.47,1694.37,1.165,451.65,100.72
WELL-021,2026-01-02T08:40:00,3173.07,20.23,13.76,112.96,15.97,2020.04,1.254,460.54,98.36
WELL-021,2026-01-02T09:00:00,3185.95,24.47,11.88,119.1,13.18,1891.87,1.199,439.3,100.73
WELL-021,2026-01-02T09:20:00,3200.67,21.45,12.02,133.39,13.8,1802.31,1.206,417.14,97.61
WELL-021,2026-01-02T09:40:00,3214.23,23.22,12.43,102.81,17.94,1825.66,1.222,437.32,101.46
WELL-021,2026-01-02T10:00:00,3229.89,23.02,13.52,105.9,15.42,1816.49,1.169,400.29,101.22
WELL-021,2026-01-02T10:20:00,3242.12,15.17,9.38,115.15,19.03,1738.91,1.25,479.57,100.03
WELL-021,2026-01-02T10:40:00,3256.44,18.43,13.69,117.0,14.38,1765.57,1.244,452.12,100.75
WELL-021,2026-01-02T11:00:00,3268.32,21.83,11.07,105.17,15.84,1762.92,1.207,433.5,100.55
WELL-021,2026-01-02T11:20:00,3282.48,26.08,11.18,105.05,16.38,1770.69,1.217,474.61,100.15
WELL-021,2026-01-02T11:40:00,3298.69,18.6,11.91,114.0,19.11,1989.39,1.187,449.0,99.71
WELL-021,2026-01-02T12:00:00,3310.48,19.58,14.11,86.58,18.52,1743.37,1.198,473.86,99.67
WELL-021,2026-01-02T12:20:00,3326.53,19.83,10.41,106.91,18.11,1848.27,1.209,477.2,101.61
WELL-021,2026-01-02T12:40:00,3339.16,14.43,14.78,106.55,15.59,1927.76,1.222,448.75,99.38
WELL-021,2026-01-02T13:00:00,3353.82,17.28,10.78,123.42,16.62,1711.01,1.194,465.94,100.16
WELL-021,2026-01-02T13:20:00,3368.8,26.55,13.21,118.55,17.78,1708.46,1.221,430.99,97.92
WELL-021,2026-01-02T13:40:00,3380.84,16.92,12.8,107.17,16.15,1776.83,1.229,438.64,98.87
WELL-021,2026-01-02T14:00:00,3396.14,18.24,9.65,107.76,17.51,1791.22,1.161,459.08,100.5
WELL-021,2026-01-02T14:20:00,3411.29,18.67,11.59,112.41,19.85,1814.6,1.167,469.32,102.15
WELL-021,2026-01-02T14:40:00,3425.04,17.14,11.31,114.0,18.03,1750.05,1.202,449.15,99.9
WELL-021,2026-01-02T15:00:00,3439.34,21.36,14.24,110.53,18.48,1762.24,1.202,434.22,100.66
WELL-021,2026-01-02T15:20:00,3453.72,24.02,10.32,110.46,17.07,1971.4,1.187,472.42,100.68
WELL-021,2026-01-02T15:40:00,3464.96,17.75,11.77,106.32,17.68,1725.23,1.241,428.37,98.67
WELL-022,2026-01-01T00:00:00,1798.86,24.0,9.39,105.69,14.47,1793.68,1.186,435.12,101.13
WELL-022,2026-01-01T00:20:00,1814.02,26.1,12.57,117.24,14.74,1762.28,1.226,434.94,101.24
WELL-022,2026-01-01T00:40:00,1829.78,26.52,11.18,116.67,15.81,1756.29,1.271,435.78,99.84
WELL-022,2026-01-01T01:00:00,1841.21,17.97,10.56,111.56,16.82,1854.04,1.202,484.77,102.53
WELL-022,2026-01-01T01:20:00,1856.59,22.51,15.12,106.62,12.95,1863.04,1.207,442.37,100.61
WELL-022,2026-01-01T01:40:00,1869.86,18.78,11.81,116.04,17.3,1790.5,1.217,476.53,99.39
WELL-022,2026-01-01T02:00:00,1882.55,23.0,11.68,99.4,15.23,1670.42,1.231,471.09,99.56
WELL-022,2026-01-01T02:20:00,1897.28,21.58,11.36,99.41,17.37,1803.59,1.237,437.69,99.76
WELL-022,2026-01-01T02:40:00,1911.37,23.15,14.17,98.35,16.1,1857.93,1.166,458.11,98.87
WELL-022,2026-01-01T03:00:00,1927.77,18.16,11.3,107.74,19.43,1734.78,1.21,469.24,99.14
WELL-022,2026-01-01T03:20:00,1940.96,20.86,9.93,108.59,14.54,1729.04,1.203,435.64,100.74
WELL-022,2026-01-01T03:40:00,1954.55,18.36,9.15,103.3,17.73,1732.06,1.197,457.82,98.84
WELL-022,2026-01-01T04:00:00,1969.36,23.76,11.58,118.29,14.18,1813.62,1.18,414.86,99.87
WELL-022,2026-01-01T04:20:00,1981.37,22.19,15.7,96.48,17.45,1885.74,1.212,482.68,98.87
WELL-022,2026-01-01T04:40:00,1997.23,21.55,8.18,114.12,16.59,1724.62,1.207,457.73,99.72
WELL-022,2026-01-01T05:00:00,2011.76,18.7,11.22,98.9,18.11,1983.09,1.18,450.22,104.27
WELL-022,2026-01-01T05:20:00,2024.1,21.26,12.32,104.45,18.7,1854.72,1.186,434.42,102.56
WELL-022,2026-01-01T05:40:00,2036.71,21.88,11.41,117.79,18.84,1956.14,1.193,491.48,99.69
WELL-022,2026-01-01T06:00:00,2052.88,24.22,12.11,109.93,16.15,1906.38,1.177,466.91,100.58
WELL-022,2026-01-01T06:20:00,2067.92,19.34,12.58,95.15,15.68,1979.03,1.194,453.93,101.19
WELL-022,2026-01-01T06:40:00,2080.82,22.91,12.61,105.15,16.84,1482.5,1.2,484.85,98.76
WELL-022,2026-01-01T07:00:00,2095.59,22.53,12.5,109.88,16.72,1789.64,1.208,419.35,100.31
WELL-022,2026-01-01T07:20:00,2109.45,19.89,11.67,112.17,19.36,1841.6,1.191,424.91,101.32
WELL-022,2026-01-01T07:40:00,2121.96,21.6,11.59,122.85,15.47,1730.0,1.206,429.81,99.88
WELL-022,2026-01-01T08:00:00,2134.8,17.72,10.64,115.7,14.56,1848.69,1.179,462.58,99.8
WELL-022,2026-01-01T08:20:00,2151.05,26.46,13.45,111.45,15.76,1819.41,1.211,427.61,98.05
WELL-022,2026-01-01T08:40:00,2162.64,16.86,11.5,113.11,17.06,1757.42,1.175,420.32,102.18
WELL-022,2026-01-01T09:00:00,2178.03,22.93,10.41,110.86,15.06,1870.53,1.203,456.94,100.58
WELL-022,2026-01-01T09:20:00,2191.59,21.0,11.5,99.94,18.2,1703.21,1.208,435.0,100.12
WELL-022,2026-01-01T09:40:00,2207.81,20.43,9.82,114.19,19.92,1840.83,1.228,431.2,101.57
WELL-022,2026-01-01T10:00:00,2221.07,21.61,10.23,97.12,16.53,1715.17,1.177,446.53,99.29
WELL-022,2026-01-01T10:20:00,2232.31,15.45,9.76,103.24,17.94,1839.68,1.228,452.1,97.86
WELL-022,2026-01-01T10:40:00,2248.39,21.7,10.24,101.95,21.44,1829.28,1.181,440.99,102.89
WELL-022,2026-01-01T11:00:00,2262.87,20.47,10.57,111.73,17.84,1767.31,1.262,461.66,101.45
WELL-022,2026-01-01T11:20:00,2276.28,22.62,11.79,118.33,16.26,1820.99,1.208,458.37,99.4
WELL-022,2026-01-01T11:40:00,2290.75,19.78,11.6,118.38,15.48,1567.99,1.211,447.76,94.73
WELL-022,2026-01-01T12:00:00,2303.64,24.94,12.89,107.3,22.08,1854.15,1.195,470.69,100.8
WELL-022,2026-01-01T12:20:00,2316.81,20.81,10.46,109.36,17.7,1796.16,1.203,453.09,97.95
WELL-022,2026-01-01T12:40:00,2332.23,22.15,12.02,115.59,16.13,1738.55,1.216,462.8,99.87
WELL-022,2026-01-01T13:00:00,2344.99,22.33,14.71,112.93,17.76,1833.03,1.169,456.01,101.92
WELL-022,2026-01-01T13:20:00,2361.95,16.14,12.57,111.54,14.27,1638.79,1.179,461.68,101.07
WELL-022,2026-01-01T13:40:00,2375.26,17.61,11.8,112.46,17.58,1800.44,1.194,486.97,98.81
WELL-022,2026-01-01T14:00:00,2387.41,20.01,12.56,111.62,14.22,1758.52,1.216,446.13,97.1
WELL-022,2026-01-01T14:20:00,2400.9,24.56,10.05,109.43,13.69,1934.25,1.194,479.63,99.72
WELL-022,2026-01-01T14:40:00,2416.01,20.34,10.1,114.25,19.38,1649.47,1.175,458.4,100.18
WELL-022,2026-01-01T15:00:00,2431.38,21.79,13.42,112.47,15.62,1875.42,1.188,474.2,99.2
WELL-022,2026-01-01T15:20:00,2444.05,19.67,14.08,112.68,17.63,1706.25,1.201,484.19,100.73
WELL-022,2026-01-01T15:40:00,2457.6,20.12,13.52,99.19,15.33,1686.39,1.187,449.77,102.28
WELL-022,2026-01-01T16:00:00,2471.28,24.18,11.77,120.6,19.03,1828.78,1.173,436.5,101.84
WELL-022,2026-01-01T16:20:00,2486.97,20.33,10.3,107.61,16.02,1808.34,1.243,460.38,101.39
WELL-022,2026-01-01T16:40:00,2500.08,18.7,13.2,97.87,17.5,1653.13,1.204,468.32,102.2
WELL-022,2026-01-01T17:00:00,2514.83,18.6,9.35,107.21,16.36,1728.11,1.219,476.51,97.56
WELL-022,2026-01-01T17:20:00,2529.37,24.85,13.84,111.79,16.83,1958.26,1.153,439.46,100.42
WELL-022,2026-01-01T17:40:00,2541.96,21.48,11.35,111.08,14.62,1725.65,1.187,441.25,98.6
WELL-022,2026-01-01T18:00:00,2555.43,18.45,10.72,113.66,16.69,1735.32,1.196,434.56,101.89
WELL-022,2026-01-01T18:20:00,2570.31,22.59,12.48,114.66,15.55,1860.63,1.244,479.59,96.19
WELL-022,2026-01-01T18:40:00,2583.25,15.89,14.03,107.85,16.78,1864.95,1.173,431.12,99.1
WELL-022,2026-01-01T19:00:00,2596.78,22.4,12.46,119.63,18.02,1808.17,1.19,466.65,98.86
WELL-022,2026-01-01T19:20:00,2611.39,20.74,10.83,107.12,16.61,1749.99,1.206,428.28,97.97
WELL-022,2026-01-01T19:40:00,2626.96,16.75,8.59,129.07,17.42,1636.15,1.234,445.93,101.02
WELL-022,2026-01-01T20:00:00,2639.47,16.66,9.72,112.24,19.12,1784.6,1.173,448.28,100.03
WELL-022,2026-01-01T20:20:00,2655.96,22.14,10.12,113.19,18.24,1806.55,1.185,420.42,100.92
WELL-022,2026-01-01T20:40:00,2666.7,23.8,12.11,112.61,19.61,1844.31,1.194,470.76,100.06
WELL-022,2026-01-01T21:00:00,2683.24,20.64,13.94,106.43,19.53,1739.64,1.212,469.97,97.13
WELL-022,2026-01-01T21:20:00,2694.7,20.28,14.85,111.65,14.71,1858.47,1.207,474.94,99.03
WELL-022,2026-01-01T21:40:00,2708.41,19.07,13.75,107.11,19.39,1605.85,1.19,450.98,100.45
WELL-022,2026-01-01T22:00:00,2722.25,21.59,13.93,111.08,18.37,1665.77,1.199,454.16,99.37
WELL-022,2026-01-01T22:20:00,2739.38,21.17,10.58,104.61,16.88,1686.5,1.219,436.11,102.19
WELL-022,2026-01-01T22:40:00,2753.24,24.76,13.19,118.23,15.62,1738.3,1.205,461.97,101.17
WELL-022,2026-01-01T23:00:00,2767.15,21.52,11.96,114.46,18.42,1787.03,1.213,466.27,100.41
WELL-022,2026-01-01T23:20:00,2780.9,17.98,13.07,113.31,16.99,1814.8,1.204,441.89,98.97
WELL-022,2026-01-01T23:40:00,2794.42,23.43,11.27,98.99,19.17,1839.0,1.186,451.89,100.26
WELL-022,2026-01-02T00:00:00,2806.76,22.12,11.61,100.5,15.16,1845.25,1.156,456.65,103.74
WELL-022,2026-01-02T00:20:00,2821.81,19.28,11.33,120.12,14.9,1714.81,1.2,442.6,101.56
WELL-022,2026-01-02T00:40:00,2834.94,20.17,8.76,127.26,18.23,1927.96,1.183,473.0,101.29
WELL-022,2026-01-02T01:00:00,2851.0,22.42,11.31,116.8,15.24,1837.75,1.194,474.47,99.35
WELL-022,2026-01-02T01:20:00,2865.0,23.99,11.58,115.19,17.66,1995.4,1.172,447.55,98.02
WELL-022,2026-01-02T01:40:00,2879.96,23.25,11.23,102.44,17.16,1915.87,1.191,450.84,98.94
WELL-022,2026-01-02T02:00:00,2892.88,25.57,12.12,118.24,15.72,1882.57,1.218,490.56,99.74
WELL-022,2026-01-02T02:20:00,2905.15,18.33,12.77,118.45,19.13,1883.58,1.255,464.16,100.67
WELL-022,2026-01-02T02:40:00,2919.29,23.06,14.7,110.97,17.47,1690.11,1.185,473.18,99.78
WELL-022,2026-01-02T03:00:00,2932.5,27.92,8.29,108.75,19.71,1788.33,1.203,468.55,102.5
WELL-022,2026-01-02T03:20:00,2949.6,21.67,11.77,107.39,16.11,1813.08,1.178,464.42,100.99
WELL-022,2026-01-02T03:40:00,2962.52,24.34,11.92,109.64,18.56,1805.94,1.22,430.02,99.13
WELL-022,2026-01-02T04:00:00,2975.4,18.47,11.9,122.54,15.09,2024.31,1.231,447.09,100.16
WELL-022,2026-01-02T04:20:00,2988.38,18.91,11.97,107.16,16.94,1812.34,1.24,437.45,100.94
WELL-022,2026-01-02T04:40:00,3002.86,20.95,12.03,115.48,11.37,1860.18,1.252,468.55,99.18
WELL-022,2026-01-02T05:00:00,3016.27,17.73,6.58,98.09,19.69,1772.15,1.261,465.11,101.35
WELL-022,2026-01-02T05:20:00,3030.05,16.49,12.98,104.67,17.17,2002.76,1.202,427.39,98.24
WELL-022,2026-01-02T05:40:00,3046.74,26.34,13.19,108.84,15.32,1939.48,1.207,441.95,101.19
WELL-022,2026-01-02T06:00:00,3059.48,27.24,10.18,116.7,17.09,1930.77,1.188,450.96,99.03
WELL-022,2026-01-02T06:20:00,3074.49,22.49,13.42,104.55,17.08,1991.21,1.229,450.24,97.62
WELL-022,2026-01-02T06:40:00,3089.24,21.07,10.87,111.89,17.1,1802.96,1.213,468.65,98.94
WELL-022,2026-01-02T07:00:00,3100.06,18.58,11.67,110.42,16.98,1828.68,1.203,441.09,101.69
WELL-022,2026-01-02T07:20:00,3114.87,21.8,12.79,112.05,17.34,1757.17,1.222,454.06,100.86
WELL-022,2026-01-02T07:40:00,3131.71,16.44,13.47,101.29,17.48,1759.05,1.228,476.82,99.95
WELL-022,2026-01-02T08:00:00,3143.96,21.99,9.18,109.55,19.38,1773.63,1.166,423.77,99.74
WELL-022,2026-01-02T08:20:00,3159.76,27.14,12.22,115.88,19.22,1669.38,1.217,456.33,98.52
WELL-022,2026-01-02T08:40:00,3170.4,23.26,10.76,100.06,16.79,1920.64,1.194,413.2,99.73
WELL-022,2026-01-02T09:00:00,3184.49,23.22,11.42,118.57,14.33,2076.8,1.198,468.15,99.05
WELL-022,2026-01-02T09:20:00,3200.85,21.4,11.66,113.53,15.88,1666.49,1.182,462.24,98.85
WELL-022,2026-01-02T09:40:00,3212.79,23.52,14.24,105.29,19.2,1772.4,1.169,458.44,101.8
WELL-022,2026-01-02T10:00:00,3229.79,22.53,13.2,117.3,17.24,1816.18,1.22,457.98,99.97
WELL-022,2026-01-02T10:20:00,3243.44,24.17,14.32,119.82,17.0,1892.71,1.21,456.81,98.99
WELL-022,2026-01-02T10:40:00,3255.46,25.43,11.92,104.46,16.31,1709.85,1.222,430.73,98.82
WELL-022,2026-01-02T11:00:00,3269.25,20.66,9.96,109.92,19.99,1796.72,1.191,447.83,101.36
WELL-022,2026-01-02T11:20:00,3285.44,20.5,9.19,115.59,17.08,1820.94,1.204,436.37,97.78
WELL-022,2026-01-02T11:40:00,3298.18,19.09,12.62,110.64,14.82,1707.47,1.228,447.01,99.22
WELL-022,2026-01-02T12:00:00,3311.18,23.18,9.9,136.86,17.79,1880.56,1.21,488.02,99.43
WELL-022,2026-01-02T12:20:00,3324.69,19.69,12.63,102.74,17.69,1824.09,1.189,463.1,99.24
WELL-022,2026-01-02T12:40:00,3338.22,20.87,12.51,99.96,16.72,1930.64,1.208,447.54,102.93
WELL-022,2026-01-02T13:00:00,3353.81,21.01,12.31,97.83,21.17,1809.22,1.196,408.2,99.23
WELL-022,2026-01-02T13:20:00,3368.95,20.56,10.87,117.73,19.07,1751.85,1.166,423.61,101.71
WELL-022,2026-01-02T13:40:00,3381.45,21.41,9.92,101.82,19.68,1715.71,1.228,425.14,99.37
WELL-022,2026-01-02T14:00:00,3394.28,25.27,11.07,105.2,16.16,1815.53,1.219,456.9,98.51
WELL-022,2026-01-02T14:20:00,3409.37,21.93,12.14,102.57,17.45,1824.58,1.175,429.64,100.8
WELL-022,2026-01-02T14:40:00,3422.34,24.47,11.55,94.8,19.05,1829.83,1.189,449.91,101.66
WELL-022,2026-01-02T15:00:00,3437.94,19.15,10.01,117.61,17.76,1822.37,1.211,453.59,100.0
WELL-022,2026-01-02T15:20:00,3452.96,23.2,12.9,109.81,17.28,1698.41,1.219,448.14,99.73
WELL-022,2026-01-02T15:40:00,3464.79,24.07,10.76,108.03,17.06,1883.32,1.201,447.09,101.97
WELL-023,2026-01-01T00:00:00,1801.71,23.84,11.1,105.87,19.17,1900.22,1.196,468.44,99.66
WELL-023,2026-01-01T00:20:00,1812.53,22.1,11.41,112.37,17.86,1936.76,1.159,446.65,98.12
WELL-023,2026-01-01T00:40:00,1828.44,23.21,12.03,114.94,20.93,1951.07,1.244,441.02,97.33
WELL-023,2026-01-01T01:00:00,1842.24,25.76,10.58,105.68,16.46,1767.96,1.203,453.0,98.6
WELL-023,2026-01-01T01:20:00,1854.51,21.57,12.66,115.13,14.76,1839.33,1.153,455.7,100.66
WELL-023,2026-01-01T01:40:00,1869.4,15.73,9.8,108.0,16.05,1834.8,1.193,479.13,100.85
WELL-023,2026-01-01T02:00:00,1882.37,19.51,12.92,103.37,15.48,1894.58,1.218,461.85,99.07
WELL-023,2026-01-01T02:20:00,1898.8,21.63,11.43,109.01,11.97,1810.71,1.185,447.7,101.0
WELL-023,2026-01-01T02:40:00,1913.71,26.71,11.02,120.59,15.61,1850.45,1.177,428.91,100.45
WELL-023,2026-01-01T03:00:00,1924.47,23.12,11.79,92.3,21.28,1815.19,1.174,463.2,99.16
WELL-023,2026-01-01T03:20:00,1938.35,20.58,12.91,112.47,18.1,1862.27,1.193,420.49,100.16
WELL-023,2026-01-01T03:40:00,1954.47,18.44,10.9,127.71,15.23,1803.77,1.196,439.24,98.34
WELL-023,2026-01-01T04:00:00,1969.43,17.11,10.7,117.91,17.95,1810.5,1.187,462.63,100.09
WELL-023,2026-01-01T04:20:00,1982.22,22.39,11.66,115.39,17.74,1923.84,1.238,448.66,100.87
WELL-023,2026-01-01T04:40:00,1994.37,20.99,9.94,88.87,16.53,1773.47,1.195,434.18,98.44
WELL-023,2026-01-01T05:00:00,2011.18,21.9,10.81,113.27,18.92,1898.38,1.22,467.36,102.05
WELL-023,2026-01-01T05:20:00,2023.1,22.87,11.17,115.29,19.23,1798.37,1.216,454.07,99.47
WELL-023,2026-01-01T05:40:00,2038.77,21.98,13.35,118.52,18.04,1905.71,1.212,468.75,101.51
WELL-023,2026-01-01T06:00:00,2053.52,23.8,11.86,119.21,17.5,1823.38,1.238,470.64,100.4
WELL-023,2026-01-01T06:20:00,2067.8,25.24,11.84,125.63,19.13,1897.66,1.143,435.81,101.53
WELL-023,2026-01-01T06:40:00,2079.44,19.64,15.15,118.48,19.87,1824.27,1.215,441.26,99.56
WELL-023,2026-01-01T07:00:00,2093.0,13.91,15.47,94.16,15.71,1739.76,1.193,479.87,102.24
WELL-023,2026-01-01T07:20:00,2108.41,17.64,13.33,117.61,19.91,1806.25,1.192,426.32,99.6
WELL-023,2026-01-01T07:40:00,2123.79,19.02,13.77,99.87,14.04,1900.06,1.21,413.62,101.95
WELL-023,2026-01-01T08:00:00,2137.73,21.4,12.18,106.51,19.22,1913.47,1.182,426.89,99.99
WELL-023,2026-01-01T08:20:00,2151.8,20.49,8.48,114.46,15.98,1818.61,1.205,448.95,100.68
WELL-023,2026-01-01T08:40:00,2164.92,17.98,11.42,119.81,20.01,1815.03,1.213,452.05,101.09
WELL-023,2026-01-01T09:00:00,2177.42,21.9,15.17,112.28,17.01,1765.12,1.22,444.04,101.25
WELL-023,2026-01-01T09:20:00,2190.32,21.58,10.59,110.27,16.12,1848.14,1.179,458.69,102.5
WELL-023,2026-01-01T09:40:00,2204.93,22.99,10.26,104.0,12.73,1957.85,1.213,427.72,98.16
WELL-023,2026-01-01T10:00:00,2220.8,25.19,12.2,110.29,14.63,1817.55,1.228,403.53,101.21
WELL-023,2026-01-01T10:20:00,2232.62,21.55,11.86,109.58,17.68,1925.5,1.192,425.76,99.28
WELL-023,2026-01-01T10:40:00,2246.38,16.07,13.07,98.76,16.85,1822.95,1.246,458.13,100.77
WELL-023,2026-01-01T11:00:00,2261.6,23.56,11.21,116.3,13.54,1960.71,1.209,454.65,99.84
WELL-023,2026-01-01T11:20:00,2276.78,21.6,11.14,99.85,15.71,1736.65,1.161,432.2,99.67
WELL-023,2026-01-01T11:40:00,2288.11,16.53,12.28,98.46,16.36,1820.6,1.195,450.37,100.05
WELL-023,2026-01-01T12:00:00,2304.69,20.44,11.51,102.62,17.01,1844.85,1.192,452.46,97.54
WELL-023,2026-01-01T12:20:00,2319.96,17.73,8.43,98.95,20.65,1784.26,1.211,434.86,102.4
WELL-023,2026-01-01T12:40:00,2331.93,21.24,11.97,121.03,15.81,1681.82,1.224,471.87,101.0
WELL-023,2026-01-01T13:00:00,2346.96,19.91,12.56,109.5,20.51,1794.54,1.16,452.6,97.87
WELL-023,2026-01-01T13:20:00,2359.47,16.45,9.38,115.36,17.91,1813.57,1.215,445.94,98.71
WELL-023,2026-01-01T13:40:00,2372.31,21.26,10.9,101.11,17.63,1670.99,1.216,458.33,103.03
WELL-023,2026-01-01T14:00:00,2389.62,18.51,12.21,97.42,18.48,1939.78,1.225,428.31,102.36
WELL-023,2026-01-01T14:20:00,2400.22,19.89,13.98,114.9,19.86,1858.61,1.166,503.46,103.63
WELL-023,2026-01-01T14:40:00,2414.81,16.31,10.7,109.61,18.16,1821.31,1.182,422.2,98.24
WELL-023,2026-01-01T15:00:00,2430.96,23.61,10.93,106.72,18.3,1791.91,1.179,450.13,100.1
WELL-023,2026-01-01T15:20:00,2444.3,24.02,10.4,112.03,17.1,1633.59,1.179,458.48,97.15
WELL-023,2026-01-01T15:40:00,2459.3,20.9,11.06,100.51,15.52,1811.44,1.192,416.1,101.86
WELL-023,2026-01-01T16:00:00,2472.98,19.84,11.21,123.68,19.12,1797.0,1.202,450.57,98.74
WELL-023,2026-01-01T16:20:00,2484.74,19.69,10.56,112.82,14.97,1795.92,1.212,406.87,102.77
WELL-023,2026-01-01T16:40:00,2498.04,22.36,12.25,122.61,18.08,1838.2,1.238,440.24,99.2
WELL-023,2026-01-01T17:00:00,2513.06,26.19,10.87,100.76,18.55,1825.07,1.216,447.17,99.08
WELL-023,2026-01-01T17:20:00,2527.74,19.51,12.93,100.99,16.26,1944.85,1.239,475.62,102.48
WELL-023,2026-01-01T17:40:00,2542.3,26.57,12.66,104.67,15.0,1856.4,1.2,463.69,99.33
WELL-023,2026-01-01T18:00:00,2555.37,16.24,12.11,115.45,14.72,1782.36,1.254,452.82,100.03
WELL-023,2026-01-01T18:20:00,2568.88,21.61,11.12,103.66,17.38,1911.21,1.194,464.9,100.29
WELL-023,2026-01-01T18:40:00,2582.58,19.81,13.67,113.09,14.14,1568.02,1.179,451.31,97.95
WELL-023,2026-01-01T19:00:00,2596.97,18.03,12.27,110.26,16.05,1815.22,1.203,480.53,99.51
WELL-023,2026-01-01T19:20:00,2611.11,19.53,14.18,101.46,17.89,1684.39,1.172,463.03,100.18
WELL-023,2026-01-01T19:40:00,2626.92,22.2,11.01,111.38,19.79,1743.8,1.165,447.77,97.13
WELL-023,2026-01-01T20:00:00,2641.46,19.66,11.79,111.5,18.88,1799.56,1.202,428.39,97.91
WELL-023,2026-01-01T20:20:00,2652.74,22.97,10.36,95.81,15.18,1760.72,1.215,425.2,101.0
WELL-023,2026-01-01T20:40:00,2668.14,21.23,12.28,109.67,15.03,2006.99,1.195,467.22,101.18
WELL-023,2026-01-01T21:00:00,2683.7,20.6,11.76,114.9,16.24,1877.12,1.158,427.34,101.17
WELL-023,2026-01-01T21:20:00,2694.45,18.88,12.04,104.41,15.93,1862.24,1.214,411.69,100.17
WELL-023,2026-01-01T21:40:00,2711.15,19.1,13.86,113.32,14.52,1529.87,1.167,469.38,97.89
WELL-023,2026-01-01T22:00:00,2724.79,22.87,11.82,99.68,17.06,1889.83,1.194,453.54,99.66
WELL-023,2026-01-01T22:20:00,2738.47,20.34,11.33,111.47,15.05,1879.47,1.208,502.88,97.14
WELL-023,2026-01-01T22:40:00,2752.41,17.96,10.43,111.84,16.08,1824.93,1.2,427.2,100.05
WELL-023,2026-01-01T23:00:00,2767.37,25.27,8.95,103.72,15.23,1870.66,1.173,436.05,103.1
WELL-023,2026-01-01T23:20:00,2781.17,23.26,13.32,117.79,20.64,1786.51,1.203,434.06,100.31
WELL-023,2026-01-01T23:40:00,2795.67,22.14,13.04,102.35,15.69,1840.85,1.209,463.42,100.54
WELL-023,2026-01-02T00:00:00,2807.69,24.42,13.17,113.63,17.6,1893.78,1.167,458.53,100.15
WELL-023,2026-01-02T00:20:00,2821.36,24.44,12.67,115.34,15.74,1866.85,1.192,452.91,100.04
WELL-023,2026-01-02T00:40:00,2836.26,22.46,12.8,124.45,17.38,1764.24,1.204,461.65,98.9
WELL-023,2026-01-02T01:00:00,2850.7,20.81,11.63,114.02,17.18,1746.77,1.217,457.45,100.72
WELL-023,2026-01-02T01:20:00,2865.36,21.8,11.25,124.83,15.98,1940.39,1.204,438.19,100.02
WELL-023,2026-01-02T01:40:00,2877.41,16.22,11.61,101.39,16.04,1787.82,1.217,422.29,100.14
WELL-023,2026-01-02T02:00:00,2891.69,21.48,11.9,109.02,15.33,1803.12,1.173,448.38,99.38
WELL-023,2026-01-02T02:20:00,2904.71,16.46,10.04,110.9,14.89,1957.8,1.189,433.62,99.53
WELL-023,2026-01-02T02:40:00,2919.18,18.6,11.1,109.11,15.78,1861.72,1.19,420.09,99.31
WELL-023,2026-01-02T03:00:00,2933.62,21.87,10.39,114.67,14.82,1686.76,1.203,472.11,97.26
WELL-023,2026-01-02T03:20:00,2949.98,18.52,12.52,116.23,14.41,1759.86,1.207,491.72,100.3
WELL-023,2026-01-02T03:40:00,2961.76,23.32,10.63,118.47,16.84,1713.05,1.206,427.66,101.25
WELL-023,2026-01-02T04:00:00,2975.74,25.5,9.91,116.26,17.46,1957.32,1.182,417.88,98.49
WELL-023,2026-01-02T04:20:00,2990.79,17.09,12.58,111.58,17.21,1859.79,1.207,442.06,100.69
WELL-023,2026-01-02T04:40:00,3002.55,27.98,12.45,105.53,15.84,1997.23,1.2,480.16,98.01
WELL-023,2026-01-02T05:00:00,3017.64,17.59,11.33,98.4,19.73,2005.22,1.203,455.74,100.74
WELL-023,2026-01-02T05:20:00,3030.32,19.41,11.95,110.8,16.73,1699.67,1.205,454.53,100.87
WELL-023,2026-01-02T05:40:00,3044.91,19.24,11.3,99.95,17.65,1794.19,1.186,450.77,99.81
WELL-023,2026-01-02T06:00:00,3060.58,22.33,12.11,112.12,14.15,1742.5,1.235,466.26,99.72
WELL-023,2026-01-02T06:20:00,3073.38,23.44,12.26,116.45,16.58,1784.73,1.213,463.04,97.4
WELL-023,2026-01-02T06:40:00,3088.88,24.31,10.71,113.81,15.96,1862.5,1.204,449.85,98.61
WELL-023,2026-01-02T07:00:00,3100.54,21.05,13.08,106.24,16.96,1817.97,1.225,471.04,99.7
WELL-023,2026-01-02T07:20:00,3115.21,17.88,11.95,117.61,13.82,1720.74,1.169,461.52,100.26
WELL-023,2026-01-02T07:40:00,3128.47,23.67,11.26,109.54,14.99,1774.44,1.199,421.03,101.23
WELL-023,2026-01-02T08:00:00,3143.9,26.63,14.46,114.76,18.13,1684.9,1.184,474.86,100.03
WELL-023,2026-01-02T08:20:00,3156.99,21.65,12.43,104.88,14.55,1825.97,1.199,459.98,97.22
WELL-023,2026-01-02T08:40:00,3171.89,27.11,12.44,128.75,19.2,1831.36,1.192,443.14,100.39
WELL-023,2026-01-02T09:00:00,3184.23,14.97,12.81,94.81,19.57,1689.96,1.184,448.86,100.68
WELL-023,2026-01-02T09:20:00,3198.33,19.86,10.68,109.11,18.87,1817.64,1.207,447.9,102.72
WELL-023,2026-01-02T09:40:00,3214.69,19.9,10.15,106.67,16.64,1771.89,1.194,425.52,102.95
WELL-023,2026-01-02T10:00:00,3229.27,21.39,11.59,114.36,20.37,1809.44,1.197,461.71,99.6
WELL-023,2026-01-02T10:20:00,3243.42,21.12,10.01,108.99,16.76,1761.93,1.187,492.45,100.48
WELL-023,2026-01-02T10:40:00,3256.66,21.42,11.87,119.03,15.96,1873.99,1.189,432.45,98.04
WELL-023,2026-01-02T11:00:00,3268.7,13.41,10.85,101.64,16.88,1735.7,1.184,452.0,101.87
WELL-023,2026-01-02T11:20:00,3282.58,21.19,14.37,122.19,13.32,1992.79,1.187,434.99,102.1
WELL-023,2026-01-02T11:40:00,3299.72,17.42,11.8,99.27,17.06,1744.22,1.229,476.06,100.81
WELL-023,2026-01-02T12:00:00,3313.94,23.88,10.7,110.25,13.9,1761.58,1.223,462.84,98.21
WELL-023,2026-01-02T12:20:00,3326.96,13.05,14.45,114.34,15.97,1833.89,1.219,476.18,99.3
WELL-023,2026-01-02T12:40:00,3338.59,21.59,10.43,103.51,14.84,2012.53,1.244,457.87,100.9
WELL-023,2026-01-02T13:00:00,3352.52,17.34,12.3,110.55,18.14,1791.18,1.19,467.82,100.66
WELL-023,2026-01-02T13:20:00,3368.43,19.51,12.7,113.24,15.08,1542.63,1.179,478.13,98.52
WELL-023,2026-01-02T13:40:00,3381.12,17.89,12.42,115.25,18.4,1871.61,1.227,480.55,97.39
WELL-023,2026-01-02T14:00:00,3396.58,19.65,10.09,109.48,19.63,1890.52,1.226,427.41,99.24
WELL-023,2026-01-02T14:20:00,3411.15,19.51,11.4,109.57,14.98,1669.74,1.199,467.67,99.82
WELL-023,2026-01-02T14:40:00,3424.64,22.5,11.66,106.46,17.41,1595.72,1.205,456.32,99.34
WELL-023,2026-01-02T15:00:00,3438.18,28.65,12.06,110.75,17.2,1818.8,1.212,462.14,101.17
WELL-023,2026-01-02T15:20:00,3452.6,23.27,12.33,107.51,15.44,1744.32,1.21,476.69,98.97
WELL-023,2026-01-02T15:40:00,3467.12,18.03,11.4,105.99,18.9,1860.83,1.246,434.02,100.35
WELL-024,2026-01-01T00:00:00,1800.15,18.98,11.74,111.4,18.99,2081.58,1.238,459.99,96.92
WELL-024,2026-01-01T00:20:00,1815.83,22.6,11.55,104.81,12.56,1599.98,1.185,433.38,100.11
WELL-024,2026-01-01T00:40:00,1829.27,22.46,11.37,103.81,19.04,1940.82,1.16,415.64,100.28
WELL-024,2026-01-01T01:00:00,1842.28,17.72,10.69,107.22,15.63,1852.31,1.222,466.56,99.93
WELL-024,2026-01-01T01:20:00,1854.96,23.43,13.68,112.44,17.0,1768.57,1.189,447.02,99.42
WELL-024,2026-01-01T01:40:00,1871.47,23.0,9.84,112.63,17.53,1902.86,1.22,446.72,100.47
WELL-024,2026-01-01T02:00:00,1884.67,23.28,9.88,108.31,19.22,1994.94,1.188,462.56,96.72
WELL-024,2026-01-01T02:20:00,1897.8,21.52,12.52,114.83,18.6,1727.47,1.188,464.79,100.69
WELL-024,2026-01-01T02:40:00,1911.95,21.9,12.1,104.76,15.04,1762.44,1.192,469.7,97.78
WELL-024,2026-01-01T03:00:00,1924.1,16.24,10.2,119.99,20.74,1798.16,1.228,462.56,100.04
WELL-024,2026-01-01T03:20:00,1940.31,23.12,12.68,98.74,12.14,1882.56,1.206,437.86,99.07
WELL-024,2026-01-01T03:40:00,1954.14,24.67,12.59,124.23,21.15,1903.84,1.208,455.83,101.97
WELL-024,2026-01-01T04:00:00,1967.69,23.73,10.61,118.31,16.36,1797.88,1.233,468.83,102.43
WELL-024,2026-01-01T04:20:00,1983.98,20.03,14.59,101.12,20.8,1814.39,1.201,443.33,95.94
WELL-024,2026-01-01T04:40:00,1996.44,19.89,13.61,108.74,16.37,1842.74,1.196,461.39,100.13
WELL-024,2026-01-01T05:00:00,2008.05,22.82,11.3,106.73,18.87,1898.17,1.169,484.91,96.85
WELL-024,2026-01-01T05:20:00,2022.91,14.49,13.19,116.47,15.4,1773.47,1.199,420.0,99.49
WELL-024,2026-01-01T05:40:00,2038.23,21.95,12.55,103.93,17.32,1732.93,1.212,431.89,101.64
WELL-024,2026-01-01T06:00:00,2050.1,17.11,10.98,102.45,15.87,1869.38,1.219,424.65,98.65
WELL-024,2026-01-01T06:20:00,2067.74,18.8,13.68,119.11,19.51,1692.07,1.21,495.64,102.56
WELL-024,2026-01-01T06:40:00,2081.68,13.94,10.61,106.6,17.95,1862.8,1.211,469.98,99.66
WELL-024,2026-01-01T07:00:00,2095.99,24.26,12.61,116.94,19.12,1920.75,1.178,422.74,99.5
WELL-024,2026-01-01T07:20:00,2107.02,29.74,10.27,107.85,14.22,1738.52,1.194,424.18,100.16
WELL-024,2026-01-01T07:40:00,2120.53,21.54,10.58,101.4,20.38,1959.85,1.208,451.63,100.52
WELL-024,2026-01-01T08:00:00,2134.43,20.8,13.49,97.89,17.6,1850.5,1.172,438.26,102.92
WELL-024,2026-01-01T08:20:00,2151.09,21.86,13.06,110.03,16.05,1801.29,1.197,423.71,101.28
WELL-024,2026-01-01T08:40:00,2164.82,19.78,14.55,97.05,17.48,1770.93,1.228,423.96,100.6
WELL-024,2026-01-01T09:00:00,2179.3,17.36,14.54,126.46,13.89,1682.09,1.229,438.56,99.01
WELL-024,2026-01-01T09:20:00,2193.64,21.58,12.35,103.61,21.6,1798.02,1.228,461.45,100.9
WELL-024,2026-01-01T09:40:00,2207.22,14.55,12.58,110.78,15.48,1813.46,1.173,467.77,102.25
WELL-024,2026-01-01T10:00:00,2221.56,18.58,12.61,117.53,16.01,1879.9,1.204,455.73,99.59
WELL-024,2026-01-01T10:20:00,2233.96,18.13,13.04,104.9,17.03,1999.16,1.216,465.72,100.55
WELL-024,2026-01-01T10:40:00,2246.45,23.31,9.58,105.3,19.14,1916.13,1.214,477.97,99.43
WELL-024,2026-01-01T11:00:00,2262.53,24.99,13.09,104.49,18.53,1839.82,1.213,457.57,99.33
WELL-024,2026-01-01T11:20:00,2274.15,10.15,9.73,103.47,16.77,1954.86,1.198,456.22,100.51
WELL-024,2026-01-01T11:40:00,2290.66,20.42,8.97,109.25,18.67,1832.47,1.218,464.85,99.73
WELL-024,2026-01-01T12:00:00,2303.63,20.79,13.74,103.44,17.16,1791.53,1.219,445.92,99.03
WELL-024,2026-01-01T12:20:00,2316.31,15.68,12.12,108.22,18.51,1769.58,1.213,483.07,100.62
WELL-024,2026-01-01T12:40:00,2330.8,20.99,8.84,114.11,17.32,1752.42,1.2,448.08,99.92
WELL-024,2026-01-01T13:00:00,2344.89,25.46,10.48,105.85,16.56,1849.48,1.198,457.75,101.64
WELL-024,2026-01-01T13:20:00,2358.57,23.33,14.35,104.2,16.9,1980.84,1.165,458.89,99.61
WELL-024,2026-01-01T13:40:00,2372.75,23.42,15.15,113.3,13.73,1683.21,1.231,471.37,101.2
WELL-024,2026-01-01T14:00:00,2387.4,20.48,11.86,105.39,16.6,1764.31,1.224,454.59,101.35
WELL-024,2026-01-01T14:20:00,2401.09,19.83,12.69,115.87,17.27,1712.52,1.245,424.0,101.06
WELL-024,2026-01-01T14:40:00,2416.18,19.88,10.94,107.17,18.97,1788.13,1.213,455.84,99.8
WELL-024,2026-01-01T15:00:00,2431.14,23.47,16.35,95.92,15.79,1757.19,1.218,476.44,98.2
WELL-024,2026-01-01T15:20:00,2444.46,18.59,10.17,104.47,16.35,1874.51,1.229,451.04,99.73
WELL-024,2026-01-01T15:40:00,2457.93,24.94,11.9,111.57,17.7,1818.39,1.247,449.74,98.84
WELL-024,2026-01-01T16:00:00,2473.24,22.46,11.23,100.55,17.46,1664.17,1.179,433.98,99.58
WELL-024,2026-01-01T16:20:00,2487.05,19.25,12.26,104.38,13.92,1854.12,1.163,489.87,102.79
WELL-024,2026-01-01T16:40:00,2500.54,16.16,10.97,103.58,16.84,1803.73,1.152,488.08,96.5
WELL-024,2026-01-01T17:00:00,2513.33,27.18,12.61,115.81,12.94,1634.04,1.233,435.51,99.57
WELL-024,2026-01-01T17:20:00,2528.87,19.99,13.64,105.5,14.68,1796.08,1.195,497.4,99.49
WELL-024,2026-01-01T17:40:00,2541.58,21.09,14.89,92.95,15.6,1640.27,1.228,443.21,101.74
WELL-024,2026-01-01T18:00:00,2555.75,20.99,12.5,101.96,17.97,1647.42,1.182,430.06,99.95
WELL-024,2026-01-01T18:20:00,2570.01,18.87,10.77,127.98,14.68,1836.9,1.215,488.23,101.41
WELL-024,2026-01-01T18:40:00,2582.5,16.1,10.42,103.69,17.98,1773.38,1.225,437.71,99.34
WELL-024,2026-01-01T19:00:00,2597.16,23.63,10.67,118.41,15.59,1975.36,1.177,428.19,101.86
WELL-024,2026-01-01T19:20:00,2611.51,25.22,10.11,117.77,17.68,1582.74,1.222,438.91,100.02
WELL-024,2026-01-01T19:40:00,2625.82,20.86,14.12,124.26,15.94,1600.98,1.174,480.48,100.64
WELL-024,2026-01-01T20:00:00,2638.92,20.84,11.5,105.67,20.07,1985.95,1.198,458.44,101.02
WELL-024,2026-01-01T20:20:00,2652.68,23.33,10.4,96.29,17.59,2004.89,1.187,444.9,101.28
WELL-024,2026-01-01T20:40:00,2669.78,23.9,15.86,111.5,17.09,1825.65,1.206,425.65,99.45
WELL-024,2026-01-01T21:00:00,2683.44,22.24,9.95,97.6,19.52,1773.55,1.17,464.04,99.84
WELL-024,2026-01-01T21:20:00,2695.31,23.74,12.16,118.62,18.72,1820.16,1.244,438.72,100.73
WELL-024,2026-01-01T21:40:00,2709.95,18.44,12.51,115.77,15.95,1863.87,1.23,452.3,98.53
WELL-024,2026-01-01T22:00:00,2722.77,20.33,11.58,100.2,18.1,1757.84,1.202,446.52,99.62
WELL-024,2026-01-01T22:20:00,2736.08,26.45,10.11,106.77,17.0,1679.59,1.163,447.39,99.49
WELL-024,2026-01-01T22:40:00,2752.93,22.99,13.19,117.11,16.36,1845.05,1.204,445.05,102.42
WELL-024,2026-01-01T23:00:00,2766.29,25.76,14.78,114.44,19.31,1742.26,1.234,445.6,99.08
WELL-024,2026-01-01T23:20:00,2780.49,12.41,11.94,106.34,20.32,2013.4,1.187,476.69,98.9
WELL-024,2026-01-01T23:40:00,2795.59,17.72,13.38,114.41,16.8,1643.9,1.155,446.51,100.9
WELL-024,2026-01-02T00:00:00,2807.27,23.91,11.04,98.92,13.7,1789.59,1.215,422.4,98.8
WELL-024,2026-01-02T00:20:00,2821.31,17.04,12.04,88.99,18.2,1704.48,1.225,451.09,101.87
WELL-024,2026-01-02T00:40:00,2834.47,19.29,12.23,111.91,15.88,1826.02,1.215,426.38,99.32
WELL-024,2026-01-02T01:00:00,2850.15,22.16,9.81,120.63,16.03,1737.28,1.194,495.99,98.55
WELL-024,2026-01-02T01:20:00,2865.6,23.47,13.06,103.49,14.77,1964.56,1.221,444.06,101.58
WELL-024,2026-01-02T01:40:00,2877.83,22.7,11.9,101.53,15.03,1838.08,1.14,466.78,99.39
WELL-024,2026-01-02T02:00:00,2891.02,24.19,12.56,109.26,16.08,1787.8,1.231,469.65,98.6
WELL-024,2026-01-02T02:20:00,2906.11,18.71,12.05,115.05,18.32,1800.06,1.202,430.75,96.83
WELL-024,2026-01-02T02:40:00,2918.97,19.74,12.25,128.2,18.27,1774.43,1.143,430.53,101.93
WELL-024,2026-01-02T03:00:00,2932.41,27.81,15.15,108.51,17.32,1655.32,1.235,459.64,100.06
WELL-024,2026-01-02T03:20:00,2949.08,15.67,11.17,99.0,20.69,1813.34,1.184,455.9,97.39
WELL-024,2026-01-02T03:40:00,2962.03,18.54,12.28,101.71,19.53,1969.92,1.184,461.45,99.54
WELL-024,2026-01-02T04:00:00,2977.16,18.87,13.47,109.66,18.27,1832.11,1.183,412.06,100.54
WELL-024,2026-01-02T04:20:00,2991.19,22.61,13.11,111.02,13.27,1889.41,1.191,428.01,99.6
WELL-024,2026-01-02T04:40:00,3002.19,18.2,10.99,119.82,17.9,1528.33,1.172,463.38,101.61
WELL-024,2026-01-02T05:00:00,3017.68,21.51,13.04,109.7,18.07,1716.52,1.186,459.76,98.44
WELL-024,2026-01-02T05:20:00,3033.38,19.99,8.84,117.53,18.21,1726.62,1.197,451.93,101.75
WELL-024,2026-01-02T05:40:00,3046.43,19.95,10.13,111.4,17.56,1815.29,1.162,451.43,101.52
WELL-024,2026-01-02T06:00:00,3060.88,24.14,11.72,97.9,15.9,1811.77,1.253,447.92,100.3
WELL-024,2026-01-02T06:20:00,3074.11,22.14,10.7,111.99,15.05,1944.74,1.208,398.0,101.08
WELL-024,2026-01-02T06:40:00,3087.26,26.48,10.22,112.19,18.31,1778.99,1.142,461.03,98.89
WELL-024,2026-01-02T07:00:00,3101.0,20.95,12.04,101.23,20.79,1742.98,1.213,481.24,98.66
WELL-024,2026-01-02T07:20:00,3117.52,16.13,13.17,111.97,13.08,1666.6,1.155,424.68,103.4
WELL-024,2026-01-02T07:40:00,3131.83,24.4,10.73,99.37,19.91,1827.54,1.23,443.32,99.1
WELL-024,2026-01-02T08:00:00,3142.55,20.01,13.34,100.26,15.0,1827.12,1.188,418.33,101.45
WELL-024,2026-01-02T08:20:00,3156.82,21.37,9.93,115.9,16.79,1879.54,1.163,438.15,100.0
WELL-024,2026-01-02T08:40:00,3171.0,23.27,14.4,119.35,19.69,1848.83,1.185,428.62,100.91
WELL-024,2026-01-02T09:00:00,3184.26,20.68,10.75,117.07,16.27,1643.0,1.222,432.91,101.04
WELL-024,2026-01-02T09:20:00,3199.24,23.52,12.9,119.21,13.48,1820.51,1.178,458.27,100.67
WELL-024,2026-01-02T09:40:00,3214.06,19.86,11.43,98.48,17.44,1848.67,1.2,453.06,100.26
WELL-024,2026-01-02T10:00:00,3229.02,26.37,10.96,103.82,18.07,1856.89,1.216,447.26,99.75
WELL-024,2026-01-02T10:20:00,3242.93,21.55,13.68,119.14,15.89,1845.93,1.193,479.8,102.15
WELL-024,2026-01-02T10:40:00,3256.36,19.77,12.87,107.66,14.18,1630.14,1.228,445.39,98.7
WELL-024,2026-01-02T11:00:00,3268.19,16.88,10.91,104.33,15.31,1971.01,1.234,453.1,100.44
WELL-024,2026-01-02T11:20:00,3285.52,22.16,12.27,100.75,16.0,1764.84,1.183,443.86,98.69
WELL-024,2026-01-02T11:40:00,3297.18,20.05,11.78,115.93,13.88,1869.75,1.193,419.24,99.18
WELL-024,2026-01-02T12:00:00,3313.95,22.75,11.88,112.48,17.54,1844.64,1.201,458.64,100.68
WELL-024,2026-01-02T12:20:00,3326.65,20.3,8.64,112.95,20.92,1688.68,1.2,456.98,100.8
WELL-024,2026-01-02T12:40:00,3339.93,24.26,12.43,104.66,16.7,1913.89,1.24,451.56,99.39
WELL-024,2026-01-02T13:00:00,3355.3,21.07,12.96,113.08,17.95,2027.42,1.196,459.55,100.65
WELL-024,2026-01-02T13:20:00,3369.14,22.32,11.01,97.29,16.21,1709.07,1.205,447.72,100.09
WELL-024,2026-01-02T13:40:00,3381.69,24.18,10.46,112.39,18.15,1719.04,1.18,430.54,99.25
WELL-024,2026-01-02T14:00:00,3396.95,21.42,9.6,114.46,19.38,1814.31,1.23,422.35,100.61
WELL-024,2026-01-02T14:20:00,3408.13,24.43,13.26,101.85,15.99,1828.79,1.19,411.44,99.24
WELL-024,2026-01-02T14:40:00,3423.45,18.47,13.9,118.5,21.94,1773.96,1.137,448.44,100.49
WELL-024,2026-01-02T15:00:00,3437.41,21.91,14.41,101.05,13.09,1780.71,1.193,445.48,100.75
WELL-024,2026-01-02T15:20:00,3453.2,23.73,14.2,118.92,16.66,1795.55,1.211,429.41,99.74
WELL-024,2026-01-02T15:40:00,3467.87,23.11,10.99,99.68,19.1,1910.8,1.178,447.82,101.13
WELL-025,2026-01-01T00:00:00,1801.95,16.26,12.34,99.38,12.66,1987.7,1.224,446.24,99.36
WELL-025,2026-01-01T00:20:00,1815.63,26.28,11.17,112.23,15.77,1930.68,1.189,464.77,99.93
WELL-025,2026-01-01T00:40:00,1828.03,17.22,12.25,107.89,17.24,1848.25,1.236,433.96,97.53
WELL-025,2026-01-01T01:00:00,1842.41,22.49,11.64,93.29,20.89,1853.47,1.208,440.11,100.26
WELL-025,2026-01-01T01:20:00,1854.07,14.22,13.35,102.29,16.87,1929.19,1.15,470.23,102.93
WELL-025,2026-01-01T01:40:00,1868.89,20.87,14.62,108.37,16.24,1823.43,1.205,446.18,100.31
WELL-025,2026-01-01T02:00:00,1882.92,19.16,9.73,112.35,15.51,1885.87,1.228,452.13,99.87
WELL-025,2026-01-01T02:20:00,1899.9,22.47,12.94,111.65,17.18,1827.25,1.151,480.52,101.3
WELL-025,2026-01-01T02:40:00,1913.09,14.5,12.73,100.27,17.75,1992.73,1.148,461.38,101.21
WELL-025,2026-01-01T03:00:00,1926.16,23.8,12.6,121.4,16.59,1777.44,1.198,438.73,99.07
WELL-025,2026-01-01T03:20:00,1940.88,12.1,12.45,119.48,10.28,1692.34,1.237,429.05,100.63
WELL-025,2026-01-01T03:40:00,1952.25,20.29,12.94,102.62,17.44,1933.76,1.188,474.46,98.05
WELL-025,2026-01-01T04:00:00,1966.29,16.1,12.77,109.65,16.82,1877.48,1.25,470.48,100.73
WELL-025,2026-01-01T04:20:00,1983.93,21.63,11.12,101.14,16.44,1573.11,1.175,483.81,102.08
WELL-025,2026-01-01T04:40:00,1997.76,27.23,12.25,103.19,17.35,1893.64,1.201,490.54,99.86
WELL-025,2026-01-01T05:00:00,2010.44,18.06,13.3,112.29,16.02,1743.08,1.204,421.64,100.17
WELL-025,2026-01-01T05:20:00,2025.47,17.31,12.53,116.98,15.89,1801.12,1.163,474.44,102.06
WELL-025,2026-01-01T05:40:00,2037.26,24.23,14.58,112.03,19.68,1823.82,1.176,487.38,98.64
WELL-025,2026-01-01T06:00:00,2050.77,19.74,11.89,107.54,20.42,1797.77,1.21,384.51,98.13
WELL-025,2026-01-01T06:20:00,2065.33,20.98,11.32,114.61,16.63,1634.34,1.216,456.38,103.0
WELL-025,2026-01-01T06:40:00,2078.73,25.15,15.55,107.61,15.88,1677.31,1.184,461.7,97.98
WELL-025,2026-01-01T07:00:00,2092.31,17.26,16.53,115.0,12.93,1952.57,1.166,452.48,100.97
WELL-025,2026-01-01T07:20:00,2106.3,23.1,9.42,119.53,18.59,1851.59,1.178,474.06,98.87
WELL-025,2026-01-01T07:40:00,2120.93,21.07,14.27,96.4,16.11,1918.08,1.187,459.08,98.82
WELL-025,2026-01-01T08:00:00,2137.94,24.85,12.33,108.05,16.81,1688.27,1.199,448.25,98.31
WELL-025,2026-01-01T08:20:00,2149.78,16.5,10.35,122.11,15.85,1870.52,1.193,466.43,99.02
WELL-025,2026-01-01T08:40:00,2164.12,22.12,10.66,112.36,16.63,1697.21,1.151,443.94,99.22
WELL-025,2026-01-01T09:00:00,2176.24,22.82,14.73,111.49,14.89,1817.96,1.197,430.24,99.15
WELL-025,2026-01-01T09:20:00,2190.91,16.0,8.03,114.07,15.52,1757.29,1.197,454.44,99.39
WELL-025,2026-01-01T09:40:00,2204.22,17.22,13.47,104.08,19.55,1785.11,1.178,460.92,100.95
WELL-025,2026-01-01T10:00:00,2221.46,14.3,12.1,111.11,16.17,1735.55,1.222,444.94,99.56
WELL-025,2026-01-01T10:20:00,2235.76,17.71,11.1,108.03,15.11,1721.9,1.173,456.66,99.89
WELL-025,2026-01-01T10:40:00,2248.49,26.1,10.88,101.69,17.09,1884.71,1.221,478.5,100.6
WELL-025,2026-01-01T11:00:00,2263.9,19.24,9.96,114.89,15.18,1661.2,1.201,446.48,99.7
WELL-025,2026-01-01T11:20:00,2276.38,18.01,13.78,110.75,17.92,1755.35,1.24,414.48,99.65
WELL-025,2026-01-01T11:40:00,2288.89,16.41,11.6,114.58,15.67,1849.27,1.204,465.41,97.86
WELL-025,2026-01-01T12:00:00,2302.34,20.39,13.29,114.68,19.67,1808.16,1.201,447.99,98.93
WELL-025,2026-01-01T12:20:00,2317.55,23.39,12.14,106.67,17.6,1810.35,1.193,442.01,100.56
WELL-025,2026-01-01T12:40:00,2330.67,18.96,14.4,106.52,15.7,1897.72,1.217,479.96,100.63
WELL-025,2026-01-01T13:00:00,2344.87,15.74,10.49,101.96,16.9,1758.36,1.233,463.51,100.84
WELL-025,2026-01-01T13:20:00,2361.19,21.04,14.89,97.87,19.91,1881.48,1.252,451.09,101.89
WELL-025,2026-01-01T13:40:00,2374.91,17.91,13.59,123.06,17.34,1693.18,1.182,430.56,102.6
WELL-025,2026-01-01T14:00:00,2386.01,21.88,12.15,100.54,17.94,1738.98,1.186,464.96,98.9
WELL-025,2026-01-01T14:20:00,2403.95,26.02,10.8,103.6,18.39,1854.96,1.215,441.55,99.36
WELL-025,2026-01-01T14:40:00,2416.0,25.11,10.22,105.77,14.01,1823.01,1.189,471.97,101.63
WELL-025,2026-01-01T15:00:00,2431.84,19.49,10.35,104.76,17.18,1764.18,1.181,454.74,98.37
WELL-025,2026-01-01T15:20:00,2444.28,25.34,11.7,108.97,16.59,1946.91,1.181,432.81,96.18
WELL-025,2026-01-01T15:40:00,2456.66,17.21,12.72,104.5,19.04,1925.64,1.183,448.24,99.09
WELL-025,2026-01-01T16:00:00,2470.38,21.39,9.95,114.65,20.58,1835.22,1.192,469.66,99.59
WELL-025,2026-01-01T16:20:00,2485.87,21.84,12.27,124.26,15.92,1728.11,1.193,441.58,98.41
WELL-025,2026-01-01T16:40:00,2498.88,16.62,11.8,108.29,15.76,1578.05,1.18,469.18,100.41
WELL-025,2026-01-01T17:00:00,2512.62,22.8,12.33,99.17,18.34,1604.85,1.202,489.88,101.11
WELL-025,2026-01-01T17:20:00,2529.07,26.93,13.08,107.95,17.22,1735.57,1.196,460.51,98.78
WELL-025,2026-01-01T17:40:00,2541.06,21.33,10.73,107.9,18.27,1715.66,1.181,413.29,102.06
WELL-025,2026-01-01T18:00:00,2555.84,19.7,17.47,99.74,16.7,1840.57,1.204,446.48,102.27
WELL-025,2026-01-01T18:20:00,2569.79,19.86,13.59,108.6,17.32,1917.49,1.212,464.96,101.18
WELL-025,2026-01-01T18:40:00,2585.49,24.08,12.66,91.04,17.15,1914.93,1.209,435.7,100.1
WELL-025,2026-01-01T19:00:00,2598.07,23.35,12.83,107.61,20.05,1768.94,1.135,441.08,98.93
WELL-025,2026-01-01T19:20:00,2610.79,25.72,12.43,101.89,18.7,1666.66,1.213,438.48,97.45
WELL-025,2026-01-01T19:40:00,2627.09,22.16,12.06,103.63,15.74,1846.76,1.159,447.71,99.79
WELL-025,2026-01-01T20:00:00,2640.72,21.49,11.47,124.11,17.22,1884.76,1.207,497.2,101.24
WELL-025,2026-01-01T20:20:00,2654.47,21.9,11.97,112.79,17.1,1824.39,1.2,426.32,98.65
WELL-025,2026-01-01T20:40:00,2668.06,25.42,10.78,106.74,20.3,1720.93,1.209,444.2,99.53
WELL-025,2026-01-01T21:00:00,2682.31,21.53,13.11,94.0,17.76,1906.27,1.203,432.11,101.11
WELL-025,2026-01-01T21:20:00,2694.5,24.78,9.1,111.35,15.37,1967.4,1.293,436.68,100.55
WELL-025,2026-01-01T21:40:00,2710.23,25.3,9.27,96.13,20.88,1798.59,1.194,416.03,100.16
WELL-025,2026-01-01T22:00:00,2723.67,23.99,10.76,102.21,17.44,1922.07,1.2,440.65,100.48
WELL-025,2026-01-01T22:20:00,2736.14,20.01,12.05,113.31,12.6,1844.76,1.216,434.87,101.84
WELL-025,2026-01-01T22:40:00,2751.75,18.25,13.48,123.27,16.14,1846.81,1.162,450.17,100.21
WELL-025,2026-01-01T23:00:00,2764.32,18.77,10.72,134.69,15.4,1959.28,1.248,431.71,100.37
WELL-025,2026-01-01T23:20:00,2779.95,20.02,14.75,105.09,15.66,1929.26,1.18,446.93,97.93
WELL-025,2026-01-01T23:40:00,2793.08,20.4,10.21,110.65,18.82,1805.83,1.201,496.11,99.41
WELL-025,2026-01-02T00:00:00,2806.02,27.95,11.61,97.89,14.69,1840.8,1.268,431.88,100.43
WELL-025,2026-01-02T00:20:00,2820.25,20.77,14.27,101.05,19.23,1857.62,1.225,491.16,101.59
WELL-025,2026-01-02T00:40:00,2835.85,18.45,10.79,117.91,17.38,1737.43,1.178,444.81,100.16
WELL-025,2026-01-02T01:00:00,2851.61,14.61,12.59,114.13,18.8,1718.71,1.207,456.33,102.03
WELL-025,2026-01-02T01:20:00,2864.29,20.23,15.11,105.38,14.28,1711.88,1.186,439.74,98.83
WELL-025,2026-01-02T01:40:00,2877.72,21.91,11.59,112.19,15.67,1984.38,1.24,459.35,100.11
WELL-025,2026-01-02T02:00:00,2893.19,19.46,11.31,117.09,15.0,1820.08,1.167,480.2,101.36
WELL-025,2026-01-02T02:20:00,2906.93,21.16,10.9,115.02,17.59,1670.42,1.174,456.21,98.32
WELL-025,2026-01-02T02:40:00,2919.61,23.67,10.53,119.26,16.63,1715.95,1.197,449.41,98.51
WELL-025,2026-01-02T03:00:00,2933.03,20.9,10.55,110.37,16.5,1890.14,1.248,416.28,101.33
WELL-025,2026-01-02T03:20:00,2948.33,21.4,13.26,115.36,18.12,1681.79,1.212,487.51,99.74
WELL-025,2026-01-02T03:40:00,2962.98,26.3,13.5,112.53,19.12,1864.81,1.227,417.91,99.67
WELL-025,2026-01-02T04:00:00,2977.92,19.04,13.15,112.03,14.53,1834.7,1.263,470.3,97.65
WELL-025,2026-01-02T04:20:00,2990.95,25.2,9.97,110.82,16.54,1819.93,1.198,452.52,98.73
WELL-025,2026-01-02T04:40:00,3004.9,24.83,11.13,126.81,19.6,1808.11,1.215,432.09,100.75
WELL-025,2026-01-02T05:00:00,3016.59,27.62,11.36,127.13,15.72,1870.14,1.238,444.25,98.92
WELL-025,2026-01-02T05:20:00,3031.17,21.52,10.61,113.34,16.8,1851.21,1.251,455.43,98.98
WELL-025,2026-01-02T05:40:00,3047.88,10.53,12.42,111.96,32.71,1768.41,1.293,421.55,92.95
WELL-025,2026-01-02T06:00:00,3058.45,10.85,17.62,105.84,25.52,1931.6,1.305,431.68,95.14
WELL-025,2026-01-02T06:20:00,3074.6,10.9,11.18,103.6,21.51,1694.47,1.298,439.64,92.9
WELL-025,2026-01-02T06:40:00,3086.58,13.44,10.11,119.68,24.38,1732.99,1.306,443.79,92.64
WELL-025,2026-01-02T07:00:00,3100.1,16.0,12.28,119.27,27.86,1625.2,1.258,480.45,92.93
WELL-025,2026-01-02T07:20:00,3117.98,10.29,14.7,106.81,26.59,1708.39,1.276,447.36,96.87
WELL-025,2026-01-02T07:40:00,3129.91,12.36,14.66,118.1,24.16,1759.19,1.267,474.56,95.69
WELL-025,2026-01-02T08:00:00,3145.13,20.64,8.62,104.0,15.36,1767.12,1.145,444.81,99.17
WELL-025,2026-01-02T08:20:00,3158.38,19.68,11.88,102.79,14.92,1674.28,1.163,451.19,101.01
WELL-025,2026-01-02T08:40:00,3171.82,20.74,11.09,111.66,18.67,1776.55,1.221,437.19,98.86
WELL-025,2026-01-02T09:00:00,3185.96,20.63,9.45,100.89,14.6,1588.58,1.185,442.87,99.56
WELL-025,2026-01-02T09:20:00,3198.0,25.04,10.51,118.35,16.4,1864.79,1.199,453.3,99.19
WELL-025,2026-01-02T09:40:00,3213.67,21.97,14.08,101.49,13.35,1763.01,1.241,413.02,98.98
WELL-025,2026-01-02T10:00:00,3227.54,19.03,12.01,102.95,18.4,1956.2,1.21,443.82,98.79
WELL-025,2026-01-02T10:20:00,3240.43,20.23,11.3,106.12,16.41,1905.82,1.188,446.1,100.15
WELL-025,2026-01-02T10:40:00,3257.68,18.22,11.21,108.59,16.96,1592.78,1.198,475.6,101.96
WELL-025,2026-01-02T11:00:00,3271.53,26.07,14.36,91.2,15.31,1848.43,1.168,449.26,99.19
WELL-025,2026-01-02T11:20:00,3284.45,21.16,11.44,106.43,17.21,1871.28,1.166,440.2,100.55
WELL-025,2026-01-02T11:40:00,3299.55,19.44,12.68,112.09,14.12,1932.37,1.201,397.29,100.79
WELL-025,2026-01-02T12:00:00,3313.73,19.93,12.08,100.7,17.32,1845.92,1.168,457.54,101.42
WELL-025,2026-01-02T12:20:00,3326.77,22.13,12.59,122.95,18.12,2073.19,1.231,457.05,99.2
WELL-025,2026-01-02T12:40:00,3341.3,22.62,13.71,109.61,14.99,2115.69,1.244,457.22,99.94
WELL-025,2026-01-02T13:00:00,3354.22,22.97,12.76,109.93,16.67,1609.38,1.194,411.08,100.76
WELL-025,2026-01-02T13:20:00,3369.18,18.72,11.22,111.66,14.25,1850.23,1.223,452.48,98.41
WELL-025,2026-01-02T13:40:00,3382.69,16.77,12.39,106.8,16.54,1756.0,1.195,446.2,99.96
WELL-025,2026-01-02T14:00:00,3396.15,17.45,11.51,113.8,16.38,1760.34,1.2,474.09,100.36
WELL-025,2026-01-02T14:20:00,3409.87,22.26,11.12,114.03,16.21,1700.77,1.213,463.16,98.4
WELL-025,2026-01-02T14:40:00,3423.04,18.51,12.39,109.53,16.35,1770.43,1.17,408.64,102.59
WELL-025,2026-01-02T15:00:00,3439.37,20.39,14.06,110.15,21.89,1915.62,1.222,434.04,100.86
WELL-025,2026-01-02T15:20:00,3452.29,28.98,14.13,99.2,13.2,1851.02,1.208,500.22,100.56
WELL-025,2026-01-02T15:40:00,3466.67,24.44,11.82,102.45,13.96,1830.69,1.168,437.32,98.49
WELL-026,2026-01-01T00:00:00,1799.73,25.1,15.08,112.74,15.63,1606.8,1.184,443.41,97.6
WELL-026,2026-01-01T00:20:00,1814.97,20.49,10.62,110.76,21.66,1742.12,1.163,432.54,102.36
WELL-026,2026-01-01T00:40:00,1828.8,26.28,10.49,106.0,15.62,1824.45,1.171,445.61,97.93
WELL-026,2026-01-01T01:00:00,1841.85,24.44,10.79,116.36,17.52,1951.92,1.186,463.76,97.5
WELL-026,2026-01-01T01:20:00,1856.43,18.69,15.22,98.04,19.11,1789.86,1.238,457.39,99.84
WELL-026,2026-01-01T01:40:00,1869.18,18.18,10.04,122.42,16.77,1799.22,1.2,435.6,98.06
WELL-026,2026-01-01T02:00:00,1882.44,23.02,11.58,105.17,14.23,1723.65,1.176,469.88,102.36
WELL-026,2026-01-01T02:20:00,1899.19,22.15,12.6,92.1,15.86,1763.15,1.141,452.04,102.5
WELL-026,2026-01-01T02:40:00,1910.95,19.34,10.52,116.75,16.9,1630.27,1.23,464.72,101.16
WELL-026,2026-01-01T03:00:00,1924.13,17.94,11.81,111.58,17.68,1759.65,1.219,444.83,99.63
WELL-026,2026-01-01T03:20:00,1940.24,23.89,12.13,116.0,17.81,1747.88,1.187,453.64,100.57
WELL-026,2026-01-01T03:40:00,1954.2,26.87,12.45,110.1,14.63,1794.66,1.163,474.4,103.05
WELL-026,2026-01-01T04:00:00,1967.53,21.93,14.79,110.3,14.75,1972.89,1.207,485.69,98.78
WELL-026,2026-01-01T04:20:00,1983.98,23.57,12.16,105.04,18.95,1770.18,1.188,501.03,100.25
WELL-026,2026-01-01T04:40:00,1997.77,21.08,12.92,128.01,18.94,1823.63,1.194,417.86,97.51
WELL-026,2026-01-01T05:00:00,2010.92,23.19,12.09,107.45,19.06,1763.31,1.179,401.84,103.49
WELL-026,2026-01-01T05:20:00,2024.16,21.64,13.59,125.78,16.94,1692.78,1.213,437.63,99.69
WELL-026,2026-01-01T05:40:00,2036.23,18.77,13.59,105.29,17.85,1692.93,1.227,444.4,100.99
WELL-026,2026-01-01T06:00:00,2052.8,16.77,8.85,104.75,19.96,1935.09,1.204,459.69,100.1
WELL-026,2026-01-01T06:20:00,2066.56,24.56,11.62,98.14,15.95,1980.47,1.205,484.43,101.09
WELL-026,2026-01-01T06:40:00,2080.94,23.73,10.03,100.8,15.86,1836.01,1.219,451.49,98.38
WELL-026,2026-01-01T07:00:00,2094.0,20.78,10.53,122.65,17.41,1778.47,1.25,433.36,99.85
WELL-026,2026-01-01T07:20:00,2108.07,18.22,11.2,124.32,18.16,1820.72,1.146,461.4,99.04
WELL-026,2026-01-01T07:40:00,2120.71,25.44,10.14,123.53,15.41,1699.47,1.159,444.41,100.23
WELL-026,2026-01-01T08:00:00,2136.95,18.28,10.86,124.5,14.32,1840.57,1.154,435.49,100.69
WELL-026,2026-01-01T08:20:00,2148.63,20.33,12.13,102.77,17.93,1548.93,1.231,472.01,97.17
WELL-026,2026-01-01T08:40:00,2165.14,21.45,11.14,111.26,17.39,1874.17,1.197,434.96,101.75
WELL-026,2026-01-01T09:00:00,2176.05,12.2,10.67,118.2,15.04,1811.57,1.172,411.08,99.18
WELL-026,2026-01-01T09:20:00,2193.03,18.44,12.51,113.56,18.98,1799.72,1.193,420.8,98.08
WELL-026,2026-01-01T09:40:00,2204.98,24.04,14.9,107.58,18.37,1956.97,1.227,439.5,102.39
WELL-026,2026-01-01T10:00:00,2218.42,24.3,12.87,99.99,16.86,1746.25,1.189,451.91,100.73
WELL-026,2026-01-01T10:20:00,2232.53,17.48,13.89,111.05,18.22,1679.03,1.196,460.39,96.92
WELL-026,2026-01-01T10:40:00,2249.54,24.35,12.17,111.15,13.7,1657.47,1.199,462.45,101.64
WELL-026,2026-01-01T11:00:00,2262.97,25.69,12.55,111.63,16.95,1788.19,1.25,474.72,99.51
WELL-026,2026-01-01T11:20:00,2276.88,26.64,11.51,114.84,17.12,1716.22,1.224,452.77,99.09
WELL-026,2026-01-01T11:40:00,2290.16,24.22,9.06,112.97,14.74,1950.32,1.214,427.61,98.83
WELL-026,2026-01-01T12:00:00,2302.06,15.68,11.63,112.68,15.48,1830.09,1.247,442.81,99.39
WELL-026,2026-01-01T12:20:00,2319.05,23.23,13.17,93.81,18.56,1693.12,1.23,454.65,97.07
WELL-026,2026-01-01T12:40:00,2330.23,18.92,13.01,119.74,16.21,1739.41,1.213,472.66,100.84
WELL-026,2026-01-01T13:00:00,2344.45,27.82,12.53,95.37,18.87,1866.29,1.184,477.13,100.82
WELL-026,2026-01-01T13:20:00,2360.29,19.72,11.6,118.2,18.16,1862.87,1.194,458.1,101.77
WELL-026,2026-01-01T13:40:00,2372.74,21.79,10.26,121.75,19.9,1964.32,1.192,454.41,102.82
WELL-026,2026-01-01T14:00:00,2388.07,20.76,14.65,122.36,18.57,1812.95,1.202,454.87,101.49
WELL-026,2026-01-01T14:20:00,2402.27,23.21,10.72,110.35,14.06,1754.26,1.213,460.46,99.87
WELL-026,2026-01-01T14:40:00,2414.45,17.34,12.75,104.12,17.83,1769.2,1.207,453.16,101.44
WELL-026,2026-01-01T15:00:00,2428.72,17.66,10.6,108.76,16.64,1787.75,1.184,443.54,99.46
WELL-026,2026-01-01T15:20:00,2444.64,21.05,12.08,96.0,17.85,1707.54,1.187,439.93,98.39
WELL-026,2026-01-01T15:40:00,2458.28,13.01,11.08,108.68,18.09,1659.64,1.22,452.92,99.87
WELL-026,2026-01-01T16:00:00,2473.85,22.12,11.28,120.36,18.57,1828.9,1.202,433.54,99.5
WELL-026,2026-01-01T16:20:00,2486.93,20.88,12.42,107.49,14.18,1779.8,1.236,439.3,101.86
WELL-026,2026-01-01T16:40:00,2501.46,21.76,8.46,117.77,19.08,1872.2,1.172,484.68,100.43
WELL-026,2026-01-01T17:00:00,2514.38,21.17,10.6,109.72,20.88,1831.02,1.215,452.83,98.84
WELL-026,2026-01-01T17:20:00,2528.36,15.44,12.3,108.37,16.96,1733.77,1.187,433.64,100.32
WELL-026,2026-01-01T17:40:00,2541.44,19.5,9.72,108.92,18.63,1653.95,1.186,430.36,102.16
WELL-026,2026-01-01T18:00:00,2556.16,19.27,9.26,119.28,15.12,1985.27,1.215,438.55,99.81
WELL-026,2026-01-01T18:20:00,2569.34,26.43,12.05,102.1,22.4,1819.28,1.181,447.47,100.54
WELL-026,2026-01-01T18:40:00,2584.42,22.47,11.53,111.96,15.56,1840.63,1.211,456.44,98.03
WELL-026,2026-01-01T19:00:00,2598.23,21.12,12.16,109.94,17.97,1894.08,1.19,424.48,101.31
WELL-026,2026-01-01T19:20:00,2610.94,27.33,12.62,109.44,21.55,1761.68,1.249,438.04,100.16
WELL-026,2026-01-01T19:40:00,2624.53,17.55,11.27,106.97,19.46,1892.62,1.184,422.66,98.93
WELL-026,2026-01-01T20:00:00,2639.74,18.35,11.99,116.29,16.55,1747.73,1.204,452.9,100.28
WELL-026,2026-01-01T20:20:00,2652.47,22.13,12.15,104.96,14.96,1780.73,1.196,453.84,97.07
WELL-026,2026-01-01T20:40:00,2666.57,21.16,12.73,117.82,16.42,1663.1,1.185,446.35,99.37
WELL-026,2026-01-01T21:00:00,2680.96,25.34,10.83,107.23,17.29,1820.84,1.218,420.71,101.17
WELL-026,2026-01-01T21:20:00,2694.54,21.73,13.37,115.16,14.8,1790.15,1.206,482.01,101.65
WELL-026,2026-01-01T21:40:00,2711.71,24.08,12.42,119.53,16.32,1859.98,1.24,418.73,100.32
WELL-026,2026-01-01T22:00:00,2723.76,25.42,13.68,115.38,15.99,1829.17,1.234,455.16,99.43
WELL-026,2026-01-01T22:20:00,2739.0,22.74,11.94,114.69,15.99,1743.05,1.193,470.38,95.51
WELL-026,2026-01-01T22:40:00,2751.86,20.57,11.12,105.49,16.52,1870.98,1.188,459.15,102.38
WELL-026,2026-01-01T23:00:00,2767.81,17.81,11.44,104.89,17.69,1923.63,1.21,462.66,98.61
WELL-026,2026-01-01T23:20:00,2778.03,19.12,9.69,121.5,18.88,1887.65,1.276,408.13,100.42
WELL-026,2026-01-01T23:40:00,2793.72,21.86,13.17,109.92,19.44,1899.44,1.203,466.3,98.99
WELL-026,2026-01-02T00:00:00,2806.11,18.69,9.6,120.29,16.31,1959.59,1.217,442.04,100.81
WELL-026,2026-01-02T00:20:00,2821.89,22.02,12.52,113.02,18.17,1783.09,1.227,468.98,100.86
WELL-026,2026-01-02T00:40:00,2837.04,21.51,11.62,115.47,18.01,1914.29,1.204,414.15,102.29
WELL-026,2026-01-02T01:00:00,2850.12,20.1,13.26,95.76,15.16,1925.37,1.199,411.48,103.32
WELL-026,2026-01-02T01:20:00,2863.97,22.11,12.11,109.51,19.33,1801.22,1.21,440.43,98.65
WELL-026,2026-01-02T01:40:00,2878.11,23.26,11.34,106.57,16.41,1856.18,1.192,422.24,98.93
WELL-026,2026-01-02T02:00:00,2892.46,19.45,10.06,105.6,20.23,1865.46,1.204,459.24,97.02
WELL-026,2026-01-02T02:20:00,2904.25,21.74,11.17,106.61,15.31,1696.24,1.221,476.86,99.51
WELL-026,2026-01-02T02:40:00,2920.16,13.13,12.26,104.1,17.23,1734.87,1.177,470.54,96.05
WELL-026,2026-01-02T03:00:00,2933.26,25.84,13.11,102.0,16.74,1611.48,1.161,454.09,101.85
WELL-026,2026-01-02T03:20:00,2949.38,19.46,13.55,119.09,18.7,1732.39,1.193,430.47,102.53
WELL-026,2026-01-02T03:40:00,2960.88,23.38,12.65,114.13,15.12,1794.19,1.197,445.11,95.89
WELL-026,2026-01-02T04:00:00,2976.78,23.94,10.32,110.57,17.49,1765.54,1.207,442.5,97.06
WELL-026,2026-01-02T04:20:00,2990.13,24.99,11.31,110.98,15.07,1818.61,1.181,404.54,99.69
WELL-026,2026-01-02T04:40:00,3002.27,20.83,9.98,105.85,20.43,1768.61,1.196,439.8,99.81
WELL-026,2026-01-02T05:00:00,3016.31,19.01,12.97,120.96,14.86,1709.82,1.184,438.9,100.65
WELL-026,2026-01-02T05:20:00,3030.52,19.66,11.55,99.81,13.93,1944.25,1.157,438.25,98.21
WELL-026,2026-01-02T05:40:00,3045.79,22.21,11.91,117.18,16.43,1756.84,1.18,454.25,98.34
WELL-026,2026-01-02T06:00:00,3058.77,20.36,14.23,112.36,16.67,1806.78,1.232,480.66,98.45
WELL-026,2026-01-02T06:20:00,3074.86,20.94,13.38,103.66,13.33,2043.26,1.207,434.99,102.02
WELL-026,2026-01-02T06:40:00,3087.05,14.17,10.93,108.71,13.29,1915.33,1.199,454.9,98.47
WELL-026,2026-01-02T07:00:00,3102.02,20.37,11.02,94.7,20.31,1877.26,1.207,434.32,100.27
WELL-026,2026-01-02T07:20:00,3114.87,24.07,10.52,106.55,17.06,1948.87,1.189,457.16,101.44
WELL-026,2026-01-02T07:40:00,3130.73,20.22,12.85,125.28,19.51,1874.65,1.179,435.48,100.65
WELL-026,2026-01-02T08:00:00,3142.19,20.49,10.71,107.47,17.85,1869.06,1.211,478.05,104.16
WELL-026,2026-01-02T08:20:00,3156.66,18.82,10.99,113.03,16.73,1713.02,1.196,454.85,100.49
WELL-026,2026-01-02T08:40:00,3172.25,23.27,12.94,106.72,16.77,1823.15,1.191,454.07,102.74
WELL-026,2026-01-02T09:00:00,3186.5,25.35,12.52,101.9,14.38,1993.45,1.192,422.3,99.47
WELL-026,2026-01-02T09:20:00,3199.83,17.27,11.66,111.96,17.05,1805.29,1.161,459.52,98.64
WELL-026,2026-01-02T09:40:00,3212.23,22.81,13.79,104.72,15.43,1808.55,1.176,426.08,100.22
WELL-026,2026-01-02T10:00:00,3227.67,19.56,11.09,109.72,16.05,1755.59,1.158,434.48,99.89
WELL-026,2026-01-02T10:20:00,3241.52,21.99,13.49,105.61,18.67,2000.25,1.253,426.27,100.58
WELL-026,2026-01-02T10:40:00,3256.92,20.11,10.3,103.67,19.0,1673.58,1.209,470.33,100.93
WELL-026,2026-01-02T11:00:00,3269.02,16.87,10.73,126.9,16.45,1755.11,1.172,468.59,100.4
WELL-026,2026-01-02T11:20:00,3282.3,17.84,12.08,107.21,18.51,1804.53,1.201,447.18,97.27
WELL-026,2026-01-02T11:40:00,3296.38,23.67,13.41,112.87,18.2,1820.12,1.2,458.68,101.2
WELL-026,2026-01-02T12:00:00,3311.75,14.15,13.78,110.04,17.12,1898.87,1.187,444.01,101.21
WELL-026,2026-01-02T12:20:00,3324.97,16.27,10.45,98.44,16.43,1906.8,1.183,431.43,100.74
WELL-026,2026-01-02T12:40:00,3340.37,18.21,12.39,114.19,15.67,2028.31,1.183,459.94,100.65
WELL-026,2026-01-02T13:00:00,3355.19,25.17,12.23,105.31,15.84,1836.57,1.21,482.56,97.2
WELL-026,2026-01-02T13:20:00,3368.56,23.23,11.5,120.14,18.99,1754.61,1.184,460.68,101.39
WELL-026,2026-01-02T13:40:00,3380.6,21.81,9.61,110.78,16.58,1674.45,1.226,449.58,100.08
WELL-026,2026-01-02T14:00:00,3394.85,24.34,12.32,106.68,19.02,1789.27,1.147,460.49,98.62
WELL-026,2026-01-02T14:20:00,3410.59,17.48,10.38,112.49,16.53,1671.49,1.169,486.69,100.45
WELL-026,2026-01-02T14:40:00,3423.49,20.4,10.31,118.41,16.74,1847.91,1.192,469.71,100.46
WELL-026,2026-01-02T15:00:00,3439.6,20.38,11.09,118.13,17.38,1860.3,1.189,443.11,100.43
WELL-026,2026-01-02T15:20:00,3450.8,19.63,11.29,106.59,20.16,1805.1,1.178,428.37,101.61
WELL-026,2026-01-02T15:40:00,3467.47,17.67,14.14,112.07,20.66,1664.02,1.22,476.31,97.9
WELL-027,2026-01-01T00:00:00,1798.67,22.0,12.69,120.8,15.62,1898.65,1.229,441.5,99.1
WELL-027,2026-01-01T00:20:00,1812.41,17.95,13.92,115.64,16.99,1862.91,1.166,459.19,101.87
WELL-027,2026-01-01T00:40:00,1829.27,21.57,12.45,102.15,17.02,1857.24,1.17,490.12,100.48
WELL-027,2026-01-01T01:00:00,1841.9,24.25,9.72,103.48,16.69,1751.48,1.181,481.87,99.48
WELL-027,2026-01-01T01:20:00,1855.99,25.28,12.26,109.23,15.5,1732.11,1.232,486.81,99.19
WELL-027,2026-01-01T01:40:00,1868.47,23.38,12.03,105.34,21.28,1652.19,1.21,460.83,99.15
WELL-027,2026-01-01T02:00:00,1882.26,23.17,9.91,112.26,15.77,1753.53,1.202,433.29,99.65
WELL-027,2026-01-01T02:20:00,1896.4,20.88,14.19,125.09,15.65,1930.46,1.188,443.51,98.78
WELL-027,2026-01-01T02:40:00,1912.77,24.81,13.48,110.04,19.21,1900.76,1.192,445.72,101.2
WELL-027,2026-01-01T03:00:00,1927.15,13.92,10.95,114.96,17.14,1935.72,1.197,458.31,99.48
WELL-027,2026-01-01T03:20:00,1939.43,20.86,10.73,109.12,14.62,1836.32,1.22,467.65,99.49
WELL-027,2026-01-01T03:40:00,1955.47,23.31,12.77,99.67,16.66,1857.74,1.16,437.47,101.22
WELL-027,2026-01-01T04:00:00,1966.03,20.5,14.05,104.56,19.57,1804.88,1.245,484.44,101.7
WELL-027,2026-01-01T04:20:00,1980.7,19.54,13.1,99.98,14.45,1764.24,1.227,426.59,100.01
WELL-027,2026-01-01T04:40:00,1996.31,20.99,10.08,101.27,17.67,1844.41,1.216,463.4,98.66
WELL-027,2026-01-01T05:00:00,2008.24,14.86,12.74,107.48,17.37,1741.52,1.18,459.95,99.14
WELL-027,2026-01-01T05:20:00,2025.98,23.12,14.65,103.36,16.14,1742.52,1.181,404.23,100.68
WELL-027,2026-01-01T05:40:00,2037.61,22.47,11.05,125.43,17.54,1838.36,1.155,434.06,96.5
WELL-027,2026-01-01T06:00:00,2050.44,23.03,14.91,108.48,17.55,1899.34,1.2,431.58,100.22
WELL-027,2026-01-01T06:20:00,2065.04,20.07,13.26,101.76,16.93,1851.53,1.195,448.22,99.6
WELL-027,2026-01-01T06:40:00,2078.54,25.04,11.79,104.74,17.29,2005.17,1.178,440.49,98.66
WELL-027,2026-01-01T07:00:00,2095.52,20.58,12.87,116.83,18.33,1630.34,1.163,440.35,100.32
WELL-027,2026-01-01T07:20:00,2108.49,25.29,11.43,110.82,14.69,1799.76,1.193,415.68,99.92
WELL-027,2026-01-01T07:40:00,2122.42,22.16,13.49,101.03,18.03,1971.57,1.185,430.63,99.91
WELL-027,2026-01-01T08:00:00,2137.74,23.53,10.44,109.37,15.21,1837.36,1.263,425.88,98.37
WELL-027,2026-01-01T08:20:00,2149.79,19.82,11.8,100.32,14.65,1665.73,1.213,442.0,100.04
WELL-027,2026-01-01T08:40:00,2163.59,20.46,11.13,110.41,20.16,1856.71,1.206,439.12,99.77
WELL-027,2026-01-01T09:00:00,2177.98,25.12,13.43,105.12,18.45,1695.79,1.187,458.06,98.24
WELL-027,2026-01-01T09:20:00,2190.45,19.88,9.43,97.45,14.96,1809.13,1.186,434.4,102.61
WELL-027,2026-01-01T09:40:00,2204.39,21.68,11.76,105.76,15.73,1866.44,1.209,458.32,98.49
WELL-027,2026-01-01T10:00:00,2220.92,28.1,12.02,112.11,19.55,1769.79,1.193,442.16,98.75
WELL-027,2026-01-01T10:20:00,2234.17,19.12,11.36,106.61,20.79,1790.82,1.193,458.29,97.71
WELL-027,2026-01-01T10:40:00,2248.84,24.86,11.09,117.88,15.67,1693.75,1.263,464.21,103.06
WELL-027,2026-01-01T11:00:00,2260.27,18.11,11.55,116.74,17.27,1741.9,1.181,426.28,97.57
WELL-027,2026-01-01T11:20:00,2275.94,19.39,13.92,116.94,17.32,1592.74,1.204,424.5,101.22
WELL-027,2026-01-01T11:40:00,2288.39,23.54,11.27,110.93,16.76,1733.44,1.246,446.46,101.29
WELL-027,2026-01-01T12:00:00,2305.63,26.18,12.22,116.8,14.12,1833.55,1.17,433.25,97.66
WELL-027,2026-01-01T12:20:00,2316.79,23.24,10.91,97.6,19.95,1680.57,1.204,468.61,100.04
WELL-027,2026-01-01T12:40:00,2330.2,19.43,9.77,105.41,14.11,1668.17,1.197,464.01,98.35
WELL-027,2026-01-01T13:00:00,2344.32,18.51,9.78,118.22,15.73,1744.94,1.245,472.14,100.81
WELL-027,2026-01-01T13:20:00,2361.27,22.73,11.58,121.56,16.47,1905.83,1.206,454.67,100.25
WELL-027,2026-01-01T13:40:00,2372.31,25.35,13.25,113.84,16.63,1748.32,1.204,472.51,101.12
WELL-027,2026-01-01T14:00:00,2387.33,20.02,11.82,112.45,18.13,1808.1,1.152,497.94,101.72
WELL-027,2026-01-01T14:20:00,2402.93,17.78,11.11,114.72,16.6,1909.19,1.188,446.97,103.19
WELL-027,2026-01-01T14:40:00,2415.97,20.64,10.8,113.11,18.19,1807.37,1.226,462.85,101.02
WELL-027,2026-01-01T15:00:00,2428.86,25.36,10.7,115.4,16.6,1856.9,1.223,446.87,97.56
WELL-027,2026-01-01T15:20:00,2442.91,21.97,9.59,97.39,17.88,1864.51,1.205,502.71,100.16
WELL-027,2026-01-01T15:40:00,2458.53,18.32,10.98,110.57,15.3,1809.4,1.22,415.97,100.92
WELL-027,2026-01-01T16:00:00,2470.92,29.95,10.13,102.13,17.1,1715.82,1.213,501.25,99.87
WELL-027,2026-01-01T16:20:00,2484.05,20.12,12.46,114.02,20.63,1796.24,1.213,410.8,100.37
WELL-027,2026-01-01T16:40:00,2500.46,20.52,10.08,97.6,19.62,1718.0,1.196,458.24,98.08
WELL-027,2026-01-01T17:00:00,2515.19,23.83,11.95,108.02,17.5,1882.98,1.175,454.55,99.58
WELL-027,2026-01-01T17:20:00,2529.87,16.89,11.84,112.01,15.06,1854.03,1.203,458.42,99.99
WELL-027,2026-01-01T17:40:00,2541.69,24.17,12.86,133.88,17.63,1827.3,1.206,404.13,99.09
WELL-027,2026-01-01T18:00:00,2557.98,19.27,10.74,107.65,22.57,1813.17,1.194,434.15,101.71
WELL-027,2026-01-01T18:20:00,2571.74,22.38,10.65,119.22,14.6,1873.32,1.18,481.24,98.84
WELL-027,2026-01-01T18:40:00,2583.05,13.01,13.47,109.46,16.74,1759.68,1.177,407.26,101.14
WELL-027,2026-01-01T19:00:00,2599.49,19.09,9.88,101.13,17.26,1731.14,1.242,419.39,99.14
WELL-027,2026-01-01T19:20:00,2611.55,20.26,11.32,120.04,16.34,1849.59,1.235,456.29,102.24
WELL-027,2026-01-01T19:40:00,2627.53,13.54,11.75,129.86,19.14,1980.41,1.192,422.09,99.93
WELL-027,2026-01-01T20:00:00,2638.56,21.87,12.48,100.41,15.89,1760.4,1.203,472.45,98.56
WELL-027,2026-01-01T20:20:00,2655.66,18.78,13.39,94.14,19.71,1929.39,1.175,432.07,100.59
WELL-027,2026-01-01T20:40:00,2669.74,21.96,10.94,110.82,17.36,1809.97,1.181,477.03,98.9
WELL-027,2026-01-01T21:00:00,2681.73,19.89,11.21,105.09,15.23,1763.8,1.23,451.91,100.75
WELL-027,2026-01-01T21:20:00,2696.63,21.49,11.3,106.61,17.94,1826.79,1.241,476.32,101.33
WELL-027,2026-01-01T21:40:00,2710.03,14.76,13.99,108.55,28.34,1733.79,1.305,417.11,94.75
WELL-027,2026-01-01T22:00:00,2725.83,13.87,11.54,97.97,32.91,1654.59,1.277,447.08,97.12
WELL-027,2026-01-01T22:20:00,2737.78,14.06,11.81,114.86,24.69,1847.64,1.282,492.89,97.07
WELL-027,2026-01-01T22:40:00,2750.96,12.46,12.8,96.72,25.18,1759.54,1.275,453.88,93.5
WELL-027,2026-01-01T23:00:00,2767.17,12.17,14.66,117.14,27.71,1738.78,1.332,446.29,96.63
WELL-027,2026-01-01T23:20:00,2781.45,10.51,11.59,90.77,27.69,1848.82,1.304,432.84,94.63
WELL-027,2026-01-01T23:40:00,2795.84,18.87,11.74,111.03,16.83,1676.15,1.176,456.88,97.36
WELL-027,2026-01-02T00:00:00,2808.14,25.43,11.86,114.18,17.19,1743.51,1.222,471.34,100.84
WELL-027,2026-01-02T00:20:00,2822.41,18.47,14.04,105.53,19.48,1759.8,1.153,473.14,101.14
WELL-027,2026-01-02T00:40:00,2836.33,21.86,11.97,124.43,18.73,1833.18,1.231,455.61,102.1
WELL-027,2026-01-02T01:00:00,2848.58,22.58,12.83,119.14,14.13,1873.19,1.229,444.19,100.97
WELL-027,2026-01-02T01:20:00,2862.93,24.74,9.42,103.34,15.23,1850.51,1.23,456.52,97.87
WELL-027,2026-01-02T01:40:00,2879.65,13.77,11.93,109.32,16.97,1823.44,1.198,450.8,98.08
WELL-027,2026-01-02T02:00:00,2891.27,26.89,11.03,96.25,17.21,1671.15,1.248,421.94,100.48
WELL-027,2026-01-02T02:20:00,2906.54,22.82,12.58,110.33,14.59,1760.55,1.244,455.8,98.71
WELL-027,2026-01-02T02:40:00,2919.36,20.13,11.15,97.6,16.33,1936.44,1.196,437.22,98.44
WELL-027,2026-01-02T03:00:00,2934.57,26.19,12.02,119.03,14.51,1704.75,1.195,448.03,102.74
WELL-027,2026-01-02T03:20:00,2947.53,15.86,11.18,116.89,15.64,1910.62,1.169,465.37,97.75
WELL-027,2026-01-02T03:40:00,2961.42,18.89,12.92,100.59,18.69,1634.92,1.261,392.5,98.55
WELL-027,2026-01-02T04:00:00,2975.81,21.39,12.2,118.92,17.59,1833.32,1.227,480.03,99.37
WELL-027,2026-01-02T04:20:00,2990.57,22.33,12.09,115.05,20.19,1775.75,1.217,462.34,99.3
WELL-027,2026-01-02T04:40:00,3004.79,20.31,13.09,134.54,16.83,1689.5,1.141,463.71,98.5
WELL-027,2026-01-02T05:00:00,3018.29,23.72,11.33,96.93,17.82,1704.48,1.196,467.38,100.22
WELL-027,2026-01-02T05:20:00,3033.82,21.57,13.93,112.0,15.37,1625.39,1.2,405.46,101.55
WELL-027,2026-01-02T05:40:00,3047.63,12.46,11.3,98.9,19.0,1852.67,1.225,444.38,101.75
WELL-027,2026-01-02T06:00:00,3059.06,15.9,13.92,112.73,15.26,1821.76,1.21,434.54,99.42
WELL-027,2026-01-02T06:20:00,3072.49,28.69,9.89,100.03,18.51,1907.63,1.184,457.65,102.06
WELL-027,2026-01-02T06:40:00,3086.8,19.72,13.73,124.37,15.29,1637.79,1.239,426.41,100.86
WELL-027,2026-01-02T07:00:00,3102.62,19.14,11.75,116.5,16.79,1828.46,1.19,476.1,98.44
WELL-027,2026-01-02T07:20:00,3115.04,21.69,12.38,107.86,16.82,1760.04,1.195,453.37,100.19
WELL-027,2026-01-02T07:40:00,3128.26,19.98,12.39,115.44,17.76,1980.9,1.188,448.64,98.75
WELL-027,2026-01-02T08:00:00,3144.56,20.56,11.61,110.24,15.72,1728.9,1.191,468.68,101.92
WELL-027,2026-01-02T08:20:00,3156.42,27.06,10.07,112.23,15.21,1783.86,1.228,428.56,100.14
WELL-027,2026-01-02T08:40:00,3172.48,17.31,14.38,107.72,17.54,1733.28,1.18,420.19,104.14
WELL-027,2026-01-02T09:00:00,3187.23,22.84,9.77,112.41,18.3,1900.8,1.217,486.56,99.05
WELL-027,2026-01-02T09:20:00,3199.02,27.27,14.82,106.23,13.4,1807.5,1.201,437.73,99.67
WELL-027,2026-01-02T09:40:00,3215.07,20.98,12.28,112.77,19.8,1912.6,1.18,440.92,97.87
WELL-027,2026-01-02T10:00:00,3227.16,21.47,10.68,118.99,16.6,1661.4,1.237,436.13,100.11
WELL-027,2026-01-02T10:20:00,3242.53,22.58,10.73,101.13,17.8,1732.23,1.201,412.49,99.73
WELL-027,2026-01-02T10:40:00,3255.99,24.62,11.19,104.29,13.85,1816.66,1.237,480.55,102.17
WELL-027,2026-01-02T11:00:00,3270.31,17.82,10.93,106.8,18.24,1845.86,1.189,434.77,103.75
WELL-027,2026-01-02T11:20:00,3283.26,21.0,11.15,113.68,18.0,1763.36,1.21,449.46,100.56
WELL-027,2026-01-02T11:40:00,3297.95,20.66,14.19,106.12,18.66,1922.8,1.223,464.33,98.86
WELL-027,2026-01-02T12:00:00,3310.17,23.89,13.22,108.72,20.74,1632.79,1.153,451.31,99.53
WELL-027,2026-01-02T12:20:00,3324.71,21.58,14.05,98.45,17.06,1824.58,1.229,436.46,100.56
WELL-027,2026-01-02T12:40:00,3338.49,19.83,11.58,115.83,15.81,1701.61,1.189,420.47,96.94
WELL-027,2026-01-02T13:00:00,3354.92,17.42,11.76,117.91,13.69,1859.03,1.221,454.58,101.55
WELL-027,2026-01-02T13:20:00,3366.71,18.14,12.48,105.1,19.97,1699.41,1.223,429.88,99.43
WELL-027,2026-01-02T13:40:00,3382.27,21.94,13.01,111.39,22.65,1770.5,1.195,490.37,97.75
WELL-027,2026-01-02T14:00:00,3394.89,22.67,14.4,117.51,18.31,1848.9,1.221,481.1,101.03
WELL-027,2026-01-02T14:20:00,3408.56,22.19,12.63,93.51,17.03,1737.93,1.2,442.24,97.95
WELL-027,2026-01-02T14:40:00,3424.88,23.81,11.37,101.46,16.12,2002.44,1.183,446.18,99.18
WELL-027,2026-01-02T15:00:00,3439.21,21.36,11.15,115.65,20.02,1892.4,1.236,445.52,99.02
WELL-027,2026-01-02T15:20:00,3450.29,21.29,12.92,102.36,18.22,1848.39,1.159,480.67,99.7
WELL-027,2026-01-02T15:40:00,3467.65,23.03,10.95,114.29,14.73,1601.71,1.196,446.09,100.98
WELL-028,2026-01-01T00:00:00,1801.08,18.3,11.48,112.41,15.9,1624.66,1.21,461.02,103.01
WELL-028,2026-01-01T00:20:00,1815.67,21.32,11.05,106.45,13.75,1808.33,1.208,445.97,99.12
WELL-028,2026-01-01T00:40:00,1828.16,28.62,13.19,110.43,16.41,1795.84,1.167,446.0,96.64
WELL-028,2026-01-01T01:00:00,1841.5,20.87,9.55,105.9,14.09,1795.45,1.178,446.74,99.36
WELL-028,2026-01-01T01:20:00,1857.36,20.28,10.22,104.22,15.13,1766.05,1.173,467.14,99.98
WELL-028,2026-01-01T01:40:00,1871.4,19.08,12.49,101.25,17.79,1743.73,1.221,442.19,99.28
WELL-028,2026-01-01T02:00:00,1882.21,26.58,14.42,120.32,19.99,2047.64,1.189,430.19,98.32
WELL-028,2026-01-01T02:20:00,1899.71,19.23,11.23,109.89,15.37,1826.48,1.196,478.21,99.11
WELL-028,2026-01-01T02:40:00,1912.13,20.49,11.47,107.79,16.02,1699.86,1.131,433.27,98.4
WELL-028,2026-01-01T03:00:00,1927.1,19.95,11.77,97.11,16.54,1809.0,1.175,412.8,100.47
WELL-028,2026-01-01T03:20:00,1938.09,25.32,13.78,105.7,19.37,1820.45,1.214,452.19,100.24
WELL-028,2026-01-01T03:40:00,1954.66,25.27,13.82,126.64,15.47,1786.04,1.219,460.33,101.26
WELL-028,2026-01-01T04:00:00,1967.25,17.05,10.68,107.71,19.58,1955.24,1.213,455.4,102.06
WELL-028,2026-01-01T04:20:00,1982.54,23.37,12.51,109.64,17.45,1859.67,1.24,448.86,100.52
WELL-028,2026-01-01T04:40:00,1994.94,20.71,12.92,114.97,18.61,1845.26,1.15,456.07,101.0
WELL-028,2026-01-01T05:00:00,2010.73,20.42,12.53,113.75,13.05,1858.57,1.196,443.87,99.14
WELL-028,2026-01-01T05:20:00,2025.02,22.87,13.7,106.58,18.32,1663.0,1.18,450.33,100.07
WELL-028,2026-01-01T05:40:00,2037.09,22.39,12.94,96.04,20.33,1852.45,1.187,471.51,99.32
WELL-028,2026-01-01T06:00:00,2050.81,13.72,10.89,107.11,18.51,1906.08,1.173,480.85,101.18
WELL-028,2026-01-01T06:20:00,2065.65,16.45,10.69,130.18,15.65,1686.1,1.187,455.73,100.17
WELL-028,2026-01-01T06:40:00,2081.27,23.83,11.21,110.38,14.83,1966.55,1.228,416.02,102.07
WELL-028,2026-01-01T07:00:00,2093.32,14.15,12.12,104.2,17.06,1788.92,1.174,451.04,99.53
WELL-028,2026-01-01T07:20:00,2109.86,20.8,12.7,100.35,13.89,1826.44,1.205,442.71,99.86
WELL-028,2026-01-01T07:40:00,2121.79,23.57,11.17,117.0,15.7,1927.93,1.213,433.01,98.78
WELL-028,2026-01-01T08:00:00,2136.62,19.12,12.27,110.98,20.32,1878.56,1.235,469.65,101.01
WELL-028,2026-01-01T08:20:00,2151.45,16.05,13.03,106.66,16.15,1716.16,1.197,429.4,100.25
WELL-028,2026-01-01T08:40:00,2165.91,17.52,12.62,111.98,20.32,1740.81,1.235,434.07,98.96
WELL-028,2026-01-01T09:00:00,2177.22,25.51,12.98,115.96,18.91,1663.97,1.169,483.72,99.81
WELL-028,2026-01-01T09:20:00,2192.47,23.13,10.86,104.6,18.23,1624.48,1.233,438.86,100.28
WELL-028,2026-01-01T09:40:00,2207.81,19.1,9.98,109.19,16.79,1897.63,1.202,462.72,101.23
WELL-028,2026-01-01T10:00:00,2219.56,20.82,12.9,106.91,17.34,1743.06,1.172,433.48,98.42
WELL-028,2026-01-01T10:20:00,2233.94,17.26,11.68,105.27,18.21,1932.03,1.17,449.45,100.87
WELL-028,2026-01-01T10:40:00,2248.16,23.07,13.38,106.62,17.06,1801.59,1.2,437.81,98.82
WELL-028,2026-01-01T11:00:00,2261.75,23.28,10.05,114.53,15.51,1926.65,1.207,440.27,102.27
WELL-028,2026-01-01T11:20:00,2277.76,19.03,12.79,109.73,16.87,1793.26,1.188,435.86,98.57
WELL-028,2026-01-01T11:40:00,2289.83,17.03,13.33,121.16,16.55,1843.57,1.208,476.6,99.59
WELL-028,2026-01-01T12:00:00,2305.87,21.08,9.94,109.32,17.65,1954.28,1.223,471.33,100.3
WELL-028,2026-01-01T12:20:00,2317.44,15.64,10.39,112.23,17.55,1683.21,1.184,415.74,98.23
WELL-028,2026-01-01T12:40:00,2330.07,14.58,11.56,103.8,11.35,1715.1,1.188,404.11,98.82
WELL-028,2026-01-01T13:00:00,2344.09,15.03,9.39,104.54,17.87,1818.95,1.182,470.58,98.65
WELL-028,2026-01-01T13:20:00,2361.89,21.12,12.08,104.35,14.53,1836.01,1.209,443.1,100.24
WELL-028,2026-01-01T13:40:00,2373.48,23.19,10.15,124.26,12.64,1598.64,1.201,462.91,98.62
WELL-028,2026-01-01T14:00:00,2386.96,25.34,15.01,111.34,16.82,1709.79,1.179,451.09,99.83
WELL-028,2026-01-01T14:20:00,2400.46,20.34,10.85,124.85,14.59,1801.62,1.199,457.67,100.55
WELL-028,2026-01-01T14:40:00,2416.26,17.32,13.81,97.91,16.56,1759.08,1.207,460.08,97.91
WELL-028,2026-01-01T15:00:00,2429.83,23.76,12.26,121.51,17.2,2037.94,1.185,450.33,100.82
WELL-028,2026-01-01T15:20:00,2444.06,23.15,13.41,107.51,18.52,1686.73,1.224,473.95,100.44
WELL-028,2026-01-01T15:40:00,2456.48,18.37,11.37,119.21,17.04,1981.43,1.193,439.49,98.57
WELL-028,2026-01-01T16:00:00,2472.62,23.38,8.63,124.03,18.54,1710.34,1.2,452.13,98.04
WELL-028,2026-01-01T16:20:00,2484.6,22.27,13.1,120.66,15.45,1673.28,1.205,450.42,103.0
WELL-028,2026-01-01T16:40:00,2499.24,24.47,9.59,109.1,13.02,1804.87,1.189,465.02,98.47
WELL-028,2026-01-01T17:00:00,2515.24,18.46,10.08,102.69,15.41,1982.21,1.174,424.02,102.79
WELL-028,2026-01-01T17:20:00,2529.4,23.63,12.91,107.72,17.22,1705.09,1.14,458.47,100.15
WELL-028,2026-01-01T17:40:00,2543.32,20.73,11.39,112.76,15.8,1739.27,1.241,469.2,100.62
WELL-028,2026-01-01T18:00:00,2555.31,24.15,10.12,114.72,15.9,1845.56,1.166,504.93,98.78
WELL-028,2026-01-01T18:20:00,2568.98,23.59,12.09,118.14,14.65,1857.77,1.161,459.72,99.28
WELL-028,2026-01-01T18:40:00,2582.78,21.39,10.37,106.04,16.31,1596.83,1.151,458.18,103.31
WELL-028,2026-01-01T19:00:00,2598.85,23.68,14.37,111.32,16.06,1787.06,1.163,482.97,98.76
WELL-028,2026-01-01T19:20:00,2613.22,19.89,9.88,118.99,12.23,1894.11,1.228,444.64,98.62
WELL-028,2026-01-01T19:40:00,2624.66,19.02,12.13,111.06,19.83,1853.32,1.205,421.89,99.37
WELL-028,2026-01-01T20:00:00,2641.9,23.49,11.92,117.59,16.3,1728.38,1.185,440.43,100.41
WELL-028,2026-01-01T20:20:00,2654.14,25.1,10.71,98.48,16.32,1830.5,1.233,448.9,100.14
WELL-028,2026-01-01T20:40:00,2666.63,21.5,10.9,114.48,17.58,1808.73,1.204,458.91,101.5
WELL-028,2026-01-01T21:00:00,2683.18,19.37,12.24,91.06,15.64,1725.84,1.191,445.27,100.11
WELL-028,2026-01-01T21:20:00,2695.96,21.76,11.72,107.22,13.95,1834.27,1.19,447.21,100.75
WELL-028,2026-01-01T21:40:00,2709.0,16.66,10.0,109.16,15.55,1806.61,1.206,440.51,100.72
WELL-028,2026-01-01T22:00:00,2725.0,23.19,11.72,110.57,18.24,1723.94,1.137,429.96,102.84
WELL-028,2026-01-01T22:20:00,2736.78,23.91,10.58,116.99,18.87,1667.64,1.193,411.3,100.54
WELL-028,2026-01-01T22:40:00,2753.09,22.53,11.77,105.71,18.2,1650.32,1.204,435.73,99.44
WELL-028,2026-01-01T23:00:00,2764.93,19.65,7.92,94.77,14.63,1697.4,1.211,475.01,97.01
WELL-028,2026-01-01T23:20:00,2781.33,18.84,8.93,100.49,15.69,1874.02,1.242,428.88,101.52
WELL-028,2026-01-01T23:40:00,2793.89,20.1,13.4,119.01,14.59,1782.82,1.225,438.02,97.18
WELL-028,2026-01-02T00:00:00,2806.64,19.44,15.13,122.39,17.23,1694.4,1.204,426.44,101.25
WELL-028,2026-01-02T00:20:00,2822.76,17.87,11.26,116.95,17.24,1866.06,1.202,476.66,100.53
WELL-028,2026-01-02T00:40:00,2836.23,26.91,11.51,121.84,18.24,1669.03,1.204,450.72,98.8
WELL-028,2026-01-02T01:00:00,2848.48,23.75,9.54,112.32,13.4,1717.58,1.192,495.87,99.33
WELL-028,2026-01-02T01:20:00,2864.9,15.85,13.75,99.53,17.25,1688.91,1.179,446.41,102.06
WELL-028,2026-01-02T01:40:00,2878.23,20.59,11.56,99.5,16.97,1748.54,1.197,450.14,98.75
WELL-028,2026-01-02T02:00:00,2891.95,23.37,11.65,114.86,19.53,1622.33,1.198,428.37,98.66
WELL-028,2026-01-02T02:20:00,2904.9,22.99,13.65,113.15,17.12,1641.65,1.236,438.07,98.77
WELL-028,2026-01-02T02:40:00,2918.88,19.62,11.45,107.02,16.29,1754.22,1.216,451.87,102.48
WELL-028,2026-01-02T03:00:00,2934.21,14.37,11.11,107.2,16.49,1769.69,1.189,466.43,99.28
WELL-028,2026-01-02T03:20:00,2947.95,22.71,11.31,90.71,15.31,1824.75,1.215,478.9,99.37
WELL-028,2026-01-02T03:40:00,2960.38,20.49,11.18,102.66,17.94,1819.51,1.194,465.52,99.23
WELL-028,2026-01-02T04:00:00,2977.53,21.52,9.07,105.18,19.27,1798.45,1.189,468.79,98.7
WELL-028,2026-01-02T04:20:00,2989.88,22.93,13.93,114.33,19.88,1844.42,1.204,433.14,100.21
WELL-028,2026-01-02T04:40:00,3004.26,18.25,12.15,114.64,18.21,1826.7,1.193,462.41,98.83
WELL-028,2026-01-02T05:00:00,3017.76,21.05,11.89,111.84,14.72,1867.61,1.153,429.04,98.46
WELL-028,2026-01-02T05:20:00,3030.37,22.18,10.63,106.38,13.34,1895.59,1.177,427.06,97.48
WELL-028,2026-01-02T05:40:00,3045.36,17.73,11.15,127.3,13.2,1714.95,1.229,481.88,100.16
WELL-028,2026-01-02T06:00:00,3058.27,17.53,11.68,119.47,16.87,1688.9,1.187,431.87,99.93
WELL-028,2026-01-02T06:20:00,3073.72,23.7,12.31,112.79,18.12,1882.6,1.191,456.4,102.61
WELL-028,2026-01-02T06:40:00,3088.37,18.52,12.35,111.76,19.92,1817.44,1.259,463.54,100.47
WELL-028,2026-01-02T07:00:00,3103.34,22.86,9.33,112.27,17.47,1697.04,1.212,437.19,100.81
WELL-028,2026-01-02T07:20:00,3115.89,18.15,9.24,117.31,19.42,1687.14,1.206,427.69,100.28
WELL-028,2026-01-02T07:40:00,3131.47,22.68,12.06,117.32,20.42,1819.14,1.167,447.88,98.48
WELL-028,2026-01-02T08:00:00,3143.22,26.32,11.23,112.29,15.64,1607.18,1.206,446.55,100.24
WELL-028,2026-01-02T08:20:00,3159.79,23.28,13.74,114.07,17.19,1702.13,1.157,466.26,97.57
WELL-028,2026-01-02T08:40:00,3170.73,15.46,10.47,115.45,18.94,1830.59,1.201,461.19,98.67
WELL-028,2026-01-02T09:00:00,3186.9,23.51,9.43,102.31,18.56,1701.61,1.246,412.34,100.83
WELL-028,2026-01-02T09:20:00,3198.32,19.16,12.13,104.62,18.59,1690.1,1.18,461.89,98.51
WELL-028,2026-01-02T09:40:00,3214.3,24.14,13.02,92.59,14.47,1919.94,1.221,464.55,100.99
WELL-028,2026-01-02T10:00:00,3229.14,18.11,9.71,107.06,11.68,1761.48,1.205,493.5,100.5
WELL-028,2026-01-02T10:20:00,3241.62,23.71,9.57,119.26,14.3,1713.64,1.211,446.83,100.09
WELL-028,2026-01-02T10:40:00,3255.4,19.52,11.72,111.24,16.46,1812.63,1.203,436.72,99.34
WELL-028,2026-01-02T11:00:00,3270.64,25.95,10.67,118.47,18.51,1907.27,1.183,476.01,101.98
WELL-028,2026-01-02T11:20:00,3284.71,22.83,12.41,120.43,18.57,1969.14,1.209,444.36,101.47
WELL-028,2026-01-02T11:40:00,3297.15,21.32,9.55,109.69,19.02,1778.41,1.199,454.61,100.38
WELL-028,2026-01-02T12:00:00,3312.91,20.92,13.62,121.4,17.81,1877.87,1.209,454.99,99.23
WELL-028,2026-01-02T12:20:00,3324.06,19.35,12.42,112.79,19.67,1922.02,1.192,451.89,98.4
WELL-028,2026-01-02T12:40:00,3340.38,23.38,13.73,112.68,17.75,1724.06,1.176,456.43,98.85
WELL-028,2026-01-02T13:00:00,3355.18,20.88,10.25,108.39,14.53,1728.81,1.156,468.81,99.07
WELL-028,2026-01-02T13:20:00,3366.69,19.76,10.81,121.77,16.29,1815.29,1.174,426.44,102.04
WELL-028,2026-01-02T13:40:00,3380.03,17.94,13.73,99.4,14.88,1821.09,1.216,483.93,98.29
WELL-028,2026-01-02T14:00:00,3395.64,30.09,10.84,115.61,17.75,1804.99,1.182,479.65,99.39
WELL-028,2026-01-02T14:20:00,3410.49,23.24,14.67,106.46,18.69,1655.79,1.195,437.09,98.89
WELL-028,2026-01-02T14:40:00,3425.12,22.08,13.88,102.61,17.02,1557.33,1.208,447.2,100.08
WELL-028,2026-01-02T15:00:00,3437.52,20.37,12.83,115.05,18.39,1913.84,1.18,437.58,97.23
WELL-028,2026-01-02T15:20:00,3453.87,19.99,11.86,117.05,13.96,1647.5,1.183,470.91,100.61
WELL-028,2026-01-02T15:40:00,3467.71,23.13,11.5,108.07,15.93,1632.57,1.27,496.14,99.96
WELL-029,2026-01-01T00:00:00,1800.24,17.43,11.99,103.24,13.85,1850.0,1.219,440.69,100.34
WELL-029,2026-01-01T00:20:00,1812.02,20.88,10.92,108.9,15.87,1924.42,1.14,446.59,102.44
WELL-029,2026-01-01T00:40:00,1826.72,16.29,12.32,105.47,16.16,1880.96,1.197,426.98,100.28
WELL-029,2026-01-01T01:00:00,1843.19,18.09,11.49,117.71,17.58,1584.4,1.144,411.57,99.26
WELL-029,2026-01-01T01:20:00,1857.45,19.77,11.22,114.76,14.99,1860.98,1.247,471.61,99.4
WELL-029,2026-01-01T01:40:00,1870.38,22.74,12.51,117.68,15.1,1752.51,1.219,483.71,100.41
WELL-029,2026-01-01T02:00:00,1885.71,22.42,10.78,92.64,17.26,1922.18,1.17,488.95,98.26
WELL-029,2026-01-01T02:20:00,1897.06,18.13,11.15,124.46,16.66,1898.55,1.192,441.56,100.02
WELL-029,2026-01-01T02:40:00,1913.1,22.84,8.89,104.04,16.04,1744.51,1.178,421.46,98.68
WELL-029,2026-01-01T03:00:00,1927.83,22.6,10.63,111.24,20.93,1811.59,1.168,506.16,100.19
WELL-029,2026-01-01T03:20:00,1941.74,21.05,10.69,103.36,16.17,1797.33,1.237,440.2,99.68
WELL-029,2026-01-01T03:40:00,1952.7,18.69,11.7,103.75,15.93,1771.49,1.176,440.6,102.79
WELL-029,2026-01-01T04:00:00,1966.37,19.95,12.14,101.33,17.69,1648.43,1.187,446.28,97.35
WELL-029,2026-01-01T04:20:00,1982.64,24.76,13.34,113.38,16.6,1825.19,1.201,431.04,100.01
WELL-029,2026-01-01T04:40:00,1997.47,22.28,13.28,120.38,18.82,1756.48,1.213,467.49,99.92
WELL-029,2026-01-01T05:00:00,2011.2,21.35,13.65,103.19,17.55,1891.34,1.255,433.4,99.08
WELL-029,2026-01-01T05:20:00,2025.64,19.74,10.14,112.27,15.62,1816.11,1.218,462.09,101.39
WELL-029,2026-01-01T05:40:00,2038.18,18.69,13.22,110.9,19.05,1873.98,1.2,447.36,99.0
WELL-029,2026-01-01T06:00:00,2053.75,21.77,11.09,103.28,15.14,1812.54,1.18,450.71,100.8
WELL-029,2026-01-01T06:20:00,2067.04,24.05,10.36,123.73,17.59,1867.5,1.192,463.02,99.17
WELL-029,2026-01-01T06:40:00,2079.75,23.55,11.71,104.29,20.5,1714.76,1.22,480.24,100.48
WELL-029,2026-01-01T07:00:00,2095.06,16.58,13.12,117.76,14.13,1995.32,1.182,467.56,101.0
WELL-029,2026-01-01T07:20:00,2108.01,21.61,9.42,96.67,16.65,1744.93,1.195,451.81,100.16
WELL-029,2026-01-01T07:40:00,2121.96,20.74,11.93,110.18,19.46,1983.77,1.177,437.84,98.89
WELL-029,2026-01-01T08:00:00,2135.04,25.16,11.7,98.88,18.39,1660.62,1.251,474.52,101.44
WELL-029,2026-01-01T08:20:00,2149.93,20.46,12.75,110.36,15.09,1622.93,1.213,475.58,97.93
WELL-029,2026-01-01T08:40:00,2163.38,23.46,14.23,114.88,15.71,1760.16,1.172,440.64,99.0
WELL-029,2026-01-01T09:00:00,2176.51,28.41,13.4,111.37,13.78,1865.88,1.198,444.99,100.01
WELL-029,2026-01-01T09:20:00,2190.37,22.49,10.34,103.39,15.34,1735.55,1.166,454.57,99.13
WELL-029,2026-01-01T09:40:00,2205.42,23.34,14.46,115.05,16.79,1774.52,1.219,449.06,99.96
WELL-029,2026-01-01T10:00:00,2219.37,16.15,12.64,105.47,16.33,1674.54,1.211,457.04,103.22
WELL-029,2026-01-01T10:20:00,2232.51,22.14,9.67,111.73,13.05,1627.56,1.192,476.07,100.55
WELL-029,2026-01-01T10:40:00,2247.45,20.95,10.43,117.84,16.04,1774.78,1.172,439.08,101.56
WELL-029,2026-01-01T11:00:00,2263.75,21.13,12.01,109.85,15.96,1888.26,1.192,424.08,99.32
WELL-029,2026-01-01T11:20:00,2277.77,27.33,12.37,108.31,20.83,1673.44,1.173,420.15,98.83
WELL-029,2026-01-01T11:40:00,2288.94,25.81,16.43,116.78,18.56,1821.51,1.197,460.27,101.99
WELL-029,2026-01-01T12:00:00,2303.94,25.57,11.82,115.99,22.6,1679.43,1.198,440.28,100.12
WELL-029,2026-01-01T12:20:00,2316.61,15.56,11.64,104.47,18.56,1876.12,1.221,504.65,101.17
WELL-029,2026-01-01T12:40:00,2330.25,22.25,11.44,104.67,15.97,1882.2,1.16,458.59,102.65
WELL-029,2026-01-01T13:00:00,2345.55,17.07,11.14,117.47,14.23,1622.66,1.248,468.42,102.0
WELL-029,2026-01-01T13:20:00,2361.16,18.4,10.75,122.5,18.43,1786.09,1.186,451.92,98.06
WELL-029,2026-01-01T13:40:00,2372.26,14.15,12.48,102.92,20.54,1877.28,1.2,452.29,103.88
WELL-029,2026-01-01T14:00:00,2388.43,19.67,12.38,110.39,17.31,1970.9,1.165,435.83,100.33
WELL-029,2026-01-01T14:20:00,2403.87,18.76,11.75,111.07,14.53,1769.23,1.172,465.86,101.24
WELL-029,2026-01-01T14:40:00,2414.96,17.19,13.41,108.85,18.92,1756.64,1.219,431.64,99.46
WELL-029,2026-01-01T15:00:00,2429.51,22.49,13.3,96.36,15.57,1873.0,1.179,466.45,105.22
WELL-029,2026-01-01T15:20:00,2445.47,23.36,14.82,92.76,18.51,1693.16,1.204,402.26,101.07
WELL-029,2026-01-01T15:40:00,2456.81,19.45,12.04,95.1,21.87,1732.48,1.207,431.14,96.98
WELL-029,2026-01-01T16:00:00,2472.99,26.13,10.48,112.35,14.11,1891.85,1.178,445.54,101.65
WELL-029,2026-01-01T16:20:00,2487.83,24.4,12.72,110.85,14.25,1709.43,1.187,453.07,101.46
WELL-029,2026-01-01T16:40:00,2498.14,21.25,11.93,109.24,17.01,2000.8,1.152,467.96,100.45
WELL-029,2026-01-01T17:00:00,2515.04,18.45,11.42,118.98,18.52,1811.74,1.183,505.87,101.68
WELL-029,2026-01-01T17:20:00,2529.72,25.1,13.67,111.06,19.83,1733.2,1.284,474.22,100.12
WELL-029,2026-01-01T17:40:00,2542.84,22.47,12.37,108.18,22.41,1996.82,1.187,415.38,101.16
WELL-029,2026-01-01T18:00:00,2556.35,22.79,10.24,108.16,17.4,1842.91,1.19,470.13,100.66
WELL-029,2026-01-01T18:20:00,2568.81,28.65,9.57,115.75,16.53,1912.83,1.228,434.76,101.18
WELL-029,2026-01-01T18:40:00,2584.34,25.03,11.96,122.23,17.1,1855.36,1.197,468.6,100.54
WELL-029,2026-01-01T19:00:00,2596.46,21.04,13.04,120.99,17.77,1812.55,1.21,464.09,98.59
WELL-029,2026-01-01T19:20:00,2612.45,20.44,11.88,111.79,15.36,1954.29,1.2,433.17,101.23
WELL-029,2026-01-01T19:40:00,2626.75,17.48,9.99,107.33,11.1,1709.78,1.168,460.74,100.34
WELL-029,2026-01-01T20:00:00,2639.83,23.11,11.7,109.59,19.17,1831.41,1.193,489.24,98.11
WELL-029,2026-01-01T20:20:00,2652.38,22.16,11.86,118.91,18.17,1622.61,1.222,433.45,98.45
WELL-029,2026-01-01T20:40:00,2669.02,25.32,11.52,120.09,15.34,1820.82,1.158,438.64,98.95
WELL-029,2026-01-01T21:00:00,2683.61,30.23,14.82,117.85,15.66,1625.52,1.188,442.03,98.99
WELL-029,2026-01-01T21:20:00,2694.18,24.8,12.22,115.28,19.02,1665.35,1.209,445.8,101.54
WELL-029,2026-01-01T21:40:00,2710.41,21.2,10.55,123.87,17.02,1631.85,1.223,442.22,103.21
WELL-029,2026-01-01T22:00:00,2724.75,17.39,11.72,108.87,13.4,1729.01,1.224,439.42,99.8
WELL-029,2026-01-01T22:20:00,2737.84,23.72,10.42,103.12,14.8,1757.9,1.23,446.93,98.88
WELL-029,2026-01-01T22:40:00,2753.98,21.05,13.85,115.01,18.71,2001.82,1.217,459.6,99.84
WELL-029,2026-01-01T23:00:00,2764.89,25.79,14.67,118.95,17.35,1808.66,1.223,455.36,102.09
WELL-029,2026-01-01T23:20:00,2778.25,21.05,12.31,104.78,16.79,1812.51,1.201,453.3,98.55
WELL-029,2026-01-01T23:40:00,2794.06,21.5,13.35,112.05,14.89,1859.29,1.214,493.64,98.81
WELL-029,2026-01-02T00:00:00,2808.67,20.66,12.09,121.62,19.55,1631.37,1.202,437.51,101.34
WELL-029,2026-01-02T00:20:00,2820.84,19.04,11.01,105.99,20.41,1908.09,1.21,464.93,101.4
WELL-029,2026-01-02T00:40:00,2834.01,18.86,13.89,105.45,12.92,1926.05,1.177,450.8,100.66
WELL-029,2026-01-02T01:00:00,2849.17,24.34,12.95,102.84,13.18,1936.83,1.182,476.24,98.46
WELL-029,2026-01-02T01:20:00,2862.89,20.34,11.64,112.83,22.2,1934.95,1.179,452.76,102.0
WELL-029,2026-01-02T01:40:00,2877.08,20.31,10.96,130.41,16.67,1926.33,1.19,429.41,99.0
WELL-029,2026-01-02T02:00:00,2892.63,18.69,10.71,101.05,17.63,1908.92,1.209,429.87,100.4
WELL-029,2026-01-02T02:20:00,2907.25,22.54,10.91,124.04,17.09,1937.38,1.198,478.53,100.65
WELL-029,2026-01-02T02:40:00,2918.93,22.51,11.9,105.2,14.43,1780.55,1.207,458.0,99.97
WELL-029,2026-01-02T03:00:00,2933.44,19.83,10.85,113.44,17.29,1914.73,1.191,459.76,102.09
WELL-029,2026-01-02T03:20:00,2949.85,22.25,12.7,107.4,13.48,1684.48,1.197,437.87,99.22
WELL-029,2026-01-02T03:40:00,2962.53,20.13,8.42,110.48,17.42,1694.43,1.264,456.55,96.7
WELL-029,2026-01-02T04:00:00,2977.67,19.99,11.32,106.61,17.7,1672.74,1.178,442.8,102.48
WELL-029,2026-01-02T04:20:00,2989.27,18.1,13.71,98.17,20.28,1743.59,1.213,451.73,100.75
WELL-029,2026-01-02T04:40:00,3005.01,19.43,11.57,117.31,14.26,1744.75,1.192,425.49,100.68
WELL-029,2026-01-02T05:00:00,3017.53,20.4,11.55,116.12,16.31,1873.83,1.225,459.03,96.88
WELL-029,2026-01-02T05:20:00,3032.25,23.8,11.24,109.61,19.62,1795.54,1.232,480.49,101.11
WELL-029,2026-01-02T05:40:00,3047.51,21.88,10.56,118.91,17.2,1873.93,1.224,411.68,97.62
WELL-029,2026-01-02T06:00:00,3059.75,16.4,10.33,103.72,16.17,1759.39,1.231,451.84,99.57
WELL-029,2026-01-02T06:20:00,3074.33,24.01,11.2,103.53,13.93,1618.56,1.232,470.47,100.63
WELL-029,2026-01-02T06:40:00,3089.28,22.19,13.28,110.22,15.95,1786.02,1.195,436.63,98.99
WELL-029,2026-01-02T07:00:00,3100.24,19.51,12.31,108.61,15.87,1944.16,1.197,480.71,101.64
WELL-029,2026-01-02T07:20:00,3114.57,21.06,10.06,92.06,14.09,1860.07,1.2,442.66,98.33
WELL-029,2026-01-02T07:40:00,3128.27,20.67,11.0,117.66,17.86,1888.04,1.174,453.92,98.41
WELL-029,2026-01-02T08:00:00,3143.94,20.05,14.47,107.33,17.97,1797.95,1.206,466.0,101.07
WELL-029,2026-01-02T08:20:00,3157.48,21.4,11.3,114.01,18.89,1846.86,1.198,449.28,100.83
WELL-029,2026-01-02T08:40:00,3172.05,21.05,9.89,95.27,12.13,1866.19,1.188,461.83,102.53
WELL-029,2026-01-02T09:00:00,3184.59,19.27,12.15,108.96,15.58,1795.61,1.185,429.9,98.98
WELL-029,2026-01-02T09:20:00,3198.75,21.04,14.52,94.14,18.63,1613.04,1.212,460.28,99.66
WELL-029,2026-01-02T09:40:00,3212.79,21.24,11.14,95.96,21.46,1698.44,1.201,440.24,97.89
WELL-029,2026-01-02T10:00:00,3228.2,25.8,13.68,108.9,16.54,1761.81,1.219,429.08,98.09
WELL-029,2026-01-02T10:20:00,3241.05,21.29,10.7,117.82,18.53,1752.44,1.219,465.4,98.37
WELL-029,2026-01-02T10:40:00,3256.74,23.07,11.6,111.5,16.63,1799.52,1.179,491.37,99.06
WELL-029,2026-01-02T11:00:00,3271.89,22.04,12.34,109.84,16.11,1865.81,1.233,442.33,96.97
WELL-029,2026-01-02T11:20:00,3282.91,25.31,11.47,111.76,18.22,1814.4,1.178,464.1,100.59
WELL-029,2026-01-02T11:40:00,3296.57,23.62,13.25,110.14,18.65,1759.19,1.208,458.96,97.46
WELL-029,2026-01-02T12:00:00,3313.33,19.76,11.57,102.87,15.16,1795.81,1.211,443.1,101.72
WELL-029,2026-01-02T12:20:00,3325.3,23.42,12.32,101.17,19.97,1717.01,1.176,469.86,100.68
WELL-029,2026-01-02T12:40:00,3339.94,22.08,15.34,94.29,16.36,1753.7,1.175,424.72,101.75
WELL-029,2026-01-02T13:00:00,3352.04,20.95,15.32,101.77,15.76,1854.56,1.173,442.89,97.53
WELL-029,2026-01-02T13:20:00,3366.25,25.25,12.61,113.86,19.54,1725.1,1.182,458.91,100.66
WELL-029,2026-01-02T13:40:00,3381.41,21.17,11.95,98.7,15.59,1752.32,1.156,435.99,99.77
WELL-029,2026-01-02T14:00:00,3397.53,20.16,11.37,106.94,16.06,1752.22,1.204,434.23,99.91
WELL-029,2026-01-02T14:20:00,3411.26,21.56,12.53,123.61,14.89,2030.07,1.241,467.22,102.01
WELL-029,2026-01-02T14:40:00,3425.45,20.18,11.18,111.27,12.43,1649.95,1.232,478.86,101.08
WELL-029,2026-01-02T15:00:00,3438.78,25.94,10.87,109.94,15.28,1684.31,1.204,432.78,98.55
WELL-029,2026-01-02T15:20:00,3452.42,14.67,10.1,102.66,18.92,1754.08,1.218,446.8,98.81
WELL-029,2026-01-02T15:40:00,3466.92,18.77,11.07,104.77,14.17,1769.82,1.183,469.28,101.35
WELL-030,2026-01-01T00:00:00,1798.18,23.07,11.01,114.34,16.28,1652.61,1.204,477.63,100.06
WELL-030,2026-01-01T00:20:00,1812.29,22.15,10.42,108.27,20.48,1770.63,1.226,474.69,102.99
WELL-030,2026-01-01T00:40:00,1828.41,15.85,8.91,101.01,18.57,1881.38,1.212,464.54,99.23
WELL-030,2026-01-01T01:00:00,1840.1,24.7,13.1,108.94,16.02,1857.27,1.196,439.17,99.4
WELL-030,2026-01-01T01:20:00,1857.11,16.9,12.83,109.32,14.46,1790.42,1.222,493.26,102.08
WELL-030,2026-01-01T01:40:00,1868.42,19.12,14.04,96.23,17.99,1896.44,1.178,460.7,98.85
WELL-030,2026-01-01T02:00:00,1884.83,21.57,13.19,131.75,16.71,1740.58,1.161,455.51,102.39
WELL-030,2026-01-01T02:20:00,1897.02,20.66,11.61,100.3,12.69,1898.48,1.218,433.18,100.34
WELL-030,2026-01-01T02:40:00,1912.97,17.43,12.8,107.31,17.01,1809.35,1.186,459.43,100.44
WELL-030,2026-01-01T03:00:00,1927.86,20.67,8.77,100.66,18.43,1900.97,1.221,437.4,102.15
WELL-030,2026-01-01T03:20:00,1940.27,25.12,12.92,98.02,18.32,1759.73,1.192,446.51,103.17
WELL-030,2026-01-01T03:40:00,1953.41,18.43,12.17,105.24,15.42,1790.9,1.196,474.25,99.62
WELL-030,2026-01-01T04:00:00,1967.19,23.44,12.35,107.38,15.25,1858.55,1.238,453.23,101.66
WELL-030,2026-01-01T04:20:00,1982.13,21.71,12.36,108.61,16.52,1887.62,1.253,461.51,101.24
WELL-030,2026-01-01T04:40:00,1997.62,21.23,12.03,116.32,17.17,1727.02,1.201,471.68,101.46
WELL-030,2026-01-01T05:00:00,2011.85,29.43,12.71,105.17,16.77,1804.89,1.223,449.25,101.68
WELL-030,2026-01-01T05:20:00,2023.84,17.79,10.99,112.5,15.16,1515.1,1.219,457.19,99.01
WELL-030,2026-01-01T05:40:00,2036.98,19.82,13.05,97.0,17.56,1813.96,1.228,471.11,101.71
WELL-030,2026-01-01T06:00:00,2053.82,20.07,11.54,110.42,18.16,1828.66,1.199,413.94,102.88
WELL-030,2026-01-01T06:20:00,2067.39,27.31,12.44,116.25,15.79,1745.03,1.166,450.34,100.61
WELL-030,2026-01-01T06:40:00,2081.12,22.63,12.24,100.15,16.48,1780.55,1.175,451.69,97.44
WELL-030,2026-01-01T07:00:00,2093.66,20.59,11.56,113.91,14.95,1931.39,1.175,451.49,102.97
WELL-030,2026-01-01T07:20:00,2109.27,20.93,10.96,114.93,16.0,1863.89,1.219,397.22,101.01
WELL-030,2026-01-01T07:40:00,2122.72,20.4,10.93,113.76,20.94,1836.43,1.203,449.77,101.34
WELL-030,2026-01-01T08:00:00,2137.97,24.46,11.92,103.35,18.52,1761.57,1.183,421.98,98.91
WELL-030,2026-01-01T08:20:00,2151.56,21.68,11.96,113.49,19.81,1691.85,1.15,442.59,102.55
WELL-030,2026-01-01T08:40:00,2165.98,17.75,10.49,103.63,15.9,1759.47,1.23,461.67,100.87
WELL-030,2026-01-01T09:00:00,2178.21,19.89,11.54,96.02,19.5,1694.31,1.176,476.75,101.26
WELL-030,2026-01-01T09:20:00,2190.39,20.43,11.55,112.79,18.03,1851.55,1.186,417.1,98.89
WELL-030,2026-01-01T09:40:00,2207.64,17.48,12.76,121.17,14.98,1914.76,1.222,470.4,99.1
WELL-030,2026-01-01T10:00:00,2218.75,15.77,11.89,95.58,14.81,1848.95,1.228,433.02,98.99
WELL-030,2026-01-01T10:20:00,2235.11,19.98,11.46,123.21,15.35,1846.09,1.203,434.37,100.23
WELL-030,2026-01-01T10:40:00,2249.44,15.35,12.35,116.32,19.14,1785.17,1.168,417.7,98.47
WELL-030,2026-01-01T11:00:00,2262.15,18.85,11.39,100.96,16.41,1634.68,1.244,448.63,99.85
WELL-030,2026-01-01T11:20:00,2276.46,17.15,13.43,119.46,16.27,2073.66,1.225,459.43,99.27
WELL-030,2026-01-01T11:40:00,2291.71,19.68,10.45,92.88,19.18,1753.85,1.186,473.11,104.82
WELL-030,2026-01-01T12:00:00,2305.66,21.51,10.79,116.71,15.73,1868.91,1.189,493.76,100.97
WELL-030,2026-01-01T12:20:00,2316.85,23.31,13.55,117.66,19.48,1880.58,1.205,442.6,102.38
WELL-030,2026-01-01T12:40:00,2331.05,22.71,11.01,111.37,18.13,1769.08,1.191,418.47,99.34
WELL-030,2026-01-01T13:00:00,2344.78,22.7,12.08,118.35,15.17,1769.15,1.182,413.32,98.88
WELL-030,2026-01-01T13:20:00,2361.01,20.9,10.64,123.32,18.03,1942.65,1.211,437.56,100.26
WELL-030,2026-01-01T13:40:00,2374.43,22.71,12.06,105.18,17.81,1663.6,1.172,482.85,100.89
WELL-030,2026-01-01T14:00:00,2387.02,16.27,11.38,105.77,16.64,1792.37,1.189,452.03,99.36
WELL-030,2026-01-01T14:20:00,2402.25,23.69,12.42,94.87,18.81,1671.9,1.217,472.75,96.62
WELL-030,2026-01-01T14:40:00,2415.33,21.21,10.99,97.98,21.1,1709.29,1.201,486.92,99.45
WELL-030,2026-01-01T15:00:00,2428.87,20.66,12.91,106.91,18.03,1778.47,1.216,431.17,101.94
WELL-030,2026-01-01T15:20:00,2443.42,21.57,12.34,106.14,19.29,1727.41,1.257,481.27,99.94
WELL-030,2026-01-01T15:40:00,2459.47,23.98,13.49,115.94,18.29,1759.68,1.238,435.02,96.43
WELL-030,2026-01-01T16:00:00,2472.36,18.3,10.45,99.8,17.39,1730.15,1.173,427.77,98.94
WELL-030,2026-01-01T16:20:00,2486.12,20.4,11.63,119.47,19.03,1993.75,1.173,395.48,100.84
WELL-030,2026-01-01T16:40:00,2498.28,20.45,12.27,107.74,17.55,1618.41,1.216,464.51,100.2
WELL-030,2026-01-01T17:00:00,2514.25,26.01,12.12,117.38,19.95,1952.82,1.229,421.07,99.12
WELL-030,2026-01-01T17:20:00,2529.88,16.68,11.31,110.55,19.88,1730.65,1.216,466.14,101.59
WELL-030,2026-01-01T17:40:00,2543.5,14.74,11.35,112.03,16.41,1933.9,1.245,439.76,99.26
WELL-030,2026-01-01T18:00:00,2556.12,20.73,11.47,125.45,15.5,1736.8,1.236,464.75,102.8
WELL-030,2026-01-01T18:20:00,2570.91,17.25,9.74,100.66,17.08,1744.9,1.173,466.02,95.95
WELL-030,2026-01-01T18:40:00,2584.43,20.27,12.64,98.52,14.81,1857.56,1.172,473.01,101.7
WELL-030,2026-01-01T19:00:00,2599.67,25.26,13.22,112.02,18.74,1965.48,1.221,429.86,99.1
WELL-030,2026-01-01T19:20:00,2613.89,19.74,16.25,102.08,18.19,1722.52,1.181,461.17,98.78
WELL-030,2026-01-01T19:40:00,2625.6,23.97,11.44,87.3,17.18,1720.33,1.158,436.51,101.92
WELL-030,2026-01-01T20:00:00,2639.96,23.25,10.34,98.02,17.98,1736.79,1.196,481.58,101.88
WELL-030,2026-01-01T20:20:00,2652.92,24.95,11.15,120.06,16.87,1733.27,1.172,440.95,100.69
WELL-030,2026-01-01T20:40:00,2668.88,26.98,11.72,98.53,16.1,1649.85,1.216,473.0,98.89
WELL-030,2026-01-01T21:00:00,2680.05,17.53,12.67,112.04,19.02,1992.47,1.233,443.44,100.89
WELL-030,2026-01-01T21:20:00,2694.21,17.6,11.3,111.76,18.44,1893.63,1.188,427.25,101.94
WELL-030,2026-01-01T21:40:00,2710.13,16.63,15.23,118.19,15.95,1792.27,1.197,444.51,98.28
WELL-030,2026-01-01T22:00:00,2722.99,23.0,10.42,107.64,17.24,1725.89,1.165,429.64,98.42
WELL-030,2026-01-01T22:20:00,2736.05,20.95,11.02,110.94,19.27,1814.08,1.189,447.98,100.31
WELL-030,2026-01-01T22:40:00,2752.36,15.09,10.74,100.88,18.33,1790.73,1.211,423.72,99.09
WELL-030,2026-01-01T23:00:00,2766.68,20.44,13.86,105.8,20.39,1991.84,1.214,429.45,99.53
WELL-030,2026-01-01T23:20:00,2778.3,17.26,11.56,104.21,18.51,1751.54,1.17,451.57,101.5
WELL-030,2026-01-01T23:40:00,2795.21,22.7,13.4,119.65,15.7,1784.11,1.182,448.47,99.44
WELL-030,2026-01-02T00:00:00,2806.25,25.64,12.29,112.31,15.12,1835.62,1.211,448.59,98.28
WELL-030,2026-01-02T00:20:00,2823.11,23.2,12.3,101.29,16.76,1706.68,1.187,464.64,101.62
WELL-030,2026-01-02T00:40:00,2834.09,23.74,12.75,114.17,15.4,1641.14,1.219,436.72,98.07
WELL-030,2026-01-02T01:00:00,2848.59,22.94,13.39,117.04,17.95,1713.12,1.225,483.69,99.73
WELL-030,2026-01-02T01:20:00,2865.49,24.49,10.63,124.82,15.5,1780.61,1.195,466.58,98.45
WELL-030,2026-01-02T01:40:00,2877.9,20.94,11.14,96.3,16.03,1921.88,1.197,443.92,97.36
WELL-030,2026-01-02T02:00:00,2893.13,26.2,10.89,115.77,16.59,1626.53,1.201,431.42,99.65
WELL-030,2026-01-02T02:20:00,2906.61,24.02,13.82,101.0,17.06,1753.39,1.197,497.68,97.36
WELL-030,2026-01-02T02:40:00,2919.52,18.84,12.69,109.38,16.12,1716.26,1.245,448.06,101.2
WELL-030,2026-01-02T03:00:00,2935.6,16.28,11.62,107.76,18.66,1764.16,1.17,476.87,101.6
WELL-030,2026-01-02T03:20:00,2946.5,25.43,11.98,103.55,17.14,1795.41,1.184,458.66,100.49
WELL-030,2026-01-02T03:40:00,2962.01,17.27,7.79,99.62,17.32,1907.45,1.206,449.04,101.48
WELL-030,2026-01-02T04:00:00,2975.89,21.25,12.04,91.62,16.26,1878.94,1.227,478.43,98.23
WELL-030,2026-01-02T04:20:00,2989.64,21.27,14.93,114.63,11.54,1849.88,1.208,466.54,104.2
WELL-030,2026-01-02T04:40:00,3005.25,23.54,12.0,105.75,20.54,1772.82,1.19,442.31,99.26
WELL-030,2026-01-02T05:00:00,3016.99,22.17,13.35,123.37,16.12,1859.38,1.248,429.54,96.95
WELL-030,2026-01-02T05:20:00,3031.48,20.26,13.23,118.17,17.93,1944.86,1.194,445.85,98.08
WELL-030,2026-01-02T05:40:00,3046.93,22.98,10.96,111.25,16.56,1713.42,1.231,430.69,101.15
WELL-030,2026-01-02T06:00:00,3058.48,21.51,12.84,119.57,14.63,1713.7,1.179,455.01,98.62
WELL-030,2026-01-02T06:20:00,3073.73,21.08,13.06,113.71,20.22,1956.42,1.207,437.82,99.79
WELL-030,2026-01-02T06:40:00,3088.46,17.09,13.12,112.5,19.89,2023.63,1.193,470.96,99.99
WELL-030,2026-01-02T07:00:00,3102.91,18.99,12.07,112.54,18.76,1940.33,1.164,419.49,101.42
WELL-030,2026-01-02T07:20:00,3115.55,17.54,9.83,117.79,20.46,1887.9,1.217,429.94,98.67
WELL-030,2026-01-02T07:40:00,3129.53,23.4,12.47,111.84,17.07,1842.02,1.206,468.16,101.98
WELL-030,2026-01-02T08:00:00,3143.73,16.39,11.73,118.99,17.12,1899.0,1.217,441.52,100.87
WELL-030,2026-01-02T08:20:00,3158.89,21.89,11.88,110.09,16.25,1711.74,1.184,437.11,103.68
WELL-030,2026-01-02T08:40:00,3172.29,20.0,11.68,111.59,14.28,1861.29,1.18,446.57,98.56
WELL-030,2026-01-02T09:00:00,3186.0,20.75,12.69,107.3,16.07,1802.16,1.25,442.7,99.81
WELL-030,2026-01-02T09:20:00,3198.98,22.06,10.59,101.64,14.98,1836.33,1.182,465.15,99.28
WELL-030,2026-01-02T09:40:00,3215.02,19.24,12.53,105.27,14.9,1672.91,1.215,439.45,100.06
WELL-030,2026-01-02T10:00:00,3228.28,22.06,11.7,112.02,18.13,1823.71,1.17,490.75,102.22
WELL-030,2026-01-02T10:20:00,3242.17,22.79,14.07,100.93,17.3,1928.61,1.189,442.83,97.61
WELL-030,2026-01-02T10:40:00,3255.02,16.95,11.17,105.99,17.45,1802.1,1.206,460.52,99.43
WELL-030,2026-01-02T11:00:00,3269.01,20.5,10.76,118.47,17.07,1732.55,1.235,465.93,101.22
WELL-030,2026-01-02T11:20:00,3284.17,21.74,15.9,130.14,17.07,1712.64,1.214,480.63,95.74
WELL-030,2026-01-02T11:40:00,3296.43,22.32,13.4,113.01,15.69,1795.51,1.214,455.11,100.63
WELL-030,2026-01-02T12:00:00,3313.11,23.04,13.98,101.44,15.25,1937.01,1.215,388.18,102.03
WELL-030,2026-01-02T12:20:00,3326.77,23.01,10.85,116.58,19.81,1741.26,1.202,424.82,99.38
WELL-030,2026-01-02T12:40:00,3341.01,20.31,8.83,100.42,18.57,1623.96,1.19,459.49,99.67
WELL-030,2026-01-02T13:00:00,3355.77,21.08,13.25,118.28,16.73,1802.36,1.209,456.83,100.07
WELL-030,2026-01-02T13:20:00,3368.49,17.38,9.49,105.73,17.28,1652.56,1.212,452.99,98.55
WELL-030,2026-01-02T13:40:00,3381.23,19.75,14.52,102.35,17.62,1859.09,1.169,487.84,100.15
WELL-030,2026-01-02T14:00:00,3395.13,17.89,14.81,122.12,15.17,1904.45,1.202,465.29,100.89
WELL-030,2026-01-02T14:20:00,3410.31,18.03,10.59,117.32,15.46,1867.03,1.208,430.9,99.36
WELL-030,2026-01-02T14:40:00,3422.55,16.71,9.53,124.93,14.03,1826.45,1.149,504.37,97.62
WELL-030,2026-01-02T15:00:00,3439.88,19.2,11.44,109.34,16.75,1888.93,1.198,470.82,100.96
WELL-030,2026-01-02T15:20:00,3450.74,21.33,10.0,123.11,17.14,1696.53,1.188,472.84,100.31
WELL-030,2026-01-02T15:40:00,3464.66,23.95,11.25,110.19,17.68,1850.7,1.206,424.03,103.34
